# MagicaVoxel @ Ephtracy

# group
o 

# material
mtllib magic potion and a pot.mtl
usemtl palette

# normals
vn -1 0 0
vn 1 0 0
vn 0 0 1
vn 0 0 -1
vn 0 -1 0
vn 0 1 0

# texcoords
vt 0.263672 0.5
vt 0.357422 0.5
vt 0.654297 0.5
vt 0.720703 0.5
vt 0.767578 0.5
vt 0.771484 0.5
vt 0.958984 0.5
vt 0.962891 0.5
vt 0.990234 0.5
vt 0.994141 0.5

# verts
v -3.8 4.6 3.2
v -3.8 4.6 -3.2
v -3.8 4.8 3.2
v -3.8 4.8 -3.2
v -3.8 4.9 3.2
v -3.8 4.9 -3.2
v -3.7 4.4 3.6
v -3.7 4.4 -3.8
v -3.7 4.6 3.2
v -3.7 4.6 -3.2
v -3.7 4.8 3.6
v -3.7 4.8 3.2
v -3.7 4.8 -3.2
v -3.7 4.8 -3.8
v -3.6 4.2 3.5
v -3.6 4.2 -3.3
v -3.6 4.2 -3.6
v -3.6 4.2 -3.7
v -3.6 4.4 3.5
v -3.6 4.4 -3.3
v -3.6 4.4 -3.6
v -3.6 4.4 -3.7
v -3.5 4 3.4
v -3.5 4 -3.2
v -3.5 4 -3.5
v -3.5 4 -3.6
v -3.5 4.2 3.4
v -3.5 4.2 -3.2
v -3.5 4.2 -3.3
v -3.5 4.2 -3.5
v -3.5 4.2 -3.6
v -3.4 3.8 3.3
v -3.4 3.8 -3.1
v -3.4 3.8 -3.4
v -3.4 3.8 -3.5
v -3.4 3.9 -3.1
v -3.4 3.9 -3.2
v -3.4 4 3.3
v -3.4 4 -3.2
v -3.4 4 -3.4
v -3.4 4 -3.5
v -3.3 3.6 3.2
v -3.3 3.6 -3
v -3.3 3.6 -3.4
v -3.3 3.8 3.2
v -3.3 3.8 -3
v -3.3 3.8 -3.1
v -3.3 3.8 -3.4
v -3.2 3.4 3.1
v -3.2 3.4 -2.8
v -3.2 3.4 -3.2
v -3.2 3.4 -3.3
v -3.2 3.6 3.1
v -3.2 3.6 -2.8
v -3.2 3.6 -3
v -3.2 3.6 -3.2
v -3.2 3.6 -3.3
v -3.2 4.6 3.7
v -3.2 4.6 3.6
v -3.2 4.6 -3.8
v -3.2 4.6 -3.9
v -3.2 4.8 3.7
v -3.2 4.8 3.6
v -3.2 4.8 3.2
v -3.2 4.8 -3.2
v -3.2 4.8 -3.8
v -3.2 4.8 -3.9
v -3.2 4.9 3.7
v -3.2 4.9 3.2
v -3.2 4.9 -3.2
v -3.2 4.9 -3.9
v -3.1 3.2 3
v -3.1 3.2 -2.8
v -3.1 3.2 -3.1
v -3.1 3.2 -3.2
v -3.1 3.4 3
v -3.1 3.4 -2.8
v -3.1 3.4 -3.1
v -3.1 3.4 -3.2
v -3 3 2.9
v -3 3 -2.7
v -3 3 -3
v -3 3 -3.1
v -3 3.2 2.9
v -3 3.2 -2.7
v -3 3.2 -2.8
v -3 3.2 -3
v -3 3.2 -3.1
v -2.9 2.8 2.8
v -2.9 2.8 -2.6
v -2.9 2.8 -2.9
v -2.9 2.8 -3
v -2.9 3 2.8
v -2.9 3 -2.6
v -2.9 3 -2.7
v -2.9 3 -2.9
v -2.9 3 -3
v -2.8 2.6 2.7
v -2.8 2.6 -2.5
v -2.8 2.6 -2.9
v -2.8 2.8 2.7
v -2.8 2.8 -2.5
v -2.8 2.8 -2.6
v -2.8 2.8 -2.9
v -2.7 2.4 2.6
v -2.7 2.4 -2.4
v -2.7 2.4 -2.6
v -2.7 2.4 -2.8
v -2.7 2.6 2.6
v -2.7 2.6 -2.4
v -2.7 2.6 -2.5
v -2.7 2.6 -2.6
v -2.7 2.6 -2.8
v -2.6 2.2 2.5
v -2.6 2.2 -2.7
v -2.6 2.4 2.5
v -2.6 2.4 -2.4
v -2.6 2.4 -2.6
v -2.6 2.4 -2.7
v -2.5 2 2.4
v -2.5 2 -2.5
v -2.5 2 -2.6
v -2.5 2.1 -2.5
v -2.5 2.1 -2.6
v -2.5 2.2 2.4
v -2.5 2.2 -2.5
v -2.5 2.2 -2.6
v -2.2 1.9 2.2
v -2.2 1.9 -2.4
v -2.2 1.9 -2.5
v -2.2 2 2.2
v -2.2 2 -2.2
v -2.2 2 -2.4
v -2.2 2 -2.5
v -2.1 1.1 -1
v -2.1 1.1 -2
v -2.1 1.9 -1
v -2.1 1.9 -2
v -2.1 4 0.1
v -2.1 4 -0.0999999
v -2.1 4.1 1.3
v -2.1 4.1 1.1
v -2.1 4.1 0.1
v -2.1 4.1 -0.0999999
v -2.1 4.3 1.3
v -2.1 4.3 1.1
v -2 1.1 2
v -2 1.1 1
v -2 1.9 2
v -2 1.9 1
v -2 4.1 1.5
v -2 4.1 1.3
v -2 4.3 1.5
v -2 4.3 1.3
v -1.9 3 2
v -1.9 3 1.6
v -1.9 3 1.5
v -1.9 3 0.5
v -1.9 3 -0.6
v -1.9 3 -1.8
v -1.9 3 -1.9
v -1.9 3.1 2
v -1.9 3.1 1.6
v -1.9 3.1 1.5
v -1.9 3.1 -1.9
v -1.9 4.1 1.6
v -1.9 4.1 1.5
v -1.9 4.3 1.6
v -1.9 4.3 1.5
v -1.8 4.1 1.7
v -1.8 4.1 1.6
v -1.8 4.3 1.7
v -1.8 4.3 1.6
v -1.6 4 -2.1
v -1.6 4 -2.2
v -1.6 4.1 1.8
v -1.6 4.1 1.7
v -1.6 4.1 -2.1
v -1.6 4.1 -2.2
v -1.6 4.3 1.8
v -1.6 4.3 1.7
v -1 4 -0.9
v -1 4 -1
v -1 4 -1.5
v -1 4 -1.6
v -1 4.1 1.6
v -1 4.1 1.5
v -1 4.1 1.4
v -1 4.1 1
v -1 4.1 0.8
v -1 4.1 0.7
v -1 4.1 -0.9
v -1 4.1 -1
v -1 4.1 -1.5
v -1 4.1 -1.6
v -1 4.2 1.6
v -1 4.2 1.4
v -1 4.2 1
v -1 4.2 0.7
v -0.9 3 -1.9
v -0.9 3 -2
v -0.9 3.1 -1.9
v -0.9 3.1 -2
v -0.9 4 0.3
v -0.9 4 0.2
v -0.9 4 -0.6
v -0.9 4 -0.8
v -0.9 4 -0.9
v -0.9 4 -1.1
v -0.9 4 -1.2
v -0.9 4 -1.4
v -0.9 4 -1.5
v -0.9 4.1 1.1
v -0.9 4.1 1
v -0.9 4.1 0.3
v -0.9 4.1 0.2
v -0.9 4.1 -0.6
v -0.9 4.1 -0.8
v -0.9 4.1 -0.9
v -0.9 4.1 -1.1
v -0.9 4.1 -1.2
v -0.9 4.1 -1.4
v -0.9 4.1 -1.5
v -0.9 4.2 1.1
v -0.9 4.2 1
v -0.9 4.2 -0.8
v -0.9 4.2 -0.9
v -0.799999 4 0.1
v -0.799999 4 2.38419e-07
v -0.799999 4 -0.0999999
v -0.799999 4 -1
v -0.799999 4 -1.1
v -0.799999 4 -1.3
v -0.799999 4 -1.4
v -0.799999 4.1 1.2
v -0.799999 4.1 1.1
v -0.799999 4.1 1
v -0.799999 4.1 0.9
v -0.799999 4.1 0.1
v -0.799999 4.1 2.38419e-07
v -0.799999 4.1 -0.0999999
v -0.799999 4.1 -0.2
v -0.799999 4.1 -0.3
v -0.799999 4.1 -1
v -0.799999 4.1 -1.1
v -0.799999 4.1 -1.2
v -0.799999 4.1 -1.3
v -0.799999 4.1 -1.4
v -0.799999 4.2 1.2
v -0.799999 4.2 1.1
v -0.799999 4.2 1
v -0.799999 4.2 0.9
v -0.799999 4.2 2.38419e-07
v -0.799999 4.2 -0.0999999
v -0.799999 4.2 -0.2
v -0.799999 4.2 -0.3
v -0.799999 4.2 -1.1
v -0.799999 4.2 -1.3
v -0.7 3.5 -0.7
v -0.7 3.5 -0.8
v -0.7 3.6 -0.7
v -0.7 3.6 -0.8
v -0.7 3.7 -0.7
v -0.7 3.7 -0.8
v -0.7 4 0.2
v -0.7 4 0.1
v -0.7 4 -1.2
v -0.7 4 -1.3
v -0.7 4.1 1.5
v -0.7 4.1 1.4
v -0.7 4.1 1.3
v -0.7 4.1 1.2
v -0.7 4.1 0.3
v -0.7 4.1 0.2
v -0.7 4.1 0.1
v -0.7 4.1 -0.9
v -0.7 4.1 -1
v -0.7 4.1 -1.1
v -0.7 4.1 -1.2
v -0.7 4.1 -1.3
v -0.7 4.1 -1.4
v -0.7 4.1 -1.6
v -0.7 4.2 1.5
v -0.7 4.2 1.4
v -0.7 4.2 1.3
v -0.7 4.2 1.2
v -0.7 4.2 0.3
v -0.7 4.2 0.2
v -0.7 4.2 -0.9
v -0.7 4.2 -1
v -0.7 4.2 -1.1
v -0.7 4.2 -1.3
v -0.7 4.2 -1.4
v -0.7 4.2 -1.6
v -0.7 4.3 -1
v -0.7 4.3 -1.1
v -0.7 4.3 -1.3
v -0.7 4.3 -1.4
v -0.7 4.4 -1.1
v -0.7 4.4 -1.3
v -0.6 4.1 0.2
v -0.6 4.1 2.38419e-07
v -0.6 4.2 1.4
v -0.6 4.2 1.3
v -0.6 4.2 0.2
v -0.6 4.2 2.38419e-07
v -0.6 4.2 -1.4
v -0.6 4.2 -1.5
v -0.6 4.3 1.4
v -0.6 4.3 1.3
v -0.6 4.3 -1
v -0.6 4.3 -1.1
v -0.6 4.3 -1.4
v -0.6 4.3 -1.5
v -0.6 4.4 -1
v -0.6 4.4 -1.1
v -0.5 4.1 1.2
v -0.5 4.1 1.1
v -0.5 4.1 2.38419e-07
v -0.5 4.1 -0.0999999
v -0.5 4.1 -0.3
v -0.5 4.1 -0.4
v -0.5 4.2 1.2
v -0.5 4.2 1.1
v -0.5 4.2 2.38419e-07
v -0.5 4.2 -0.0999999
v -0.5 4.2 -0.3
v -0.5 4.2 -0.4
v -0.5 4.2 -0.9
v -0.5 4.2 -1
v -0.5 4.3 -0.9
v -0.5 4.3 -1
v -0.4 4.2 -1.5
v -0.4 4.2 -1.6
v -0.4 4.3 -1.5
v -0.4 4.3 -1.6
v -0.299999 2.6 1
v -0.299999 2.6 0.3
v -0.299999 2.8 1
v -0.299999 2.9 1
v -0.299999 2.9 0.3
v -0.2 2.9 -0.0999999
v -0.2 2.9 -0.5
v -0.2 3 -0.0999999
v -0.2 3 -0.5
v -0.2 4.1 -0.4
v -0.2 4.1 -0.5
v -0.2 4.2 -0.4
v -0.2 4.2 -0.5
v -0.0999997 4.2 -1.5
v -0.0999997 4.2 -1.6
v -0.0999997 4.3 -1.5
v -0.0999997 4.3 -1.6
v 4.76837e-07 4 -0.9
v 4.76837e-07 4 -1
v 4.76837e-07 4.1 0.9
v 4.76837e-07 4.1 0.7
v 4.76837e-07 4.1 0.6
v 4.76837e-07 4.1 0.4
v 4.76837e-07 4.1 0.3
v 4.76837e-07 4.1 0.2
v 4.76837e-07 4.1 0.1
v 4.76837e-07 4.1 -0.8
v 4.76837e-07 4.1 -0.9
v 4.76837e-07 4.1 -1
v 4.76837e-07 4.2 0.9
v 4.76837e-07 4.2 0.7
v 4.76837e-07 4.2 0.6
v 4.76837e-07 4.2 0.3
v 4.76837e-07 4.2 0.2
v 4.76837e-07 4.2 0.1
v 4.76837e-07 4.2 -0.8
v 4.76837e-07 4.2 -0.9
v 4.76837e-07 4.3 -1.2
v 4.76837e-07 4.3 -1.3
v 4.76837e-07 4.4 -1.2
v 4.76837e-07 4.4 -1.3
v 0.1 2.6 -0.5
v 0.1 2.6 -0.8
v 0.1 2.6 -0.9
v 0.1 2.6 -1
v 0.1 2.8 -1
v 0.1 2.8 -1.1
v 0.1 2.8 -1.2
v 0.1 2.9 -1
v 0.1 2.9 -1.1
v 0.1 2.9 -1.2
v 0.1 2.9 -1.3
v 0.1 3 -0.5
v 0.1 3 -0.8
v 0.1 3 -0.9
v 0.1 3 -1
v 0.1 3 -1.1
v 0.1 3 -1.3
v 0.1 4.1 1.2
v 0.1 4.1 0.9
v 0.1 4.2 1.2
v 0.1 4.2 0.9
v 0.1 4.3 -1.3
v 0.1 4.3 -1.4
v 0.1 4.4 -1.3
v 0.1 4.4 -1.4
v 0.2 4.1 0.7
v 0.2 4.1 0.6
v 0.2 4.1 0.2
v 0.2 4.1 0.1
v 0.2 4.1 2.38419e-07
v 0.2 4.2 1.2
v 0.2 4.2 1
v 0.2 4.2 0.9
v 0.2 4.2 0.7
v 0.2 4.2 0.6
v 0.2 4.2 0.2
v 0.2 4.2 0.1
v 0.2 4.2 2.38419e-07
v 0.2 4.3 1.2
v 0.2 4.3 1
v 0.2 4.3 0.9
v 0.300001 4.1 2.38419e-07
v 0.300001 4.1 -0.0999999
v 0.300001 4.2 2.38419e-07
v 0.300001 4.2 -0.0999999
v 0.300001 4.3 -1.1
v 0.300001 4.3 -1.2
v 0.300001 4.4 -1.1
v 0.300001 4.4 -1.2
v 0.5 4.1 -0.0999999
v 0.5 4.1 -0.2
v 0.5 4.2 -0.0999999
v 0.5 4.2 -0.2
v 0.5 4.2 -1.4
v 0.5 4.2 -1.6
v 0.5 4.3 -1.3
v 0.5 4.3 -1.4
v 0.5 4.3 -1.6
v 0.5 4.4 -1.3
v 0.5 4.4 -1.4
v 0.6 4.1 0.7
v 0.6 4.1 0.6
v 0.6 4.1 0.5
v 0.6 4.1 -0.2
v 0.6 4.1 -0.3
v 0.6 4.1 -0.4
v 0.6 4.1 -0.8
v 0.6 4.1 -0.9
v 0.6 4.2 0.7
v 0.6 4.2 0.6
v 0.6 4.2 0.5
v 0.6 4.2 -0.2
v 0.6 4.2 -0.4
v 0.6 4.2 -0.8
v 0.6 4.2 -0.9
v 0.6 4.2 -1
v 0.6 4.3 -0.9
v 0.6 4.3 -1
v 0.6 4.3 -1.1
v 0.6 4.4 -1
v 0.6 4.4 -1.1
v 0.7 3.4 -0.9
v 0.7 3.4 -1
v 0.7 3.5 -0.9
v 0.7 3.5 -1
v 0.7 4.1 2.2
v 0.7 4.1 2.1
v 0.7 4.1 0.8
v 0.7 4.1 0.7
v 0.7 4.2 0.8
v 0.7 4.2 0.7
v 0.7 4.4 2.2
v 0.7 4.5 2.2
v 0.7 4.5 2.1
v 0.800001 2.8 1.2
v 0.800001 2.8 1
v 0.800001 2.9 1.2
v 0.800001 2.9 1
v 0.800001 3 0.1
v 0.800001 3 2.38419e-07
v 0.800001 3.1 0.1
v 0.800001 3.1 2.38419e-07
v 0.800001 3.5 -0.3
v 0.800001 3.5 -0.4
v 0.800001 3.6 -0.3
v 0.800001 3.6 -0.4
v 0.800001 4.1 -0.7
v 0.800001 4.1 -0.8
v 0.800001 4.2 -0.7
v 0.800001 4.2 -0.8
v 0.900001 3.8 -0.7
v 0.900001 3.8 -0.8
v 0.900001 4 -0.7
v 0.900001 4 -0.8
v 1 1.1 2
v 1 1.1 1
v 1 1.1 -1
v 1 1.1 -2
v 1 1.9 2
v 1 1.9 1
v 1 1.9 -1
v 1 1.9 -2
v 1 2 1
v 1 2 -1
v 1 2.6 1
v 1 2.6 -1
v 1 2.8 1
v 1 2.8 -1
v 1 3.6 -0.7
v 1 3.6 -0.8
v 1 3.8 -0.7
v 1 3.8 -0.8
v 1 4.1 0.9
v 1 4.1 0.8
v 1 4.2 0.9
v 1 4.2 0.8
v 1.1 3.5 -0.7
v 1.1 3.5 -0.8
v 1.1 3.6 -0.7
v 1.1 3.6 -0.8
v 1.2 2.8 -1.1
v 1.2 2.8 -1.2
v 1.2 2.9 -1.1
v 1.2 2.9 -1.2
v 1.2 3 -1.9
v 1.2 3 -2
v 1.2 3.1 -1.9
v 1.2 3.1 -2
v 1.2 3.4 -0.4
v 1.2 3.4 -0.5
v 1.2 3.5 -0.4
v 1.2 3.5 -0.5
v 1.2 3.5 -0.6
v 1.2 3.6 -0.5
v 1.2 3.6 -0.6
v 1.2 4.1 -0.2
v 1.2 4.1 -0.3
v 1.2 4.2 -0.2
v 1.2 4.2 -0.3
v 1.3 4 0.4
v 1.3 4 0.3
v 1.3 4.1 0.5
v 1.3 4.1 0.4
v 1.3 4.1 0.3
v 1.3 4.1 -1.3
v 1.3 4.1 -1.4
v 1.3 4.2 0.6
v 1.3 4.2 0.5
v 1.3 4.2 0.4
v 1.3 4.2 -0.2
v 1.3 4.2 -0.3
v 1.3 4.2 -1.3
v 1.3 4.2 -1.4
v 1.3 4.3 0.6
v 1.3 4.3 0.5
v 1.3 4.3 -0.2
v 1.3 4.3 -0.3
v 1.4 3.6 -0.7
v 1.4 3.6 -0.8
v 1.4 3.7 -0.7
v 1.4 3.7 -0.8
v 1.4 4 0.3
v 1.4 4 -0.0999999
v 1.4 4.1 0.3
v 1.4 4.1 2.38419e-07
v 1.4 4.1 -0.0999999
v 1.4 4.1 -0.2
v 1.4 4.2 2.38419e-07
v 1.4 4.2 -0.2
v 1.5 3.4 -0.3
v 1.5 3.4 -0.4
v 1.5 3.5 -0.3
v 1.5 3.5 -0.4
v 1.5 4.1 -1.2
v 1.5 4.1 -1.3
v 1.5 4.2 -1.2
v 1.5 4.2 -1.3
v 1.6 3.4 -0.4
v 1.6 3.4 -0.5
v 1.6 3.5 -0.4
v 1.6 3.5 -0.5
v 1.6 4.1 -0.8
v 1.6 4.1 -1.2
v 1.6 4.2 -0.8
v 1.6 4.2 -1.2
v 1.9 2.9 1.8
v 1.9 2.9 -0.3
v 1.9 2.9 -0.5
v 1.9 2.9 -1.9
v 1.9 3 1.8
v 1.9 3 -0.3
v 1.9 3 -0.5
v 1.9 3 -1.9
v 2 3 2
v 2 3 -0.3
v 2 3 -0.5
v 2 3 -1.9
v 2 3.1 2
v 2 3.1 -0.3
v 2 3.1 -0.5
v 2 3.1 -1.9
v 2.2 4.1 2.2
v 2.2 4.1 -0.8
v 2.2 4.1 -1.6
v 2.2 4.1 -2.2
v 2.2 4.4 2.2
v 2.2 4.4 -2.2
v 2.2 4.5 2.2
v 2.2 4.5 -2.2
v 2.4 4.5 2.4
v 2.4 4.5 -2.4
v 2.4 4.6 2.4
v 2.4 4.6 -2.4
v 2.6 4.6 2.6
v 2.6 4.6 -2.6
v 2.6 4.7 2.6
v 2.6 4.7 -2.6
v 2.8 4.7 2.8
v 2.8 4.7 -2.8
v 2.8 4.8 2.8
v 2.8 4.8 -2.8
v 3 4.8 3
v 3 4.8 -3
v 3 4.9 3
v 3 4.9 -3
v -3 4.8 3
v -3 4.8 -3
v -3 4.9 3
v -3 4.9 -3
v -2.8 4.7 2.8
v -2.8 4.7 -2.8
v -2.8 4.8 2.8
v -2.8 4.8 -2.8
v -2.6 4.6 2.6
v -2.6 4.6 -2.6
v -2.6 4.7 2.6
v -2.6 4.7 -2.6
v -2.4 4.5 2.4
v -2.4 4.5 -2.4
v -2.4 4.6 2.4
v -2.4 4.6 -2.4
v -2.2 4 0.1
v -2.2 4 -0.0999999
v -2.2 4.1 2.2
v -2.2 4.1 1.1
v -2.2 4.1 0.1
v -2.2 4.1 -0.0999999
v -2.2 4.1 -2
v -2.2 4.1 -2.1
v -2.2 4.2 2.2
v -2.2 4.2 -2.1
v -2.2 4.2 -2.2
v -2.2 4.3 1.1
v -2.2 4.3 -0.7
v -2.2 4.3 -0.9
v -2.2 4.3 -1.2
v -2.2 4.3 -1.3
v -2.2 4.3 -2
v -2.2 4.4 2.2
v -2.2 4.4 -0.7
v -2.2 4.4 -0.8
v -2.2 4.4 -0.9
v -2.2 4.4 -1.2
v -2.2 4.4 -1.3
v -2.2 4.4 -2.2
v -2.2 4.5 2.2
v -2.2 4.5 -0.7
v -2.2 4.5 -0.8
v -2.2 4.5 -2.2
v -2.1 4.3 -0.7
v -2.1 4.3 -0.9
v -2.1 4.3 -1.2
v -2.1 4.3 -1.3
v -2.1 4.4 -0.8
v -2.1 4.4 -0.9
v -2.1 4.4 -1.2
v -2.1 4.4 -1.3
v -2.1 4.5 -0.7
v -2.1 4.5 -0.8
v -2 3 2
v -2 3 1.5
v -2 3 1.3
v -2 3 0.5
v -2 3 -0.5
v -2 3 -0.6
v -2 3 -0.8
v -2 3 -1.4
v -2 3 -1.8
v -2 3 -2
v -2 3.1 2
v -2 3.1 1.5
v -2 3.1 1.3
v -2 3.1 -0.5
v -2 3.1 -0.8
v -2 3.1 -1.4
v -2 3.1 -2
v -2 4.1 -1.9
v -2 4.1 -2
v -2 4.3 -1.9
v -2 4.3 -2
v -1.8 4.1 -1.8
v -1.8 4.1 -1.9
v -1.8 4.3 -1.8
v -1.8 4.3 -1.9
v -1.7 4 -2.1
v -1.7 4 -2.2
v -1.7 4.1 -1.7
v -1.7 4.1 -1.8
v -1.7 4.1 -2.1
v -1.7 4.1 -2.2
v -1.7 4.3 -1.7
v -1.7 4.3 -1.8
v -1.6 4.1 -0.5
v -1.6 4.1 -0.6
v -1.6 4.1 -0.8
v -1.6 4.1 -0.9
v -1.6 4.1 -1.6
v -1.6 4.1 -1.7
v -1.6 4.1 -2.1
v -1.6 4.1 -2.2
v -1.6 4.2 -2.1
v -1.6 4.2 -2.2
v -1.6 4.3 -0.5
v -1.6 4.3 -0.6
v -1.6 4.3 -0.8
v -1.6 4.3 -0.9
v -1.6 4.3 -1.6
v -1.6 4.3 -1.7
v -1.5 4.1 -0.0999999
v -1.5 4.1 -0.5
v -1.5 4.1 -0.6
v -1.5 4.1 -0.8
v -1.5 4.3 -0.0999999
v -1.5 4.3 -0.5
v -1.5 4.3 -0.6
v -1.5 4.3 -0.8
v -1.4 4 -1.5
v -1.4 4 -1.6
v -1.4 4.1 2.38419e-07
v -1.4 4.1 -0.0999999
v -1.4 4.1 -0.9
v -1.4 4.1 -1
v -1.4 4.1 -1.6
v -1.4 4.3 2.38419e-07
v -1.4 4.3 -0.0999999
v -1.4 4.3 -0.9
v -1.4 4.3 -1
v -1.4 4.3 -1.5
v -1.4 4.3 -1.6
v -1.3 4 -1.4
v -1.3 4 -1.5
v -1.3 4.3 -1.4
v -1.3 4.3 -1.5
v -1.2 2.8 1.2
v -1.2 2.8 0.9
v -1.2 2.8 0.8
v -1.2 2.8 0.7
v -1.2 2.8 0.4
v -1.2 2.8 0.3
v -1.2 2.8 -0.6
v -1.2 2.8 -0.8
v -1.2 2.8 -0.9
v -1.2 2.8 -1.2
v -1.2 2.9 1.2
v -1.2 2.9 0.8
v -1.2 2.9 0.3
v -1.2 2.9 -0.6
v -1.2 2.9 -0.8
v -1.2 2.9 -0.9
v -1.2 2.9 -1.2
v -1.2 4 -0.9
v -1.2 4 -1
v -1.2 4 -1.3
v -1.2 4 -1.4
v -1.2 4.1 0.3
v -1.2 4.1 0.1
v -1.2 4.1 -0.9
v -1.2 4.1 -1
v -1.2 4.2 0.3
v -1.2 4.2 0.1
v -1.2 4.2 2.38419e-07
v -1.2 4.3 0.3
v -1.2 4.3 2.38419e-07
v -1.2 4.3 -1.3
v -1.2 4.3 -1.4
v -1.1 4 -0.7
v -1.1 4 -0.9
v -1.1 4 -1.1
v -1.1 4 -1.3
v -1.1 4.1 1.8
v -1.1 4.1 1.7
v -1.1 4.1 1.6
v -1.1 4.1 1.5
v -1.1 4.1 1.4
v -1.1 4.1 1
v -1.1 4.1 0.8
v -1.1 4.1 0.7
v -1.1 4.1 0.5
v -1.1 4.1 0.4
v -1.1 4.1 -0.7
v -1.1 4.1 -0.9
v -1.1 4.2 0.7
v -1.1 4.2 0.5
v -1.1 4.2 0.4
v -1.1 4.2 -1
v -1.1 4.2 -1.1
v -1.1 4.3 1.8
v -1.1 4.3 1.4
v -1.1 4.3 1
v -1.1 4.3 0.4
v -1.1 4.3 -1
v -1.1 4.3 -1.3
v -1 1.1 2
v -1 1.1 1
v -1 1.1 -1
v -1 1.1 -2
v -1 1.9 2
v -1 1.9 1
v -1 1.9 -1
v -1 1.9 -2
v -1 2 1
v -1 2 -1
v -1 2.6 1
v -1 2.6 0.5
v -1 2.6 0.3
v -1 2.6 -0.6
v -1 2.6 -0.8
v -1 2.6 -0.9
v -1 2.6 -1
v -1 2.7 1
v -1 2.7 0.9
v -1 2.7 0.5
v -1 2.7 0.4
v -1 2.8 1
v -1 2.8 0.9
v -1 2.8 0.4
v -1 2.8 0.3
v -1 2.8 -0.6
v -1 2.8 -0.8
v -1 2.8 -0.9
v -1 2.8 -1
v -1 4 0.3
v -1 4 0.2
v -1 4 -0.6
v -1 4 -0.7
v -1 4.1 1.1
v -1 4.1 1
v -1 4.1 0.6
v -1 4.1 0.5
v -1 4.1 0.3
v -1 4.1 0.2
v -1 4.1 0.1
v -1 4.1 2.38419e-07
v -1 4.1 -0.6
v -1 4.1 -0.7
v -1 4.1 -1
v -1 4.1 -1.1
v -1 4.2 1
v -1 4.2 0.6
v -1 4.2 0.5
v -1 4.2 0.4
v -1 4.2 0.3
v -1 4.2 0.1
v -1 4.2 2.38419e-07
v -1 4.2 -1
v -1 4.2 -1.1
v -1 4.3 1.1
v -1 4.3 1
v -1 4.3 0.4
v -1 4.3 0.3
v -0.9 4 0.2
v -0.9 4 -0.0999999
v -0.9 4 -1
v -0.9 4 -1.1
v -0.9 4.1 1.6
v -0.9 4.1 1.5
v -0.9 4.1 1.4
v -0.9 4.1 1.2
v -0.9 4.1 1.1
v -0.9 4.1 1
v -0.9 4.1 0.9
v -0.9 4.1 0.2
v -0.9 4.1 -0.0999999
v -0.9 4.1 -1
v -0.9 4.1 -1.1
v -0.9 4.2 1.6
v -0.9 4.2 1.4
v -0.9 4.2 1.1
v -0.9 4.2 1
v -0.9 4.2 0.9
v -0.9 4.3 1.2
v -0.9 4.3 1.1
v -0.799999 3.5 -0.7
v -0.799999 3.5 -0.8
v -0.799999 3.6 -0.7
v -0.799999 3.6 -0.8
v -0.799999 3.7 -0.7
v -0.799999 3.7 -0.8
v -0.799999 4.1 1.3
v -0.799999 4.1 1.2
v -0.799999 4.1 1.1
v -0.799999 4.1 1
v -0.799999 4.1 -0.8
v -0.799999 4.1 -0.9
v -0.799999 4.2 1.2
v -0.799999 4.2 1.1
v -0.799999 4.2 1
v -0.799999 4.2 -0.8
v -0.799999 4.2 -0.9
v -0.799999 4.3 1.3
v -0.799999 4.3 1.2
v -0.7 2.9 -0.0999999
v -0.7 2.9 -0.6
v -0.7 2.9 -0.8
v -0.7 2.9 -0.9
v -0.7 2.9 -1
v -0.7 2.9 -1.1
v -0.7 2.9 -1.2
v -0.7 2.9 -1.9
v -0.7 3 -0.0999999
v -0.7 3 -0.8
v -0.7 3 -0.9
v -0.7 3 -1
v -0.7 3 -1.1
v -0.7 3 -1.9
v -0.7 4.1 1.2
v -0.7 4.1 1.1
v -0.7 4.1 1
v -0.7 4.1 0.9
v -0.7 4.1 0.7
v -0.7 4.1 0.6
v -0.7 4.1 0.4
v -0.7 4.1 0.3
v -0.7 4.1 -0.2
v -0.7 4.1 -0.3
v -0.7 4.2 1.4
v -0.7 4.2 1.3
v -0.7 4.2 1.2
v -0.7 4.2 1.1
v -0.7 4.2 1
v -0.7 4.2 0.9
v -0.7 4.2 0.7
v -0.7 4.2 0.6
v -0.7 4.2 0.4
v -0.7 4.2 0.3
v -0.7 4.2 -0.2
v -0.7 4.2 -0.3
v -0.7 4.3 1.4
v -0.7 4.3 1.3
v -0.6 4.1 0.9
v -0.6 4.1 0.7
v -0.6 4.1 2.38419e-07
v -0.6 4.1 -0.0999999
v -0.6 4.1 -0.2
v -0.6 4.2 0.9
v -0.6 4.2 0.7
v -0.6 4.2 2.38419e-07
v -0.6 4.2 -0.2
v -0.6 4.3 -1.1
v -0.6 4.3 -1.3
v -0.6 4.4 -1.1
v -0.6 4.4 -1.3
v -0.5 4.1 1.5
v -0.5 4.1 1.4
v -0.5 4.2 1.5
v -0.5 4.2 1.4
v -0.5 4.3 -1
v -0.5 4.3 -1.1
v -0.5 4.4 -1
v -0.5 4.4 -1.1
v -0.4 4.1 1.2
v -0.4 4.1 1.1
v -0.4 4.2 1.4
v -0.4 4.2 1.3
v -0.4 4.2 1.2
v -0.4 4.2 1.1
v -0.4 4.3 1.4
v -0.4 4.3 1.3
v -0.299999 4.1 0.1
v -0.299999 4.1 -0.0999999
v -0.299999 4.1 -0.3
v -0.299999 4.1 -0.4
v -0.299999 4.2 0.1
v -0.299999 4.2 -0.0999999
v -0.299999 4.2 -0.3
v -0.299999 4.2 -0.4
v -0.2 2.6 -0.5
v -0.2 2.6 -0.6
v -0.2 2.9 -0.5
v -0.2 2.9 -0.6
v -0.2 4.1 0.2
v -0.2 4.1 0.1
v -0.2 4.2 0.2
v -0.2 4.2 0.1
v -0.2 4.2 -1.5
v -0.2 4.2 -1.6
v -0.2 4.3 -1.5
v -0.2 4.3 -1.6
v -0.0999997 4 -0.9
v -0.0999997 4 -1
v -0.0999997 4.1 -0.4
v -0.0999997 4.1 -0.5
v -0.0999997 4.1 -0.9
v -0.0999997 4.1 -1
v -0.0999997 4.2 -0.4
v -0.0999997 4.2 -0.5
v 4.76837e-07 4.1 1.4
v 4.76837e-07 4.1 1.3
v 4.76837e-07 4.1 1.2
v 4.76837e-07 4.2 1.4
v 4.76837e-07 4.2 1.2
v 4.76837e-07 4.2 -0.9
v 4.76837e-07 4.2 -1
v 4.76837e-07 4.3 -0.9
v 4.76837e-07 4.3 -1
v 0.1 4.1 0.2
v 0.1 4.1 0.1
v 0.1 4.1 -0.8
v 0.1 4.1 -0.9
v 0.1 4.2 0.2
v 0.1 4.2 0.1
v 0.1 4.2 -0.8
v 0.1 4.2 -0.9
v 0.1 4.2 -1.4
v 0.1 4.2 -1.6
v 0.1 4.3 -1.2
v 0.1 4.3 -1.3
v 0.1 4.3 -1.4
v 0.1 4.3 -1.6
v 0.1 4.4 -1.2
v 0.1 4.4 -1.3
v 0.2 4.3 -1.3
v 0.2 4.3 -1.4
v 0.2 4.4 -1.3
v 0.2 4.4 -1.4
v 0.300001 3.5 -0.3
v 0.300001 3.5 -0.4
v 0.300001 3.6 -0.3
v 0.300001 3.6 -0.4
v 0.300001 4.1 0.8
v 0.300001 4.1 0.6
v 0.300001 4.2 1.2
v 0.300001 4.2 1
v 0.300001 4.2 0.9
v 0.300001 4.2 0.8
v 0.300001 4.2 0.6
v 0.300001 4.3 1.2
v 0.300001 4.3 1
v 0.300001 4.3 0.9
v 0.400001 4.1 1.2
v 0.400001 4.1 1.1
v 0.400001 4.1 0.6
v 0.400001 4.1 0.5
v 0.400001 4.2 1.2
v 0.400001 4.2 1.1
v 0.400001 4.2 0.6
v 0.400001 4.2 0.5
v 0.400001 4.3 -1.1
v 0.400001 4.3 -1.2
v 0.400001 4.4 -1.1
v 0.400001 4.4 -1.2
v 0.5 4.1 1.1
v 0.5 4.1 1
v 0.5 4.2 1.1
v 0.5 4.2 1
v 0.6 2.9 1.8
v 0.6 2.9 1.7
v 0.6 3 0.1
v 0.6 3 2.38419e-07
v 0.6 3.1 1.8
v 0.6 3.1 1.7
v 0.6 3.1 0.1
v 0.6 3.1 2.38419e-07
v 0.6 3.4 -0.9
v 0.6 3.4 -1
v 0.6 3.5 -0.9
v 0.6 3.5 -1
v 0.6 4.1 0.9
v 0.6 4.1 0.8
v 0.6 4.2 0.9
v 0.6 4.2 0.8
v 0.6 4.2 -1.2
v 0.6 4.2 -1.4
v 0.6 4.2 -1.5
v 0.6 4.2 -1.6
v 0.6 4.3 -1.2
v 0.6 4.3 -1.3
v 0.6 4.3 -1.4
v 0.6 4.3 -1.5
v 0.6 4.3 -1.6
v 0.6 4.4 -1.3
v 0.6 4.4 -1.4
v 0.7 4.2 -0.9
v 0.7 4.2 -1
v 0.7 4.2 -1.1
v 0.7 4.2 -1.2
v 0.7 4.3 -0.9
v 0.7 4.3 -1
v 0.7 4.3 -1.1
v 0.7 4.3 -1.2
v 0.7 4.4 -1
v 0.7 4.4 -1.1
v 0.800001 2.6 1
v 0.800001 2.6 -0.5
v 0.800001 2.8 1
v 0.800001 2.8 -0.5
v 0.800001 3 -1.1
v 0.800001 3 -1.3
v 0.800001 3 -1.9
v 0.800001 3 -2
v 0.800001 3.1 -1.1
v 0.800001 3.1 -2
v 0.800001 3.6 -0.7
v 0.800001 3.6 -0.8
v 0.800001 4 -0.7
v 0.800001 4 -0.8
v 0.800001 4.1 2.2
v 0.800001 4.1 2.1
v 0.800001 4.1 1
v 0.800001 4.1 0.9
v 0.800001 4.1 -0.2
v 0.800001 4.1 -0.3
v 0.800001 4.1 -0.4
v 0.800001 4.2 2.2
v 0.800001 4.2 1
v 0.800001 4.2 0.9
v 0.800001 4.2 -0.2
v 0.800001 4.2 -0.4
v 0.800001 4.3 2.2
v 0.800001 4.4 2.2
v 0.800001 4.5 2.2
v 0.800001 4.5 2.1
v 0.900001 2.6 -0.5
v 0.900001 2.6 -1
v 0.900001 2.8 -0.5
v 0.900001 2.8 -1
v 0.900001 2.8 -1.1
v 0.900001 2.8 -1.2
v 0.900001 2.9 1.7
v 0.900001 2.9 1.2
v 0.900001 2.9 -1.2
v 0.900001 2.9 -1.3
v 0.900001 3 -1.1
v 0.900001 3 -1.3
v 0.900001 3.1 1.7
v 0.900001 3.1 1.2
v 0.900001 3.5 -0.7
v 0.900001 3.5 -0.8
v 0.900001 3.6 -0.7
v 0.900001 3.6 -0.8
v 0.900001 4.1 -0.7
v 0.900001 4.1 -0.8
v 0.900001 4.2 -0.7
v 0.900001 4.2 -0.8
v 0.900001 4.2 -1
v 0.900001 4.2 -1.1
v 0.900001 4.3 -1
v 0.900001 4.3 -1.1
v 1 3.5 -0.5
v 1 3.5 -0.6
v 1 3.6 -0.5
v 1 3.6 -0.6
v 1 4.1 0.4
v 1 4.1 0.3
v 1 4.1 -0.0999999
v 1 4.1 -0.2
v 1 4.1 -0.9
v 1 4.1 -1
v 1 4.2 0.4
v 1 4.2 0.3
v 1 4.2 -0.0999999
v 1 4.2 -0.2
v 1 4.2 -0.9
v 1 4.2 -1
v 1.1 3.4 -0.4
v 1.1 3.4 -0.5
v 1.1 3.5 -0.4
v 1.1 3.5 -0.5
v 1.1 4.1 0.9
v 1.1 4.1 0.8
v 1.1 4.1 0.7
v 1.1 4.1 0.5
v 1.1 4.1 0.4
v 1.1 4.1 0.1
v 1.1 4.1 -0.0999999
v 1.1 4.1 -1
v 1.1 4.1 -1.4
v 1.1 4.1 -1.5
v 1.1 4.1 -1.6
v 1.1 4.2 0.9
v 1.1 4.2 0.8
v 1.1 4.2 0.7
v 1.1 4.2 0.5
v 1.1 4.2 0.4
v 1.1 4.2 0.1
v 1.1 4.2 -0.0999999
v 1.1 4.2 -1
v 1.1 4.2 -1.4
v 1.1 4.2 -1.5
v 1.1 4.2 -1.6
v 1.1 4.3 -1.4
v 1.1 4.3 -1.5
v 1.2 2.9 1.2
v 1.2 2.9 -1.1
v 1.2 3.1 1.2
v 1.2 3.1 -1.1
v 1.2 3.4 -0.3
v 1.2 3.4 -0.4
v 1.2 3.5 -0.3
v 1.2 3.5 -0.4
v 1.2 3.6 -0.7
v 1.2 3.6 -0.8
v 1.2 3.7 -0.7
v 1.2 3.7 -0.8
v 1.2 4 0.4
v 1.2 4 0.3
v 1.2 4 0.1
v 1.2 4 -0.0999999
v 1.2 4.1 0.4
v 1.2 4.1 0.3
v 1.2 4.1 0.1
v 1.2 4.1 -0.0999999
v 1.2 4.1 -0.8
v 1.2 4.1 -0.9
v 1.2 4.2 0.3
v 1.2 4.2 0.1
v 1.2 4.2 -0.8
v 1.2 4.2 -0.9
v 1.3 4 0.3
v 1.3 4 0.1
v 1.3 4.1 0.7
v 1.3 4.1 0.6
v 1.3 4.1 0.3
v 1.3 4.1 0.1
v 1.3 4.2 0.7
v 1.3 4.2 0.6
v 1.4 4.1 0.6
v 1.4 4.1 0.5
v 1.4 4.1 -0.2
v 1.4 4.1 -0.3
v 1.4 4.1 -1.4
v 1.4 4.1 -1.5
v 1.4 4.2 0.6
v 1.4 4.2 0.5
v 1.4 4.2 -0.2
v 1.4 4.2 -0.3
v 1.4 4.2 -1.4
v 1.4 4.2 -1.5
v 1.4 4.3 0.6
v 1.4 4.3 0.5
v 1.4 4.3 -0.2
v 1.4 4.3 -0.3
v 1.5 3.4 -0.4
v 1.5 3.4 -0.5
v 1.5 3.5 -0.4
v 1.5 3.5 -0.5
v 1.5 4.1 0.5
v 1.5 4.1 0.4
v 1.5 4.1 2.38419e-07
v 1.5 4.1 -0.0999999
v 1.5 4.1 -0.2
v 1.5 4.2 0.5
v 1.5 4.2 0.4
v 1.5 4.2 2.38419e-07
v 1.5 4.2 -0.2
v 1.6 4.1 -1.3
v 1.6 4.1 -1.4
v 1.6 4.2 -1.3
v 1.6 4.2 -1.4
v 1.7 4.1 -0.8
v 1.7 4.1 -1
v 1.7 4.1 -1.2
v 1.7 4.1 -1.3
v 1.7 4.2 -0.8
v 1.7 4.2 -1
v 1.7 4.2 -1.2
v 1.7 4.2 -1.3
v 1.8 4.1 -1
v 1.8 4.1 -1.2
v 1.8 4.2 -1
v 1.8 4.2 -1.2
v 1.9 3 2
v 1.9 3 1.8
v 1.9 3.1 2
v 1.9 3.1 1.8
v 2 1.1 2
v 2 1.1 1
v 2 1.1 -1
v 2 1.1 -2
v 2 1.9 2
v 2 1.9 1
v 2 1.9 -1
v 2 1.9 -2
v 2.2 1.9 2.2
v 2.2 1.9 -2.4
v 2.2 1.9 -2.5
v 2.2 2 2.2
v 2.2 2 -2.4
v 2.2 2 -2.5
v 2.5 2 2.4
v 2.5 2 2.3
v 2.5 2 2.2
v 2.5 2 -1.8
v 2.5 2 -1.9
v 2.5 2 -2.6
v 2.5 2.1 -1.9
v 2.5 2.1 -2.5
v 2.5 2.1 -2.6
v 2.5 2.2 2.4
v 2.5 2.2 2.3
v 2.5 2.2 2.2
v 2.5 2.2 2.1
v 2.5 2.2 -1.7
v 2.5 2.2 -1.8
v 2.5 2.2 -1.9
v 2.5 2.2 -2.5
v 2.5 2.2 -2.6
v 2.6 2.2 2.5
v 2.6 2.2 2.2
v 2.6 2.2 2.1
v 2.6 2.2 -1.7
v 2.6 2.2 -1.8
v 2.6 2.2 -2.7
v 2.6 2.4 2.5
v 2.6 2.4 2.2
v 2.6 2.4 2.1
v 2.6 2.4 -1.6
v 2.6 2.4 -1.7
v 2.6 2.4 -1.8
v 2.6 2.4 -2.4
v 2.6 2.4 -2.6
v 2.6 2.4 -2.7
v 2.7 2.4 2.6
v 2.7 2.4 2.2
v 2.7 2.4 2.1
v 2.7 2.4 -1.6
v 2.7 2.4 -1.7
v 2.7 2.4 -2.4
v 2.7 2.4 -2.6
v 2.7 2.4 -2.8
v 2.7 2.5 -1.5
v 2.7 2.5 -1.6
v 2.7 2.5 -1.7
v 2.7 2.6 2.6
v 2.7 2.6 2.2
v 2.7 2.6 2.1
v 2.7 2.6 2
v 2.7 2.6 -1.4
v 2.7 2.6 -1.5
v 2.7 2.6 -1.6
v 2.7 2.6 -2.4
v 2.7 2.6 -2.5
v 2.7 2.6 -2.6
v 2.7 2.6 -2.8
v 2.8 2.6 2.7
v 2.8 2.6 2.1
v 2.8 2.6 2
v 2.8 2.6 -1.4
v 2.8 2.6 -1.5
v 2.8 2.6 -2.5
v 2.8 2.6 -2.9
v 2.8 2.7 -1.2
v 2.8 2.7 -1.4
v 2.8 2.7 -1.5
v 2.8 2.8 2.7
v 2.8 2.8 2.1
v 2.8 2.8 2
v 2.8 2.8 -1.1
v 2.8 2.8 -1.2
v 2.8 2.8 -1.4
v 2.8 2.8 -2.5
v 2.8 2.8 -2.6
v 2.8 2.8 -2.9
v 2.9 2.8 2.8
v 2.9 2.8 2.1
v 2.9 2.8 2
v 2.9 2.8 -1.1
v 2.9 2.8 -1.2
v 2.9 2.8 -2.6
v 2.9 2.8 -2.9
v 2.9 2.8 -3
v 2.9 2.9 -0.9
v 2.9 2.9 -1.1
v 2.9 2.9 -1.2
v 2.9 3 2.8
v 2.9 3 2.1
v 2.9 3 2
v 2.9 3 1.9
v 2.9 3 -0.7
v 2.9 3 -0.9
v 2.9 3 -1.1
v 2.9 3 -2.6
v 2.9 3 -2.7
v 2.9 3 -2.9
v 2.9 3 -3
v 3 3 2.9
v 3 3 2
v 3 3 1.9
v 3 3 -0.7
v 3 3 -0.9
v 3 3 -2.7
v 3 3 -3
v 3 3 -3.1
v 3 3.1 -0.6
v 3 3.1 -0.7
v 3 3.1 -0.9
v 3 3.2 2.9
v 3 3.2 2
v 3 3.2 1.9
v 3 3.2 -0.4
v 3 3.2 -0.6
v 3 3.2 -0.7
v 3 3.2 -2.7
v 3 3.2 -2.8
v 3 3.2 -3
v 3 3.2 -3.1
v 3.1 3.2 3
v 3.1 3.2 2
v 3.1 3.2 1.9
v 3.1 3.2 -0.4
v 3.1 3.2 -0.6
v 3.1 3.2 -2.8
v 3.1 3.2 -3.1
v 3.1 3.2 -3.2
v 3.1 3.3 -0.2
v 3.1 3.3 -0.4
v 3.1 3.3 -0.6
v 3.1 3.4 3
v 3.1 3.4 2
v 3.1 3.4 1.9
v 3.1 3.4 1.8
v 3.1 3.4 2.38419e-07
v 3.1 3.4 -0.2
v 3.1 3.4 -0.4
v 3.1 3.4 -2.8
v 3.1 3.4 -3.1
v 3.1 3.4 -3.2
v 3.2 3.4 3.1
v 3.2 3.4 1.9
v 3.2 3.4 1.8
v 3.2 3.4 2.38419e-07
v 3.2 3.4 -0.2
v 3.2 3.4 -2.8
v 3.2 3.4 -3.2
v 3.2 3.4 -3.3
v 3.2 3.5 2.2
v 3.2 3.5 2.1
v 3.2 3.5 0.3
v 3.2 3.5 2.38419e-07
v 3.2 3.5 -0.2
v 3.2 3.6 3.1
v 3.2 3.6 2.2
v 3.2 3.6 2.1
v 3.2 3.6 1.9
v 3.2 3.6 1.8
v 3.2 3.6 1.7
v 3.2 3.6 0.5
v 3.2 3.6 0.3
v 3.2 3.6 2.38419e-07
v 3.2 3.6 -2.8
v 3.2 3.6 -3
v 3.2 3.6 -3.2
v 3.2 3.6 -3.3
v 3.2 4.6 3.7
v 3.2 4.6 3.6
v 3.2 4.6 -3.8
v 3.2 4.6 -3.9
v 3.2 4.7 3.6
v 3.2 4.7 -3.8
v 3.2 4.8 3.7
v 3.2 4.8 3.6
v 3.2 4.8 3.2
v 3.2 4.8 -3.2
v 3.2 4.8 -3.8
v 3.2 4.8 -3.9
v 3.2 4.9 3.7
v 3.2 4.9 3.2
v 3.2 4.9 -3.2
v 3.2 4.9 -3.9
v 3.3 3.6 3.2
v 3.3 3.6 1.8
v 3.3 3.6 1.7
v 3.3 3.6 0.5
v 3.3 3.6 0.3
v 3.3 3.6 -3
v 3.3 3.6 -3.4
v 3.3 3.7 0.7
v 3.3 3.7 0.5
v 3.3 3.7 0.3
v 3.3 3.8 3.2
v 3.3 3.8 1.8
v 3.3 3.8 1.7
v 3.3 3.8 1.6
v 3.3 3.8 0.9
v 3.3 3.8 0.7
v 3.3 3.8 0.5
v 3.3 3.8 -3
v 3.3 3.8 -3.1
v 3.3 3.8 -3.4
v 3.4 3.8 3.3
v 3.4 3.8 1.8
v 3.4 3.8 1.6
v 3.4 3.8 0.9
v 3.4 3.8 0.7
v 3.4 3.8 -3.1
v 3.4 3.8 -3.4
v 3.4 3.8 -3.5
v 3.4 3.9 1.8
v 3.4 3.9 1.6
v 3.4 3.9 0.9
v 3.4 3.9 0.7
v 3.4 3.9 -3.1
v 3.4 3.9 -3.2
v 3.4 4 3.3
v 3.4 4 -3.2
v 3.4 4 -3.4
v 3.4 4 -3.5
v 3.5 4 3.4
v 3.5 4 -3.2
v 3.5 4 -3.5
v 3.5 4 -3.6
v 3.5 4.2 3.4
v 3.5 4.2 -3.2
v 3.5 4.2 -3.3
v 3.5 4.2 -3.5
v 3.5 4.2 -3.6
v 3.6 4.2 3.5
v 3.6 4.2 -3.3
v 3.6 4.2 -3.6
v 3.6 4.2 -3.7
v 3.6 4.4 3.5
v 3.6 4.4 -3.3
v 3.6 4.4 -3.6
v 3.6 4.4 -3.7
v 3.7 4.4 3.6
v 3.7 4.4 -3.6
v 3.7 4.4 -3.7
v 3.7 4.4 -3.8
v 3.7 4.5 3.3
v 3.7 4.5 3.2
v 3.7 4.6 3.6
v 3.7 4.6 3.3
v 3.7 4.6 3.2
v 3.7 4.6 0.8
v 3.7 4.6 0.4
v 3.7 4.6 -3.2
v 3.7 4.6 -3.6
v 3.7 4.6 -3.7
v 3.7 4.7 3.3
v 3.7 4.7 3.2
v 3.7 4.7 -3.2
v 3.7 4.7 -3.8
v 3.7 4.8 3.6
v 3.7 4.8 3.2
v 3.7 4.8 -3.2
v 3.7 4.8 -3.8
v 3.8 4.6 3.2
v 3.8 4.6 0.8
v 3.8 4.6 0.4
v 3.8 4.6 -3.2
v 3.8 4.7 0.8
v 3.8 4.7 0.4
v 3.8 4.8 3.2
v 3.8 4.8 0.8
v 3.8 4.8 0.4
v 3.8 4.8 -0.7
v 3.8 4.8 -1
v 3.8 4.8 -3.2
v 3.8 4.9 3.2
v 3.8 4.9 0.8
v 3.8 4.9 0.4
v 3.8 4.9 -0.7
v 3.8 4.9 -1
v 3.8 4.9 -3.2
v -3.2 4.6 3.7
v -3.2 4.8 3.7
v -3.2 4.9 3.7
v 3.2 4.6 3.7
v 3.2 4.8 3.7
v 3.2 4.9 3.7
v -3.7 4.4 3.6
v -3.7 4.8 3.6
v -3.2 4.6 3.6
v -3.2 4.8 3.6
v 3.2 4.4 3.6
v 3.2 4.5 3.6
v 3.2 4.6 3.6
v 3.2 4.7 3.6
v 3.2 4.8 3.6
v 3.3 4.4 3.6
v 3.3 4.5 3.6
v 3.3 4.6 3.6
v 3.3 4.7 3.6
v 3.3 4.8 3.6
v 3.5 4.5 3.6
v 3.5 4.6 3.6
v 3.5 4.7 3.6
v 3.7 4.4 3.6
v 3.7 4.6 3.6
v 3.7 4.8 3.6
v -3.6 4.2 3.5
v -3.6 4.4 3.5
v 3.2 4.4 3.5
v 3.3 4.4 3.5
v 3.6 4.2 3.5
v 3.6 4.4 3.5
v -3.5 4 3.4
v -3.5 4.2 3.4
v 3.5 4 3.4
v 3.5 4.2 3.4
v -3.4 3.8 3.3
v -3.4 4 3.3
v 3.4 3.8 3.3
v 3.4 4 3.3
v -3.8 4.6 3.2
v -3.8 4.8 3.2
v -3.8 4.9 3.2
v -3.7 4.6 3.2
v -3.7 4.8 3.2
v -3.3 3.6 3.2
v -3.3 3.8 3.2
v -3.2 4.8 3.2
v -3.2 4.9 3.2
v 1.5 3.6 3.2
v 1.5 3.7 3.2
v 2 3.6 3.2
v 2 3.7 3.2
v 3.2 4.8 3.2
v 3.2 4.9 3.2
v 3.3 3.6 3.2
v 3.3 3.8 3.2
v 3.6 4.8 3.2
v 3.7 4.6 3.2
v 3.7 4.7 3.2
v 3.7 4.8 3.2
v 3.8 4.6 3.2
v 3.8 4.8 3.2
v 3.8 4.9 3.2
v -3.2 3.4 3.1
v -3.2 3.6 3.1
v 1.3 3.4 3.1
v 1.3 3.5 3.1
v 1.5 3.4 3.1
v 1.5 3.5 3.1
v 1.5 3.6 3.1
v 2 3.6 3.1
v 3.2 3.4 3.1
v 3.2 3.6 3.1
v -3.1 3.2 3
v -3.1 3.4 3
v 1.3 3.4 3
v 1.5 3.4 3
v 3.1 3.2 3
v 3.1 3.4 3
v -3 3 2.9
v -3 3.2 2.9
v 3 3 2.9
v 3 3.2 2.9
v -2.9 2.8 2.8
v -2.9 3 2.8
v 2.9 2.8 2.8
v 2.9 3 2.8
v -2.8 2.6 2.7
v -2.8 2.8 2.7
v 2.8 2.6 2.7
v 2.8 2.8 2.7
v -2.7 2.4 2.6
v -2.7 2.6 2.6
v -2.6 2.4 2.6
v -2.6 2.6 2.6
v 2.6 2.4 2.6
v 2.6 2.6 2.6
v 2.7 2.4 2.6
v 2.7 2.6 2.6
v -2.6 2.2 2.5
v -2.6 2.4 2.5
v -2.5 2.2 2.5
v -2.5 2.4 2.5
v 2.6 2.2 2.5
v 2.6 2.4 2.5
v -2.5 2 2.4
v -2.5 2.2 2.4
v -2.4 2 2.4
v -2.4 2.1 2.4
v -2.4 2.2 2.4
v 2.4 2 2.4
v 2.4 2.1 2.4
v 2.4 2.2 2.4
v 2.5 2 2.4
v 2.5 2.2 2.4
v -2.2 1.9 2.2
v -2.2 2 2.2
v 2.2 1.9 2.2
v 2.2 2 2.2
v -2 1.1 2
v -2 1.9 2
v -1 1.1 2
v -1 1.9 2
v 1 1.1 2
v 1 1.9 2
v 2 1.1 2
v 2 1.9 2
v -1.6 4.1 1.8
v -1.6 4.3 1.8
v -1.1 4.1 1.8
v -1.1 4.3 1.8
v -1.8 4.1 1.7
v -1.8 4.3 1.7
v -1.6 4.1 1.7
v -1.6 4.3 1.7
v 0.6 2.9 1.7
v 0.6 3.1 1.7
v 0.900001 2.9 1.7
v 0.900001 3.1 1.7
v -1.9 4.1 1.6
v -1.9 4.3 1.6
v -1.8 4.1 1.6
v -1.8 4.3 1.6
v -1 4.1 1.6
v -1 4.2 1.6
v -0.9 4.1 1.6
v -0.9 4.2 1.6
v -2 4.1 1.5
v -2 4.3 1.5
v -1.9 4.1 1.5
v -1.9 4.3 1.5
v -0.7 4.1 1.5
v -0.7 4.2 1.5
v -0.6 4.1 1.5
v -0.5 4.1 1.5
v -0.5 4.2 1.5
v -1.1 4.1 1.4
v -1.1 4.3 1.4
v -1 4.1 1.4
v -1 4.2 1.4
v -0.9 4.1 1.4
v -0.9 4.2 1.4
v -0.7 4.1 1.4
v -0.7 4.2 1.4
v -0.7 4.3 1.4
v -0.6 4.2 1.4
v -0.6 4.3 1.4
v -0.5 4.1 1.4
v -0.5 4.2 1.4
v -0.4 4.2 1.4
v -0.4 4.3 1.4
v -0.2 4.1 1.4
v -0.2 4.2 1.4
v -0.0999997 4.1 1.4
v -0.0999997 4.2 1.4
v 4.76837e-07 4.1 1.4
v 4.76837e-07 4.2 1.4
v -2.1 4.1 1.3
v -2.1 4.3 1.3
v -2 4.1 1.3
v -2 4.3 1.3
v -0.799999 4.1 1.2
v -0.799999 4.2 1.2
v -0.7 4.1 1.2
v -0.7 4.2 1.2
v 0.1 4.1 1.2
v 0.1 4.2 1.2
v 0.2 4.1 1.2
v 0.2 4.2 1.2
v 0.2 4.3 1.2
v 0.300001 4.1 1.2
v 0.300001 4.2 1.2
v 0.300001 4.3 1.2
v 0.400001 4.1 1.2
v 0.400001 4.2 1.2
v 0.900001 2.9 1.2
v 0.900001 3.1 1.2
v 1.2 2.9 1.2
v 1.2 3.1 1.2
v -2.2 4.1 1.1
v -2.2 4.3 1.1
v -2.1 4.1 1.1
v -2.1 4.3 1.1
v -0.9 4.1 1.1
v -0.9 4.2 1.1
v -0.799999 4.1 1.1
v -0.799999 4.2 1.1
v 0.400001 4.1 1.1
v 0.400001 4.2 1.1
v 0.5 4.1 1.1
v 0.5 4.2 1.1
v -1 4.1 1
v -1 4.2 1
v -0.9 4.1 1
v -0.9 4.2 1
v -0.799999 4.1 1
v -0.799999 4.2 1
v -0.7 4.1 1
v -0.7 4.2 1
v -0.299999 2.8 1
v -0.299999 2.9 1
v 0.1 2.8 1
v 0.300001 2.8 1
v 0.5 4.1 1
v 0.5 4.2 1
v 0.6 4.1 1
v 0.800001 2.8 1
v 0.800001 2.9 1
v 0.800001 4.1 1
v 0.800001 4.2 1
v -0.9 4.1 0.9
v -0.9 4.2 0.9
v -0.799999 4.1 0.9
v -0.799999 4.2 0.9
v -0.7 4.1 0.9
v -0.7 4.2 0.9
v -0.6 4.1 0.9
v -0.6 4.2 0.9
v 4.76837e-07 4.1 0.9
v 4.76837e-07 4.2 0.9
v 0.1 4.1 0.9
v 0.1 4.2 0.9
v 1 4.1 0.9
v 1 4.2 0.9
v 1.1 4.1 0.9
v 1.1 4.2 0.9
v 0.7 4.1 0.8
v 0.7 4.2 0.8
v 1 4.1 0.8
v 1 4.2 0.8
v -1.1 4.1 0.7
v -1.1 4.2 0.7
v -1 4.1 0.7
v -1 4.2 0.7
v 0.6 4.1 0.7
v 0.6 4.2 0.7
v 0.7 4.1 0.7
v 0.7 4.2 0.7
v 1.1 4.1 0.7
v 1.1 4.2 0.7
v 1.2 4.1 0.7
v 1.3 4.1 0.7
v 1.3 4.2 0.7
v 4.76837e-07 4.1 0.6
v 4.76837e-07 4.2 0.6
v 0.1 4.1 0.6
v 0.1 4.2 0.6
v 0.2 4.1 0.6
v 0.2 4.2 0.6
v 0.300001 4.1 0.6
v 0.300001 4.2 0.6
v 0.400001 4.1 0.6
v 0.400001 4.2 0.6
v 1.3 4.1 0.6
v 1.3 4.2 0.6
v 1.3 4.3 0.6
v 1.4 4.1 0.6
v 1.4 4.2 0.6
v 1.4 4.3 0.6
v 0.400001 4.1 0.5
v 0.400001 4.2 0.5
v 0.6 4.1 0.5
v 0.6 4.2 0.5
v 1.4 4.1 0.5
v 1.4 4.2 0.5
v 1.5 4.1 0.5
v 1.5 4.2 0.5
v -1.1 4.1 0.4
v -1.1 4.2 0.4
v -1.1 4.3 0.4
v -1 4.1 0.4
v -1 4.2 0.4
v -1 4.3 0.4
v -0.9 4.1 0.4
v -0.7 4.1 0.4
v -0.7 4.2 0.4
v -1.2 2.8 0.3
v -1.2 2.9 0.3
v -1 2.6 0.3
v -1 2.8 0.3
v -0.7 4.1 0.3
v -0.7 4.2 0.3
v -0.4 4.1 0.3
v -0.4 4.2 0.3
v -0.299999 2.6 0.3
v -0.299999 2.9 0.3
v -0.0999997 4.1 0.3
v -0.0999997 4.2 0.3
v 4.76837e-07 4.1 0.3
v 4.76837e-07 4.2 0.3
v 1 4.1 0.3
v 1 4.2 0.3
v 1.2 4 0.3
v 1.2 4.1 0.3
v 1.2 4.2 0.3
v 1.3 4 0.3
v 1.3 4.1 0.3
v -1 4 0.2
v -1 4.1 0.2
v -0.9 4 0.2
v -0.9 4.1 0.2
v -1.2 4.1 0.1
v -1.2 4.2 0.1
v -1 4.1 0.1
v -1 4.2 0.1
v -0.799999 4 0.1
v -0.799999 4.1 0.1
v -0.7 4 0.1
v -0.7 4.1 0.1
v -0.799999 4.1 2.38419e-07
v -0.799999 4.2 2.38419e-07
v -0.6 4.1 2.38419e-07
v -0.6 4.2 2.38419e-07
v 0.6 3 2.38419e-07
v 0.6 3.1 2.38419e-07
v 0.800001 3 2.38419e-07
v 0.800001 3.1 2.38419e-07
v 1.4 4.1 2.38419e-07
v 1.4 4.2 2.38419e-07
v 1.5 4.1 2.38419e-07
v 1.5 4.2 2.38419e-07
v -2.2 4 -0.0999999
v -2.2 4.1 -0.0999999
v -2.1 4 -0.0999999
v -2.1 4.1 -0.0999999
v -0.9 4 -0.0999999
v -0.9 4.1 -0.0999999
v -0.799999 4 -0.0999999
v -0.799999 4.1 -0.0999999
v 1.2 4 -0.0999999
v 1.2 4.1 -0.0999999
v 1.3 4 -0.0999999
v 1.3 4.1 -0.0999999
v 1.4 4 -0.0999999
v 1.4 4.1 -0.0999999
v 1.2 4.1 -0.2
v 1.2 4.2 -0.2
v 1.3 4.1 -0.2
v 1.3 4.2 -0.2
v 1.3 4.3 -0.2
v 1.4 4.1 -0.2
v 1.4 4.2 -0.2
v 1.4 4.3 -0.2
v -0.5 4.1 -0.3
v -0.5 4.2 -0.3
v -0.4 4.1 -0.3
v -0.299999 4.1 -0.3
v -0.299999 4.2 -0.3
v -0.2 4.1 -0.4
v -0.2 4.2 -0.4
v -0.0999997 4.1 -0.4
v -0.0999997 4.2 -0.4
v 0.300001 3.5 -0.4
v 0.300001 3.6 -0.4
v 0.7 3.5 -0.4
v 0.800001 3.5 -0.4
v 0.800001 3.6 -0.4
v 1.2 3.4 -0.4
v 1.2 3.5 -0.4
v 1.5 3.4 -0.4
v 1.5 3.5 -0.4
v 0.800001 2.6 -0.5
v 0.800001 2.8 -0.5
v 0.900001 2.6 -0.5
v 0.900001 2.8 -0.5
v 1.1 3.4 -0.5
v 1.1 3.5 -0.5
v 1.2 3.4 -0.5
v 1.2 3.5 -0.5
v 1.5 3.4 -0.5
v 1.5 3.5 -0.5
v 1.6 3.4 -0.5
v 1.6 3.5 -0.5
v -1.6 4.1 -0.6
v -1.6 4.3 -0.6
v -1.5 4.1 -0.6
v -1.5 4.3 -0.6
v 1 3.5 -0.6
v 1 3.6 -0.6
v 1.2 3.5 -0.6
v 1.2 3.6 -0.6
v -2.2 4.3 -0.7
v -2.2 4.4 -0.7
v -2.2 4.5 -0.7
v -2.1 4.3 -0.7
v -2.1 4.5 -0.7
v 0.800001 4.1 -0.7
v 0.800001 4.2 -0.7
v 0.900001 4.1 -0.7
v 0.900001 4.2 -0.7
v -1.2 2.8 -0.8
v -1.2 2.9 -0.8
v -1 2.6 -0.8
v -1 2.8 -0.8
v -0.9 4.1 -0.8
v -0.9 4.2 -0.8
v -0.799999 3.5 -0.8
v -0.799999 3.6 -0.8
v -0.799999 3.7 -0.8
v -0.799999 4.1 -0.8
v -0.799999 4.2 -0.8
v -0.7 2.9 -0.8
v -0.7 3 -0.8
v -0.7 3.5 -0.8
v -0.7 3.6 -0.8
v -0.7 3.7 -0.8
v 4.76837e-07 4.1 -0.8
v 4.76837e-07 4.2 -0.8
v 0.1 2.6 -0.8
v 0.1 3 -0.8
v 0.1 4.1 -0.8
v 0.1 4.2 -0.8
v 0.6 4.1 -0.8
v 0.6 4.2 -0.8
v 0.7 4.1 -0.8
v 0.7 4.2 -0.8
v 0.800001 3.6 -0.8
v 0.800001 4 -0.8
v 0.800001 4.1 -0.8
v 0.800001 4.2 -0.8
v 0.900001 3.5 -0.8
v 0.900001 3.6 -0.8
v 0.900001 3.8 -0.8
v 0.900001 4 -0.8
v 0.900001 4.1 -0.8
v 0.900001 4.2 -0.8
v 1 3.6 -0.8
v 1 3.8 -0.8
v 1 4.1 -0.8
v 1 4.2 -0.8
v 1.1 3.5 -0.8
v 1.1 3.6 -0.8
v 1.1 4.1 -0.8
v 1.2 3.6 -0.8
v 1.2 3.7 -0.8
v 1.2 4.1 -0.8
v 1.2 4.2 -0.8
v 1.4 3.6 -0.8
v 1.4 3.7 -0.8
v 1.6 4.1 -0.8
v 1.6 4.2 -0.8
v 1.7 4.1 -0.8
v 1.7 4.2 -0.8
v -1.6 4.1 -0.9
v -1.6 4.3 -0.9
v -1.4 4.1 -0.9
v -1.4 4.3 -0.9
v -1 4 -0.9
v -1 4.1 -0.9
v -0.9 4 -0.9
v -0.9 4.1 -0.9
v -0.7 4.1 -0.9
v -0.7 4.2 -0.9
v -0.6 4.1 -0.9
v -0.6 4.2 -0.9
v -0.5 4.1 -0.9
v -0.5 4.2 -0.9
v -0.5 4.3 -0.9
v -0.4 4.1 -0.9
v -0.4 4.2 -0.9
v -0.299999 4.1 -0.9
v -0.0999997 4.1 -0.9
v -0.0999997 4.2 -0.9
v 4.76837e-07 4.1 -0.9
v 4.76837e-07 4.2 -0.9
v 4.76837e-07 4.3 -0.9
v 0.1 4.1 -0.9
v 0.1 4.2 -0.9
v 0.2 4.1 -0.9
v 0.2 4.2 -0.9
v 0.300001 4.1 -0.9
v 0.400001 4.1 -0.9
v 0.400001 4.2 -0.9
v 0.6 4.1 -0.9
v 0.6 4.2 -0.9
v 0.6 4.3 -0.9
v 0.7 4.2 -0.9
v 0.7 4.3 -0.9
v -2.1 1.1 -1
v -2.1 1.9 -1
v -1.4 4.1 -1
v -1.4 4.3 -1
v -1.2 4 -1
v -1.2 4.1 -1
v -1.1 4 -1
v -1.1 4.2 -1
v -1.1 4.3 -1
v -1 1.1 -1
v -1 1.9 -1
v -1 2 -1
v -1 2.6 -1
v -1 2.8 -1
v -1 4 -1
v -1 4.1 -1
v -1 4.2 -1
v -0.7 2.9 -1
v -0.7 3 -1
v -0.7 4.2 -1
v -0.7 4.3 -1
v -0.6 4.2 -1
v -0.6 4.3 -1
v -0.6 4.4 -1
v -0.5 4.2 -1
v -0.5 4.3 -1
v -0.5 4.4 -1
v -0.0999997 4 -1
v -0.0999997 4.1 -1
v 4.76837e-07 4 -1
v 4.76837e-07 4.1 -1
v 4.76837e-07 4.2 -1
v 4.76837e-07 4.3 -1
v 0.1 2.6 -1
v 0.1 2.8 -1
v 0.1 2.9 -1
v 0.1 3 -1
v 0.1 4.2 -1
v 0.2 4.2 -1
v 0.300001 4.2 -1
v 0.300001 4.3 -1
v 0.400001 4.2 -1
v 0.5 4.2 -1
v 0.5 4.3 -1
v 0.6 3.4 -1
v 0.6 3.5 -1
v 0.6 4.2 -1
v 0.6 4.3 -1
v 0.6 4.4 -1
v 0.7 3.4 -1
v 0.7 3.5 -1
v 0.7 4.2 -1
v 0.7 4.3 -1
v 0.7 4.4 -1
v 0.800001 4.2 -1
v 0.900001 2.6 -1
v 0.900001 2.8 -1
v 0.900001 4.2 -1
v 0.900001 4.3 -1
v 1 1.1 -1
v 1 1.9 -1
v 1 2 -1
v 1 2.6 -1
v 1 2.8 -1
v 1 4.1 -1
v 1 4.2 -1
v 1.1 4.1 -1
v 1.1 4.2 -1
v 1.7 4.1 -1
v 1.7 4.2 -1
v 1.8 4.1 -1
v 1.8 4.2 -1
v 2 1.1 -1
v 2 1.9 -1
v -0.9 4 -1.1
v -0.9 4.1 -1.1
v -0.799999 4 -1.1
v -0.799999 4.1 -1.1
v -0.799999 4.2 -1.1
v -0.7 4.1 -1.1
v -0.7 4.2 -1.1
v -0.7 4.3 -1.1
v -0.7 4.4 -1.1
v -0.6 4.3 -1.1
v -0.6 4.4 -1.1
v 0.300001 4.3 -1.1
v 0.300001 4.4 -1.1
v 0.400001 4.3 -1.1
v 0.400001 4.4 -1.1
v -2.2 4.3 -1.2
v -2.2 4.4 -1.2
v -2.1 4.3 -1.2
v -2.1 4.4 -1.2
v -1.2 2.8 -1.2
v -1.2 2.9 -1.2
v -0.7 2.9 -1.2
v -0.0999997 2.8 -1.2
v -0.0999997 2.9 -1.2
v 4.76837e-07 2.8 -1.2
v 4.76837e-07 2.9 -1.2
v 4.76837e-07 4.3 -1.2
v 4.76837e-07 4.4 -1.2
v 0.1 2.8 -1.2
v 0.1 2.9 -1.2
v 0.1 4.3 -1.2
v 0.1 4.4 -1.2
v 0.900001 2.8 -1.2
v 0.900001 2.9 -1.2
v 1.2 2.8 -1.2
v 1.2 2.9 -1.2
v 1.5 4.1 -1.2
v 1.5 4.2 -1.2
v 1.6 4.1 -1.2
v 1.6 4.2 -1.2
v -0.799999 4 -1.3
v -0.799999 4.1 -1.3
v -0.7 4 -1.3
v -0.7 4.1 -1.3
v 0.1 4.3 -1.3
v 0.1 4.4 -1.3
v 0.2 4.3 -1.3
v 0.2 4.4 -1.3
v 0.5 4.3 -1.3
v 0.5 4.4 -1.3
v 0.6 4.3 -1.3
v 0.6 4.4 -1.3
v 1.3 4.1 -1.3
v 1.3 4.2 -1.3
v 1.5 4.1 -1.3
v 1.5 4.2 -1.3
v -0.9 4 -1.4
v -0.9 4.1 -1.4
v -0.799999 4 -1.4
v -0.799999 4.1 -1.4
v 0.6 4.2 -1.4
v 0.6 4.3 -1.4
v 1.1 4.1 -1.4
v 1.1 4.2 -1.4
v 1.1 4.3 -1.4
v 1.3 4.1 -1.4
v 1.3 4.2 -1.4
v -1 4 -1.5
v -1 4.1 -1.5
v -0.9 4 -1.5
v -0.9 4.1 -1.5
v -1.4 4 -1.6
v -1.4 4.1 -1.6
v -1.1 4 -1.6
v -1.1 4.1 -1.6
v -1 4 -1.6
v -1 4.1 -1.6
v -0.7 2.9 -1.9
v -0.7 3 -1.9
v -0.299999 2.9 -1.9
v -0.299999 3 -1.9
v -0.2 2.9 -1.9
v -0.2 3 -1.9
v 0.800001 3 -1.9
v 1.2 3 -1.9
v 1.2 3.1 -1.9
v 1.9 2.9 -1.9
v 1.9 3 -1.9
v 2 3 -1.9
v 2 3.1 -1.9
v -2 3 -2
v -2 3.1 -2
v -1.8 3 -2
v -1.8 3.1 -2
v -1.2 3 -2
v -1.2 3.1 -2
v -0.9 3 -2
v -0.9 3.1 -2
v 0.800001 3 -2
v 0.800001 3.1 -2
v 1.2 3 -2
v 1.2 3.1 -2
v -2.2 4.1 -2.1
v -2.2 4.2 -2.1
v -1.6 4.1 -2.1
v -1.6 4.2 -2.1
v -2.2 4.2 -2.2
v -2.2 4.4 -2.2
v -2.2 4.5 -2.2
v -1.7 4 -2.2
v -1.7 4.1 -2.2
v -1.6 4 -2.2
v -1.6 4.1 -2.2
v -1.6 4.2 -2.2
v -0.299999 4.1 -2.2
v -0.299999 4.2 -2.2
v -0.2 4.1 -2.2
v -0.2 4.2 -2.2
v -0.2 4.3 -2.2
v -0.0999997 4.2 -2.2
v -0.0999997 4.3 -2.2
v -0.0999997 4.4 -2.2
v 4.76837e-07 4.3 -2.2
v 4.76837e-07 4.4 -2.2
v 4.76837e-07 4.5 -2.2
v 0.400001 4.1 -2.2
v 0.400001 4.3 -2.2
v 0.5 4.1 -2.2
v 0.5 4.3 -2.2
v 0.5 4.4 -2.2
v 0.6 4.3 -2.2
v 0.6 4.4 -2.2
v 0.7 4.4 -2.2
v 0.7 4.5 -2.2
v 2.2 4.1 -2.2
v 2.2 4.4 -2.2
v 2.2 4.5 -2.2
v -2.4 4.5 -2.4
v -2.4 4.6 -2.4
v 2.4 4.5 -2.4
v 2.4 4.6 -2.4
v -2.6 4.6 -2.6
v -2.6 4.7 -2.6
v 2.3 4.6 -2.6
v 2.4 4.6 -2.6
v 2.6 4.6 -2.6
v 2.6 4.7 -2.6
v -2.8 4.7 -2.8
v -2.8 4.8 -2.8
v 2.8 4.7 -2.8
v 2.8 4.8 -2.8
v -3 4.8 -3
v -3 4.9 -3
v 3 4.8 -3
v 3 4.9 -3
v -3 4.8 3
v -3 4.9 3
v 3 4.8 3
v 3 4.9 3
v -2.8 4.7 2.8
v -2.8 4.8 2.8
v 2.8 4.7 2.8
v 2.8 4.8 2.8
v -2.6 4.6 2.6
v -2.6 4.7 2.6
v 2.6 4.6 2.6
v 2.6 4.7 2.6
v -2.4 4.5 2.4
v -2.4 4.6 2.4
v -0.0999997 4.5 2.4
v -0.0999997 4.6 2.4
v 0.1 4.5 2.4
v 0.1 4.6 2.4
v 1.1 4.5 2.4
v 1.1 4.6 2.4
v 1.2 4.5 2.4
v 1.2 4.6 2.4
v 1.5 4.5 2.4
v 2.4 4.5 2.4
v 2.4 4.6 2.4
v -2.2 4.1 2.2
v -2.2 4.2 2.2
v -2.2 4.4 2.2
v -2.2 4.5 2.2
v -1.1 4.1 2.2
v -1.1 4.2 2.2
v -0.5 4.4 2.2
v -0.5 4.5 2.2
v -0.299999 4.4 2.2
v -0.299999 4.5 2.2
v 0.300001 4.1 2.2
v 0.7 4.1 2.2
v 0.7 4.4 2.2
v 0.7 4.5 2.2
v 0.800001 4.1 2.2
v 0.800001 4.2 2.2
v 0.800001 4.3 2.2
v 0.800001 4.4 2.2
v 0.800001 4.5 2.2
v 0.900001 4.2 2.2
v 0.900001 4.3 2.2
v 0.900001 4.4 2.2
v 0.900001 4.5 2.2
v 1 4.3 2.2
v 1 4.4 2.2
v 1 4.5 2.2
v 1.1 4.4 2.2
v 1.1 4.5 2.2
v 1.3 4.1 2.2
v 1.3 4.2 2.2
v 1.4 4.1 2.2
v 1.4 4.2 2.2
v 1.4 4.4 2.2
v 1.5 4.2 2.2
v 1.5 4.4 2.2
v 1.5 4.5 2.2
v 1.6 4.4 2.2
v 1.6 4.5 2.2
v 1.8 4.1 2.2
v 2.2 4.1 2.2
v 2.2 4.4 2.2
v 2.2 4.5 2.2
v 0.7 4.1 2.1
v 0.7 4.5 2.1
v 0.800001 4.1 2.1
v 0.800001 4.5 2.1
v -2 3 2
v -2 3.1 2
v -1.9 3 2
v -1.9 3.1 2
v 1.9 3 2
v 1.9 3.1 2
v 2 3 2
v 2 3.1 2
v 0.6 2.9 1.8
v 0.6 3.1 1.8
v 1.9 2.9 1.8
v 1.9 3 1.8
v 1.9 3.1 1.8
v -0.799999 4.1 1.3
v -0.799999 4.3 1.3
v -0.7 4.1 1.3
v -0.7 4.2 1.3
v -0.7 4.3 1.3
v -0.6 4.2 1.3
v -0.6 4.3 1.3
v -0.5 4.2 1.3
v -0.4 4.2 1.3
v -0.4 4.3 1.3
v -1.2 2.8 1.2
v -1.2 2.9 1.2
v -1 2.8 1.2
v -1 2.9 1.2
v -0.9 2.8 1.2
v -0.9 2.9 1.2
v -0.9 4.1 1.2
v -0.9 4.3 1.2
v -0.799999 4.1 1.2
v -0.799999 4.2 1.2
v -0.799999 4.3 1.2
v -0.7 4.1 1.2
v -0.7 4.2 1.2
v -0.6 4.1 1.2
v -0.5 4.1 1.2
v -0.5 4.2 1.2
v -0.4 4.1 1.2
v -0.4 4.2 1.2
v -0.299999 4.1 1.2
v -0.2 4.1 1.2
v -0.2 4.2 1.2
v -0.0999997 4.1 1.2
v -0.0999997 4.2 1.2
v 4.76837e-07 4.1 1.2
v 4.76837e-07 4.2 1.2
v 0.2 2.8 1.2
v 0.2 2.9 1.2
v 0.300001 2.8 1.2
v 0.400001 2.8 1.2
v 0.400001 2.9 1.2
v 0.800001 2.8 1.2
v 0.800001 2.9 1.2
v -1 4.1 1.1
v -1 4.3 1.1
v -0.9 4.1 1.1
v -0.9 4.2 1.1
v -0.9 4.3 1.1
v -0.799999 4.1 1.1
v -0.799999 4.2 1.1
v -0.7 4.1 1.1
v -0.7 4.2 1.1
v -0.5 4.1 1.1
v -0.5 4.2 1.1
v -0.4 4.1 1.1
v -0.4 4.2 1.1
v -2 1.1 1
v -2 1.9 1
v -1.1 4.1 1
v -1.1 4.3 1
v -1 1.1 1
v -1 1.9 1
v -1 2 1
v -1 2.6 1
v -1 2.7 1
v -1 2.8 1
v -1 4.1 1
v -1 4.2 1
v -1 4.3 1
v -0.9 4.1 1
v -0.9 4.2 1
v -0.799999 4.1 1
v -0.799999 4.2 1
v -0.299999 2.6 1
v -0.299999 2.8 1
v 0.800001 2.6 1
v 0.800001 2.8 1
v 0.900001 2.6 1
v 1 1.1 1
v 1 1.9 1
v 1 2 1
v 1 2.6 1
v 1 2.8 1
v 2 1.1 1
v 2 1.9 1
v 0.2 4.2 0.9
v 0.2 4.3 0.9
v 0.300001 4.2 0.9
v 0.300001 4.3 0.9
v 0.6 4.1 0.9
v 0.6 4.2 0.9
v 0.7 4.1 0.9
v 0.800001 4.1 0.9
v 0.800001 4.2 0.9
v 0.300001 4.1 0.8
v 0.300001 4.2 0.8
v 0.6 4.1 0.8
v 0.6 4.2 0.8
v -0.7 4.1 0.7
v -0.7 4.2 0.7
v -0.6 4.1 0.7
v -0.6 4.2 0.7
v 4.76837e-07 4.1 0.7
v 4.76837e-07 4.2 0.7
v 0.1 4.1 0.7
v 0.1 4.2 0.7
v 0.2 4.1 0.7
v 0.2 4.2 0.7
v -1 4.1 0.6
v -1 4.2 0.6
v -0.799999 4.1 0.6
v -0.7 4.1 0.6
v -0.7 4.2 0.6
v -1.1 4.1 0.5
v -1.1 4.2 0.5
v -1 4.1 0.5
v -1 4.2 0.5
v 1.1 4.1 0.5
v 1.1 4.2 0.5
v 1.2 4.1 0.5
v 1.2 4.2 0.5
v 1.3 4.1 0.5
v 1.3 4.2 0.5
v 1.3 4.3 0.5
v 1.4 4.2 0.5
v 1.4 4.3 0.5
v 1 4.1 0.4
v 1 4.2 0.4
v 1.1 4.1 0.4
v 1.1 4.2 0.4
v 1.2 4 0.4
v 1.2 4.1 0.4
v 1.3 4 0.4
v 1.3 4.1 0.4
v 1.3 4.2 0.4
v 1.4 4.1 0.4
v 1.4 4.2 0.4
v 1.5 4.1 0.4
v 1.5 4.2 0.4
v -1.2 4.1 0.3
v -1.2 4.2 0.3
v -1.2 4.3 0.3
v -1.1 4.1 0.3
v -1.1 4.2 0.3
v -1 4 0.3
v -1 4.1 0.3
v -1 4.2 0.3
v -1 4.3 0.3
v -0.9 4 0.3
v -0.9 4.1 0.3
v -0.7 4.1 0.3
v -0.7 4.2 0.3
v 1.3 4 0.3
v 1.3 4.1 0.3
v 1.4 4 0.3
v 1.4 4.1 0.3
v -0.9 4 0.2
v -0.9 4.1 0.2
v -0.7 4 0.2
v -0.7 4.1 0.2
v -0.7 4.2 0.2
v -0.6 4.1 0.2
v -0.6 4.2 0.2
v -0.2 4.1 0.2
v -0.2 4.2 0.2
v -0.0999997 4.1 0.2
v -0.0999997 4.2 0.2
v 4.76837e-07 4.1 0.2
v 4.76837e-07 4.2 0.2
v 0.1 4.1 0.2
v 0.1 4.2 0.2
v 0.2 4.1 0.2
v 0.2 4.2 0.2
v -2.2 4 0.1
v -2.2 4.1 0.1
v -2.1 4 0.1
v -2.1 4.1 0.1
v -0.299999 4.1 0.1
v -0.299999 4.2 0.1
v -0.2 4.1 0.1
v -0.2 4.2 0.1
v 4.76837e-07 4.1 0.1
v 4.76837e-07 4.2 0.1
v 0.1 4.1 0.1
v 0.1 4.2 0.1
v 0.6 3 0.1
v 0.6 3.1 0.1
v 0.800001 3 0.1
v 0.800001 3.1 0.1
v 1.1 4.1 0.1
v 1.1 4.2 0.1
v 1.2 4 0.1
v 1.2 4.1 0.1
v 1.2 4.2 0.1
v 1.3 4 0.1
v 1.3 4.1 0.1
v -1.4 4.1 2.38419e-07
v -1.4 4.3 2.38419e-07
v -1.2 4.2 2.38419e-07
v -1.2 4.3 2.38419e-07
v -1 4.1 2.38419e-07
v -1 4.2 2.38419e-07
v -0.6 4.1 2.38419e-07
v -0.6 4.2 2.38419e-07
v -0.5 4.1 2.38419e-07
v -0.5 4.2 2.38419e-07
v 0.2 4.1 2.38419e-07
v 0.2 4.2 2.38419e-07
v 0.300001 4.1 2.38419e-07
v 0.300001 4.2 2.38419e-07
v -1.5 4.1 -0.0999999
v -1.5 4.3 -0.0999999
v -1.4 4.1 -0.0999999
v -1.4 4.3 -0.0999999
v -0.7 2.9 -0.0999999
v -0.7 3 -0.0999999
v -0.5 4.1 -0.0999999
v -0.5 4.2 -0.0999999
v -0.299999 4.1 -0.0999999
v -0.299999 4.2 -0.0999999
v -0.2 2.9 -0.0999999
v -0.2 3 -0.0999999
v 0.300001 4.1 -0.0999999
v 0.300001 4.2 -0.0999999
v 0.400001 4.1 -0.0999999
v 0.5 4.1 -0.0999999
v 0.5 4.2 -0.0999999
v 1 4.1 -0.0999999
v 1 4.2 -0.0999999
v 1.1 4.1 -0.0999999
v 1.1 4.2 -0.0999999
v -0.7 4.1 -0.2
v -0.7 4.2 -0.2
v -0.6 4.1 -0.2
v -0.6 4.2 -0.2
v 0.5 4.1 -0.2
v 0.5 4.2 -0.2
v 0.6 4.1 -0.2
v 0.6 4.2 -0.2
v 0.800001 4.1 -0.2
v 0.800001 4.2 -0.2
v 1 4.1 -0.2
v 1 4.2 -0.2
v 1.4 4.1 -0.2
v 1.4 4.2 -0.2
v 1.5 4.1 -0.2
v 1.5 4.2 -0.2
v -0.799999 4.1 -0.3
v -0.799999 4.2 -0.3
v -0.7 4.1 -0.3
v -0.7 4.2 -0.3
v 0.300001 3.5 -0.3
v 0.300001 3.6 -0.3
v 0.7 3.5 -0.3
v 0.800001 3.5 -0.3
v 0.800001 3.6 -0.3
v 1.2 3.4 -0.3
v 1.2 3.5 -0.3
v 1.2 4.1 -0.3
v 1.2 4.2 -0.3
v 1.3 4.1 -0.3
v 1.3 4.2 -0.3
v 1.3 4.3 -0.3
v 1.4 4.1 -0.3
v 1.4 4.2 -0.3
v 1.4 4.3 -0.3
v 1.5 3.4 -0.3
v 1.5 3.5 -0.3
v -0.5 4.1 -0.4
v -0.5 4.2 -0.4
v -0.299999 4.1 -0.4
v -0.299999 4.2 -0.4
v 0.6 4.1 -0.4
v 0.6 4.2 -0.4
v 0.800001 4.1 -0.4
v 0.800001 4.2 -0.4
v 1.1 3.4 -0.4
v 1.1 3.5 -0.4
v 1.2 3.4 -0.4
v 1.2 3.5 -0.4
v 1.5 3.4 -0.4
v 1.5 3.5 -0.4
v 1.6 3.4 -0.4
v 1.6 3.5 -0.4
v -1.6 4.1 -0.5
v -1.6 4.3 -0.5
v -1.5 4.1 -0.5
v -1.5 4.3 -0.5
v -0.2 2.6 -0.5
v -0.2 2.9 -0.5
v -0.2 3 -0.5
v -0.2 4.1 -0.5
v -0.2 4.2 -0.5
v -0.0999997 4.1 -0.5
v -0.0999997 4.2 -0.5
v 0.1 2.6 -0.5
v 0.1 3 -0.5
v 1 3.5 -0.5
v 1 3.6 -0.5
v 1.2 3.5 -0.5
v 1.2 3.6 -0.5
v -1.2 2.8 -0.6
v -1.2 2.9 -0.6
v -1 2.6 -0.6
v -1 2.8 -0.6
v -1 4 -0.6
v -1 4.1 -0.6
v -0.9 4 -0.6
v -0.9 4.1 -0.6
v -0.7 2.9 -0.6
v -0.2 2.6 -0.6
v -0.2 2.9 -0.6
v -1.1 4 -0.7
v -1.1 4.1 -0.7
v -1 4 -0.7
v -1 4.1 -0.7
v -0.799999 3.5 -0.7
v -0.799999 3.6 -0.7
v -0.799999 3.7 -0.7
v -0.7 3.5 -0.7
v -0.7 3.6 -0.7
v -0.7 3.7 -0.7
v 0.800001 3.6 -0.7
v 0.800001 4 -0.7
v 0.900001 3.5 -0.7
v 0.900001 3.6 -0.7
v 0.900001 3.8 -0.7
v 0.900001 4 -0.7
v 1 3.6 -0.7
v 1 3.8 -0.7
v 1.1 3.5 -0.7
v 1.1 3.6 -0.7
v 1.2 3.6 -0.7
v 1.2 3.7 -0.7
v 1.4 3.6 -0.7
v 1.4 3.7 -0.7
v -2.2 4.4 -0.8
v -2.2 4.5 -0.8
v -2.1 4.4 -0.8
v -2.1 4.5 -0.8
v -1.6 4.1 -0.8
v -1.6 4.3 -0.8
v -1.5 4.1 -0.8
v -1.5 4.3 -0.8
v -2.2 4.3 -0.9
v -2.2 4.4 -0.9
v -2.1 4.3 -0.9
v -2.1 4.4 -0.9
v -1.2 2.8 -0.9
v -1.2 2.9 -0.9
v -1.2 4 -0.9
v -1.2 4.1 -0.9
v -1.1 4 -0.9
v -1.1 4.1 -0.9
v -1 2.6 -0.9
v -1 2.8 -0.9
v -0.9 4.1 -0.9
v -0.9 4.2 -0.9
v -0.799999 4.1 -0.9
v -0.799999 4.2 -0.9
v -0.7 2.9 -0.9
v -0.7 3 -0.9
v -0.0999997 4 -0.9
v -0.0999997 4.1 -0.9
v 4.76837e-07 4 -0.9
v 4.76837e-07 4.1 -0.9
v 0.1 2.6 -0.9
v 0.1 3 -0.9
v 0.6 3.4 -0.9
v 0.6 3.5 -0.9
v 0.7 3.4 -0.9
v 0.7 3.5 -0.9
v 1 4.1 -0.9
v 1 4.2 -0.9
v 1.2 4.1 -0.9
v 1.2 4.2 -0.9
v -0.9 4 -1
v -0.9 4.1 -1
v -0.799999 4 -1
v -0.799999 4.1 -1
v -1.1 4 -1.1
v -1.1 4.2 -1.1
v -1 4.1 -1.1
v -1 4.2 -1.1
v -0.9 4 -1.1
v -0.9 4.1 -1.1
v -0.7 2.9 -1.1
v -0.7 3 -1.1
v -0.6 4.3 -1.1
v -0.6 4.4 -1.1
v -0.5 4.3 -1.1
v -0.5 4.4 -1.1
v 0.1 2.9 -1.1
v 0.1 3 -1.1
v 0.6 4.3 -1.1
v 0.6 4.4 -1.1
v 0.7 4.2 -1.1
v 0.7 4.3 -1.1
v 0.7 4.4 -1.1
v 0.800001 3 -1.1
v 0.800001 3.1 -1.1
v 0.900001 2.8 -1.1
v 0.900001 3 -1.1
v 0.900001 4.2 -1.1
v 0.900001 4.3 -1.1
v 1.2 2.8 -1.1
v 1.2 2.9 -1.1
v 1.2 3.1 -1.1
v -0.9 4 -1.2
v -0.9 4.1 -1.2
v -0.799999 4.1 -1.2
v -0.7 4 -1.2
v -0.7 4.1 -1.2
v 0.300001 4.3 -1.2
v 0.300001 4.4 -1.2
v 0.400001 4.3 -1.2
v 0.400001 4.4 -1.2
v 0.6 4.2 -1.2
v 0.6 4.3 -1.2
v 0.7 4.2 -1.2
v 0.7 4.3 -1.2
v 1.7 4.1 -1.2
v 1.7 4.2 -1.2
v 1.8 4.1 -1.2
v 1.8 4.2 -1.2
v -2.2 4.3 -1.3
v -2.2 4.4 -1.3
v -2.1 4.3 -1.3
v -2.1 4.4 -1.3
v -1.2 4 -1.3
v -1.2 4.3 -1.3
v -1.1 4 -1.3
v -1.1 4.3 -1.3
v -0.799999 4.1 -1.3
v -0.799999 4.2 -1.3
v -0.7 4.1 -1.3
v -0.7 4.2 -1.3
v -0.7 4.3 -1.3
v -0.7 4.4 -1.3
v -0.6 4.3 -1.3
v -0.6 4.4 -1.3
v 4.76837e-07 4.3 -1.3
v 4.76837e-07 4.4 -1.3
v 0.1 2.9 -1.3
v 0.1 3 -1.3
v 0.1 4.3 -1.3
v 0.1 4.4 -1.3
v 0.800001 3 -1.3
v 0.900001 2.9 -1.3
v 0.900001 3 -1.3
v 1.6 4.1 -1.3
v 1.6 4.2 -1.3
v 1.7 4.1 -1.3
v 1.7 4.2 -1.3
v -1.3 4 -1.4
v -1.3 4.3 -1.4
v -1.2 4 -1.4
v -1.2 4.3 -1.4
v -0.7 4.2 -1.4
v -0.7 4.3 -1.4
v -0.6 4.2 -1.4
v -0.6 4.3 -1.4
v 0.1 4.2 -1.4
v 0.1 4.3 -1.4
v 0.1 4.4 -1.4
v 0.2 4.2 -1.4
v 0.2 4.3 -1.4
v 0.2 4.4 -1.4
v 0.5 4.2 -1.4
v 0.5 4.3 -1.4
v 0.5 4.4 -1.4
v 0.6 4.3 -1.4
v 0.6 4.4 -1.4
v 1.4 4.1 -1.4
v 1.4 4.2 -1.4
v 1.6 4.1 -1.4
v 1.6 4.2 -1.4
v -1.4 4 -1.5
v -1.4 4.3 -1.5
v -1.3 4 -1.5
v -1.3 4.3 -1.5
v -0.6 4.2 -1.5
v -0.6 4.3 -1.5
v -0.4 4.2 -1.5
v -0.4 4.3 -1.5
v -0.2 4.2 -1.5
v -0.2 4.3 -1.5
v -0.0999997 4.2 -1.5
v -0.0999997 4.3 -1.5
v 0.6 4.2 -1.5
v 0.6 4.3 -1.5
v 1.1 4.1 -1.5
v 1.1 4.2 -1.5
v 1.1 4.3 -1.5
v 1.4 4.1 -1.5
v 1.4 4.2 -1.5
v -1.6 4.1 -1.6
v -1.6 4.3 -1.6
v -1.4 4.1 -1.6
v -1.4 4.3 -1.6
v -0.7 4.1 -1.6
v -0.7 4.2 -1.6
v -0.4 4.1 -1.6
v -0.4 4.2 -1.6
v -0.4 4.3 -1.6
v -0.299999 4.1 -1.6
v -0.2 4.2 -1.6
v -0.2 4.3 -1.6
v -0.0999997 4.2 -1.6
v -0.0999997 4.3 -1.6
v 4.76837e-07 4.1 -1.6
v 0.1 4.1 -1.6
v 0.1 4.2 -1.6
v 0.1 4.3 -1.6
v 0.5 4.2 -1.6
v 0.5 4.3 -1.6
v 0.6 4.2 -1.6
v 0.6 4.3 -1.6
v 1.1 4.1 -1.6
v 1.1 4.2 -1.6
v -1.7 4.1 -1.7
v -1.7 4.3 -1.7
v -1.6 4.1 -1.7
v -1.6 4.3 -1.7
v -1.8 4.1 -1.8
v -1.8 4.3 -1.8
v -1.7 4.1 -1.8
v -1.7 4.3 -1.8
v -2 4.1 -1.9
v -2 4.3 -1.9
v -1.9 3 -1.9
v -1.9 3.1 -1.9
v -1.8 3 -1.9
v -1.8 4.1 -1.9
v -1.8 4.3 -1.9
v -0.9 3 -1.9
v -0.9 3.1 -1.9
v -2.2 4.1 -2
v -2.2 4.3 -2
v -2.1 1.1 -2
v -2.1 1.9 -2
v -2 4.1 -2
v -2 4.3 -2
v -1 1.1 -2
v -1 1.9 -2
v 1 1.1 -2
v 1 1.9 -2
v 2 1.1 -2
v 2 1.9 -2
v -1.7 4 -2.1
v -1.7 4.1 -2.1
v -1.6 4 -2.1
v -1.6 4.1 -2.1
v -2.2 1.9 -2.5
v -2.2 2 -2.5
v 2.2 1.9 -2.5
v 2.2 2 -2.5
v -2.5 2 -2.6
v -2.5 2.1 -2.6
v -2.5 2.2 -2.6
v 2.5 2 -2.6
v 2.5 2.1 -2.6
v 2.5 2.2 -2.6
v -2.6 2.2 -2.7
v -2.6 2.4 -2.7
v -2.5 2.2 -2.7
v -2.5 2.4 -2.7
v 2.6 2.2 -2.7
v 2.6 2.4 -2.7
v -2.7 2.4 -2.8
v -2.7 2.6 -2.8
v 2.7 2.4 -2.8
v 2.7 2.6 -2.8
v -2.8 2.6 -2.9
v -2.8 2.8 -2.9
v 2.8 2.6 -2.9
v 2.8 2.8 -2.9
v -2.9 2.8 -3
v -2.9 3 -3
v 2.9 2.8 -3
v 2.9 3 -3
v -3 3 -3.1
v -3 3.2 -3.1
v 3 3 -3.1
v 3 3.2 -3.1
v -3.8 4.6 -3.2
v -3.8 4.8 -3.2
v -3.8 4.9 -3.2
v -3.7 4.6 -3.2
v -3.7 4.8 -3.2
v -3.2 4.8 -3.2
v -3.2 4.9 -3.2
v -3.1 3.2 -3.2
v -3.1 3.4 -3.2
v 3.1 3.2 -3.2
v 3.1 3.4 -3.2
v 3.2 4.8 -3.2
v 3.2 4.9 -3.2
v 3.7 4.6 -3.2
v 3.7 4.7 -3.2
v 3.7 4.8 -3.2
v 3.8 4.6 -3.2
v 3.8 4.8 -3.2
v 3.8 4.9 -3.2
v -3.2 3.4 -3.3
v -3.2 3.6 -3.3
v 3.2 3.4 -3.3
v 3.2 3.6 -3.3
v -3.3 3.6 -3.4
v -3.3 3.8 -3.4
v 3.3 3.6 -3.4
v 3.3 3.8 -3.4
v -3.4 3.8 -3.5
v -3.4 4 -3.5
v 3.4 3.8 -3.5
v 3.4 4 -3.5
v -3.5 4 -3.6
v -3.5 4.2 -3.6
v 3.5 4 -3.6
v 3.5 4.2 -3.6
v -3.6 4.2 -3.7
v -3.6 4.4 -3.7
v 3.6 4.2 -3.7
v 3.6 4.4 -3.7
v -3.7 4.4 -3.8
v -3.7 4.8 -3.8
v -3.2 4.6 -3.8
v -3.2 4.8 -3.8
v 3.2 4.6 -3.8
v 3.2 4.7 -3.8
v 3.2 4.8 -3.8
v 3.7 4.4 -3.8
v 3.7 4.7 -3.8
v 3.7 4.8 -3.8
v -3.2 4.6 -3.9
v -3.2 4.8 -3.9
v -3.2 4.9 -3.9
v 3.2 4.6 -3.9
v 3.2 4.8 -3.9
v 3.2 4.9 -3.9
v -2 1.1 2
v -1 1.1 2
v 1 1.1 2
v 2 1.1 2
v -2 1.1 1
v -1 1.1 1
v 1 1.1 1
v 2 1.1 1
v -2.1 1.1 -1
v -1 1.1 -1
v 1 1.1 -1
v 2 1.1 -1
v -2.1 1.1 -2
v -1 1.1 -2
v 1 1.1 -2
v 2 1.1 -2
v -2.2 1.9 2.2
v 2.2 1.9 2.2
v -2 1.9 2
v -1 1.9 2
v 1 1.9 2
v 2 1.9 2
v -2 1.9 1
v -1 1.9 1
v 1 1.9 1
v 2 1.9 1
v -2.1 1.9 -1
v -1 1.9 -1
v 1 1.9 -1
v 2 1.9 -1
v -2.1 1.9 -2
v -1 1.9 -2
v 1 1.9 -2
v 2 1.9 -2
v -2.2 1.9 -2.4
v 2.2 1.9 -2.4
v -2.2 1.9 -2.5
v 2.2 1.9 -2.5
v -2.5 2 2.4
v -2.4 2 2.4
v 2.4 2 2.4
v 2.5 2 2.4
v 2.4 2 2.3
v 2.5 2 2.3
v -2.2 2 2.2
v 2.2 2 2.2
v 2.4 2 2.2
v 2.5 2 2.2
v -1 2 1
v 1 2 1
v -1 2 -1
v 1 2 -1
v 2.4 2 -1.8
v 2.5 2 -1.8
v 2.4 2 -1.9
v 2.5 2 -1.9
v -2.4 2 -2.2
v -2.2 2 -2.2
v -2.2 2 -2.4
v 2.2 2 -2.4
v -2.5 2 -2.5
v -2.2 2 -2.5
v 2.2 2 -2.5
v -2.5 2 -2.6
v 2.5 2 -2.6
v -2.6 2.2 2.5
v -2.5 2.2 2.5
v 2.6 2.2 2.5
v -2.5 2.2 2.4
v -2.4 2.2 2.4
v 2.4 2.2 2.4
v 2.5 2.2 2.4
v 2.5 2.2 2.3
v 2.5 2.2 2.2
v 2.6 2.2 2.2
v 2.5 2.2 2.1
v 2.6 2.2 2.1
v 2.5 2.2 -1.7
v 2.6 2.2 -1.7
v 2.5 2.2 -1.8
v 2.6 2.2 -1.8
v 2.5 2.2 -1.9
v -2.5 2.2 -2.5
v 2.5 2.2 -2.5
v -2.5 2.2 -2.6
v 2.5 2.2 -2.6
v -2.6 2.2 -2.7
v -2.5 2.2 -2.7
v 2.6 2.2 -2.7
v -2.7 2.4 2.6
v -2.6 2.4 2.6
v 2.6 2.4 2.6
v 2.7 2.4 2.6
v -2.6 2.4 2.5
v -2.5 2.4 2.5
v 2.6 2.4 2.5
v 2.6 2.4 2.2
v 2.7 2.4 2.2
v 2.6 2.4 2.1
v 2.7 2.4 2.1
v 2.6 2.4 -1.6
v 2.7 2.4 -1.6
v 2.6 2.4 -1.7
v 2.7 2.4 -1.7
v 2.6 2.4 -1.8
v -2.7 2.4 -2.4
v -2.6 2.4 -2.4
v 2.6 2.4 -2.4
v 2.7 2.4 -2.4
v -2.7 2.4 -2.6
v -2.6 2.4 -2.6
v 2.6 2.4 -2.6
v 2.7 2.4 -2.6
v -2.6 2.4 -2.7
v -2.5 2.4 -2.7
v 2.6 2.4 -2.7
v -2.7 2.4 -2.8
v 2.7 2.4 -2.8
v -2.8 2.6 2.7
v 2.8 2.6 2.7
v -2.7 2.6 2.6
v -2.6 2.6 2.6
v 2.6 2.6 2.6
v 2.7 2.6 2.6
v 2.7 2.6 2.2
v 2.7 2.6 2.1
v 2.8 2.6 2.1
v 2.7 2.6 2
v 2.8 2.6 2
v 2.7 2.6 -1.4
v 2.8 2.6 -1.4
v 2.7 2.6 -1.5
v 2.8 2.6 -1.5
v 2.7 2.6 -1.6
v -2.7 2.6 -2.4
v 2.7 2.6 -2.4
v -2.8 2.6 -2.5
v -2.7 2.6 -2.5
v 2.7 2.6 -2.5
v 2.8 2.6 -2.5
v -2.7 2.6 -2.6
v 2.7 2.6 -2.6
v -2.7 2.6 -2.8
v 2.7 2.6 -2.8
v -2.8 2.6 -2.9
v 2.8 2.6 -2.9
v -2.9 2.8 2.8
v 2.9 2.8 2.8
v -2.8 2.8 2.7
v 2.8 2.8 2.7
v 2.8 2.8 2.1
v 2.9 2.8 2.1
v 2.8 2.8 2
v 2.9 2.8 2
v 0.800001 2.8 1
v 1 2.8 1
v 0.800001 2.8 -0.5
v 0.900001 2.8 -0.5
v 0.900001 2.8 -1
v 1 2.8 -1
v 2.8 2.8 -1.1
v 2.9 2.8 -1.1
v 2.8 2.8 -1.2
v 2.9 2.8 -1.2
v 2.8 2.8 -1.4
v -2.8 2.8 -2.5
v 2.8 2.8 -2.5
v -2.9 2.8 -2.6
v -2.8 2.8 -2.6
v 2.8 2.8 -2.6
v 2.9 2.8 -2.6
v -2.9 2.8 -2.9
v -2.8 2.8 -2.9
v 2.8 2.8 -2.9
v 2.9 2.8 -2.9
v -2.9 2.8 -3
v 2.9 2.8 -3
v -1.2 2.9 1.2
v -1 2.9 1.2
v -0.9 2.9 1.2
v 0.2 2.9 1.2
v 0.400001 2.9 1.2
v 0.800001 2.9 1.2
v -0.299999 2.9 1
v 0.800001 2.9 1
v -1.2 2.9 0.8
v -1.2 2.9 0.3
v -0.299999 2.9 0.3
v -1.2 2.9 -0.6
v -0.7 2.9 -0.6
v -1.2 2.9 -0.8
v -0.7 2.9 -0.8
v -1.2 2.9 -0.9
v -0.7 2.9 -0.9
v -0.7 2.9 -1
v 0.1 2.9 -1
v -0.7 2.9 -1.1
v 0.1 2.9 -1.1
v -1.2 2.9 -1.2
v -0.7 2.9 -1.2
v -3 3 2.9
v 3 3 2.9
v -2.9 3 2.8
v 2.9 3 2.8
v 2.9 3 2.1
v 2.9 3 2
v 3 3 2
v 2.9 3 1.9
v 3 3 1.9
v -0.7 3 -0.0999999
v -0.2 3 -0.0999999
v -0.2 3 -0.5
v 0.1 3 -0.5
v 2.9 3 -0.7
v 3 3 -0.7
v -0.7 3 -0.8
v 0.1 3 -0.8
v -0.7 3 -0.9
v 0.1 3 -0.9
v 2.9 3 -0.9
v 3 3 -0.9
v -0.7 3 -1
v 0.1 3 -1
v -0.7 3 -1.1
v 0.1 3 -1.1
v 2.9 3 -1.1
v 0.1 3 -1.3
v 0.800001 3 -1.3
v -0.7 3 -1.9
v -0.299999 3 -1.9
v -0.2 3 -1.9
v 0.800001 3 -1.9
v -2.9 3 -2.6
v 2.9 3 -2.6
v -3 3 -2.7
v -2.9 3 -2.7
v 2.9 3 -2.7
v 3 3 -2.7
v -2.9 3 -2.9
v 2.9 3 -2.9
v -3 3 -3
v -2.9 3 -3
v 2.9 3 -3
v 3 3 -3
v -3 3 -3.1
v 3 3 -3.1
v -2 3.1 2
v -1.9 3.1 2
v 1.9 3.1 2
v 2 3.1 2
v 0.6 3.1 1.8
v 1.9 3.1 1.8
v 0.6 3.1 1.7
v 0.900001 3.1 1.7
v -1.9 3.1 1.6
v -2 3.1 1.5
v -1.9 3.1 1.5
v -2 3.1 1.3
v 0.900001 3.1 1.2
v 1.2 3.1 1.2
v 0.6 3.1 0.1
v 0.800001 3.1 0.1
v 0.6 3.1 2.38419e-07
v 0.800001 3.1 2.38419e-07
v 1.6 3.1 -0.3
v 2 3.1 -0.3
v 1.6 3.1 -0.4
v 1.7 3.1 -0.4
v -2 3.1 -0.5
v 1.7 3.1 -0.5
v 2 3.1 -0.5
v -2 3.1 -0.8
v 0.800001 3.1 -1.1
v 1.2 3.1 -1.1
v -2 3.1 -1.4
v -1.9 3.1 -1.9
v -0.9 3.1 -1.9
v 1.2 3.1 -1.9
v 2 3.1 -1.9
v -2 3.1 -2
v -1.8 3.1 -2
v -1.2 3.1 -2
v -0.9 3.1 -2
v 0.800001 3.1 -2
v 1.2 3.1 -2
v -3.1 3.2 3
v 3.1 3.2 3
v -3 3.2 2.9
v 3 3.2 2.9
v 3 3.2 2
v 3.1 3.2 2
v 3 3.2 1.9
v 3.1 3.2 1.9
v 3 3.2 -0.4
v 3.1 3.2 -0.4
v 3 3.2 -0.6
v 3.1 3.2 -0.6
v 3 3.2 -0.7
v -3 3.2 -2.7
v 3 3.2 -2.7
v -3.1 3.2 -2.8
v -3 3.2 -2.8
v 3 3.2 -2.8
v 3.1 3.2 -2.8
v -3 3.2 -3
v 3 3.2 -3
v -3.1 3.2 -3.1
v -3 3.2 -3.1
v 3 3.2 -3.1
v 3.1 3.2 -3.1
v -3.1 3.2 -3.2
v 3.1 3.2 -3.2
v -3.2 3.4 3.1
v 1.3 3.4 3.1
v 1.5 3.4 3.1
v 3.2 3.4 3.1
v -3.1 3.4 3
v 1.3 3.4 3
v 1.5 3.4 3
v 3.1 3.4 3
v 3.1 3.4 2
v 3.1 3.4 1.9
v 3.2 3.4 1.9
v 3.1 3.4 1.8
v 3.2 3.4 1.8
v 3.1 3.4 2.38419e-07
v 3.2 3.4 2.38419e-07
v 3.1 3.4 -0.2
v 3.2 3.4 -0.2
v 3.1 3.4 -0.4
v -3.2 3.4 -2.8
v -3.1 3.4 -2.8
v 3.1 3.4 -2.8
v 3.2 3.4 -2.8
v -3.1 3.4 -3.1
v 3.1 3.4 -3.1
v -3.2 3.4 -3.2
v -3.1 3.4 -3.2
v 3.1 3.4 -3.2
v 3.2 3.4 -3.2
v -3.2 3.4 -3.3
v 3.2 3.4 -3.3
v 1.2 3.5 -0.3
v 1.5 3.5 -0.3
v 1.1 3.5 -0.4
v 1.2 3.5 -0.4
v 1.5 3.5 -0.4
v 1.6 3.5 -0.4
v 1.1 3.5 -0.5
v 1.2 3.5 -0.5
v 1.5 3.5 -0.5
v 1.6 3.5 -0.5
v 0.6 3.5 -0.9
v 0.7 3.5 -0.9
v 0.6 3.5 -1
v 0.7 3.5 -1
v -3.3 3.6 3.2
v 1.5 3.6 3.2
v 2 3.6 3.2
v 3.3 3.6 3.2
v -3.2 3.6 3.1
v 1.5 3.6 3.1
v 2 3.6 3.1
v 3.2 3.6 3.1
v 3.2 3.6 2.2
v 3.2 3.6 2.1
v 3.2 3.6 1.9
v 3.2 3.6 1.8
v 3.3 3.6 1.8
v 3.2 3.6 1.7
v 3.3 3.6 1.7
v 3.2 3.6 0.5
v 3.3 3.6 0.5
v 3.2 3.6 0.3
v 3.3 3.6 0.3
v 3.2 3.6 2.38419e-07
v 0.300001 3.6 -0.3
v 0.800001 3.6 -0.3
v 0.300001 3.6 -0.4
v 0.800001 3.6 -0.4
v 1 3.6 -0.5
v 1.2 3.6 -0.5
v 1 3.6 -0.6
v 1.2 3.6 -0.6
v 1 3.6 -0.7
v 1.1 3.6 -0.7
v 1 3.6 -0.8
v 1.1 3.6 -0.8
v -3.2 3.6 -2.8
v 3.2 3.6 -2.8
v -3.3 3.6 -3
v -3.2 3.6 -3
v 3.2 3.6 -3
v 3.3 3.6 -3
v -3.2 3.6 -3.2
v 3.2 3.6 -3.2
v -3.2 3.6 -3.3
v 3.2 3.6 -3.3
v -3.3 3.6 -3.4
v 3.3 3.6 -3.4
v -0.799999 3.7 -0.7
v -0.7 3.7 -0.7
v 1.2 3.7 -0.7
v 1.4 3.7 -0.7
v -0.799999 3.7 -0.8
v -0.7 3.7 -0.8
v 1.2 3.7 -0.8
v 1.4 3.7 -0.8
v -3.4 3.8 3.3
v 3.4 3.8 3.3
v -3.3 3.8 3.2
v 3.3 3.8 3.2
v 3.3 3.8 1.8
v 3.4 3.8 1.8
v 3.3 3.8 1.7
v 3.3 3.8 1.6
v 3.4 3.8 1.6
v 3.3 3.8 0.9
v 3.4 3.8 0.9
v 3.3 3.8 0.7
v 3.4 3.8 0.7
v 3.3 3.8 0.5
v 0.900001 3.8 -0.7
v 1 3.8 -0.7
v 0.900001 3.8 -0.8
v 1 3.8 -0.8
v -3.3 3.8 -3
v 3.3 3.8 -3
v -3.4 3.8 -3.1
v -3.3 3.8 -3.1
v 3.3 3.8 -3.1
v 3.4 3.8 -3.1
v -3.4 3.8 -3.4
v -3.3 3.8 -3.4
v 3.3 3.8 -3.4
v 3.4 3.8 -3.4
v -3.4 3.8 -3.5
v 3.4 3.8 -3.5
v -3.5 4 3.4
v 3.5 4 3.4
v -3.4 4 3.3
v 3.4 4 3.3
v 0.800001 4 -0.7
v 0.900001 4 -0.7
v 0.800001 4 -0.8
v 0.900001 4 -0.8
v -3.5 4 -3.2
v -3.4 4 -3.2
v 3.4 4 -3.2
v 3.5 4 -3.2
v -3.4 4 -3.4
v 3.4 4 -3.4
v -3.5 4 -3.5
v -3.4 4 -3.5
v 3.4 4 -3.5
v 3.5 4 -3.5
v -3.5 4 -3.6
v 3.5 4 -3.6
v -2.2 4.1 0.1
v -2.1 4.1 0.1
v -2.2 4.1 -0.0999999
v -2.1 4.1 -0.0999999
v -0.0999997 4.1 -0.9
v 4.76837e-07 4.1 -0.9
v -0.0999997 4.1 -1
v 4.76837e-07 4.1 -1
v -0.799999 4.1 -1.2
v -0.7 4.1 -1.2
v -0.799999 4.1 -1.3
v -0.7 4.1 -1.3
v -1.7 4.1 -2.1
v -1.6 4.1 -2.1
v -1.7 4.1 -2.2
v -1.6 4.1 -2.2
v -3.6 4.2 3.5
v 3.6 4.2 3.5
v -3.5 4.2 3.4
v 3.5 4.2 3.4
v -3.5 4.2 -3.2
v 3.5 4.2 -3.2
v -3.6 4.2 -3.3
v -3.5 4.2 -3.3
v 3.5 4.2 -3.3
v 3.6 4.2 -3.3
v -3.5 4.2 -3.5
v 3.5 4.2 -3.5
v -3.6 4.2 -3.6
v -3.5 4.2 -3.6
v 3.5 4.2 -3.6
v 3.6 4.2 -3.6
v -3.6 4.2 -3.7
v 3.6 4.2 -3.7
v -3.7 4.4 3.6
v 3.2 4.4 3.6
v 3.3 4.4 3.6
v 3.7 4.4 3.6
v -3.6 4.4 3.5
v 3.2 4.4 3.5
v 3.3 4.4 3.5
v 3.6 4.4 3.5
v -3.6 4.4 -3.3
v 3.6 4.4 -3.3
v -3.6 4.4 -3.6
v 3.6 4.4 -3.6
v 3.7 4.4 -3.6
v -3.6 4.4 -3.7
v 3.6 4.4 -3.7
v 3.7 4.4 -3.7
v -3.7 4.4 -3.8
v 3.7 4.4 -3.8
v -3.2 4.6 3.7
v 3.2 4.6 3.7
v -3.2 4.6 3.6
v 3.2 4.6 3.6
v -3.8 4.6 3.2
v -3.7 4.6 3.2
v 3.7 4.6 3.2
v 3.8 4.6 3.2
v 3.7 4.6 0.8
v 3.8 4.6 0.8
v 3.7 4.6 0.4
v 3.8 4.6 0.4
v -3.8 4.6 -3.2
v -3.7 4.6 -3.2
v 3.7 4.6 -3.2
v 3.8 4.6 -3.2
v -3.2 4.6 -3.8
v 3.2 4.6 -3.8
v -3.2 4.6 -3.9
v 3.2 4.6 -3.9
v -1 2.6 1
v -0.299999 2.6 1
v 0.800001 2.6 1
v 0.900001 2.6 1
v 1 2.6 1
v -1 2.6 0.5
v -1 2.6 0.3
v -0.299999 2.6 0.3
v -0.2 2.6 -0.5
v 0.1 2.6 -0.5
v 0.800001 2.6 -0.5
v 0.900001 2.6 -0.5
v -1 2.6 -0.6
v -0.2 2.6 -0.6
v -1 2.6 -0.8
v 0.1 2.6 -0.8
v -1 2.6 -0.9
v 0.1 2.6 -0.9
v -1 2.6 -1
v 0.1 2.6 -1
v 0.900001 2.6 -1
v 1 2.6 -1
v -1.2 2.8 1.2
v -1 2.8 1.2
v -0.9 2.8 1.2
v 0.2 2.8 1.2
v 0.300001 2.8 1.2
v 0.400001 2.8 1.2
v 0.800001 2.8 1.2
v -1.1 2.8 1.1
v -1 2.8 1.1
v -0.9 2.8 1.1
v 0.1 2.8 1.1
v 0.2 2.8 1.1
v -1 2.8 1
v -0.299999 2.8 1
v 0.1 2.8 1
v 0.300001 2.8 1
v 0.800001 2.8 1
v -1.2 2.8 0.9
v -1.1 2.8 0.9
v -1 2.8 0.9
v -1.2 2.8 0.8
v -1.2 2.8 0.7
v -1.1 2.8 0.7
v -1.2 2.8 0.4
v -1 2.8 0.4
v -1.2 2.8 0.3
v -1 2.8 0.3
v -1.2 2.8 -0.6
v -1 2.8 -0.6
v -1.2 2.8 -0.8
v -1 2.8 -0.8
v -1.2 2.8 -0.9
v -1 2.8 -0.9
v -1 2.8 -1
v 0.1 2.8 -1
v -1 2.8 -1.1
v -0.0999997 2.8 -1.1
v 4.76837e-07 2.8 -1.1
v 0.1 2.8 -1.1
v 0.900001 2.8 -1.1
v 1.2 2.8 -1.1
v -1.2 2.8 -1.2
v -0.0999997 2.8 -1.2
v 4.76837e-07 2.8 -1.2
v 0.1 2.8 -1.2
v 0.900001 2.8 -1.2
v 1.2 2.8 -1.2
v 0.6 2.9 1.8
v 1.9 2.9 1.8
v 0.6 2.9 1.7
v 0.900001 2.9 1.7
v 0.900001 2.9 1.2
v 1.2 2.9 1.2
v -0.7 2.9 -0.0999999
v -0.2 2.9 -0.0999999
v 1.6 2.9 -0.3
v 1.9 2.9 -0.3
v 1.6 2.9 -0.4
v 1.7 2.9 -0.4
v -0.2 2.9 -0.5
v 1.7 2.9 -0.5
v 1.9 2.9 -0.5
v -0.7 2.9 -0.6
v -0.2 2.9 -0.6
v 1.2 2.9 -1.1
v -0.7 2.9 -1.2
v -0.0999997 2.9 -1.2
v 4.76837e-07 2.9 -1.2
v 0.1 2.9 -1.2
v 0.900001 2.9 -1.2
v 1.2 2.9 -1.2
v 0.1 2.9 -1.3
v 0.900001 2.9 -1.3
v -0.2 2.9 -1.4
v -0.0999997 2.9 -1.4
v 4.76837e-07 2.9 -1.4
v -0.299999 2.9 -1.8
v -0.2 2.9 -1.8
v -0.0999997 2.9 -1.8
v -0.7 2.9 -1.9
v -0.299999 2.9 -1.9
v -0.2 2.9 -1.9
v 1.9 2.9 -1.9
v -2 3 2
v -1.9 3 2
v 1.9 3 2
v 2 3 2
v 1.9 3 1.8
v -1.9 3 1.6
v -2 3 1.5
v -1.9 3 1.5
v -2 3 1.3
v -2 3 0.5
v -1.9 3 0.5
v 0.6 3 0.1
v 0.800001 3 0.1
v 0.6 3 2.38419e-07
v 0.800001 3 2.38419e-07
v 1.9 3 -0.3
v 2 3 -0.3
v -2 3 -0.5
v 1.9 3 -0.5
v 2 3 -0.5
v -2 3 -0.6
v -1.9 3 -0.6
v -2 3 -0.8
v 0.800001 3 -1.1
v 0.900001 3 -1.1
v 0.800001 3 -1.3
v 0.900001 3 -1.3
v -2 3 -1.4
v -2 3 -1.8
v -1.9 3 -1.8
v -1.9 3 -1.9
v -1.8 3 -1.9
v -0.9 3 -1.9
v 0.800001 3 -1.9
v 1.2 3 -1.9
v 1.9 3 -1.9
v 2 3 -1.9
v -2 3 -2
v -1.8 3 -2
v -1.2 3 -2
v -0.9 3 -2
v 0.800001 3 -2
v 1.2 3 -2
v 1.2 3.4 -0.3
v 1.5 3.4 -0.3
v 1.1 3.4 -0.4
v 1.2 3.4 -0.4
v 1.5 3.4 -0.4
v 1.6 3.4 -0.4
v 1.1 3.4 -0.5
v 1.2 3.4 -0.5
v 1.5 3.4 -0.5
v 1.6 3.4 -0.5
v 0.6 3.4 -0.9
v 0.7 3.4 -0.9
v 0.6 3.4 -1
v 0.7 3.4 -1
v 0.300001 3.5 -0.3
v 0.7 3.5 -0.3
v 0.800001 3.5 -0.3
v 0.300001 3.5 -0.4
v 0.7 3.5 -0.4
v 0.800001 3.5 -0.4
v 1 3.5 -0.5
v 1.2 3.5 -0.5
v 1 3.5 -0.6
v 1.2 3.5 -0.6
v -0.799999 3.5 -0.7
v -0.7 3.5 -0.7
v 0.900001 3.5 -0.7
v 1.1 3.5 -0.7
v -0.799999 3.5 -0.8
v -0.7 3.5 -0.8
v 0.900001 3.5 -0.8
v 1.1 3.5 -0.8
v 0.800001 3.6 -0.7
v 0.900001 3.6 -0.7
v 1.2 3.6 -0.7
v 1.4 3.6 -0.7
v 0.800001 3.6 -0.8
v 0.900001 3.6 -0.8
v 1.2 3.6 -0.8
v 1.4 3.6 -0.8
v 1.2 4 0.4
v 1.3 4 0.4
v -1 4 0.3
v -0.9 4 0.3
v 1.2 4 0.3
v 1.3 4 0.3
v 1.4 4 0.3
v -1 4 0.2
v -0.9 4 0.2
v -0.7 4 0.2
v -2.2 4 0.1
v -2.1 4 0.1
v -0.799999 4 0.1
v -0.7 4 0.1
v 1.2 4 0.1
v 1.3 4 0.1
v -0.799999 4 2.38419e-07
v -2.2 4 -0.0999999
v -2.1 4 -0.0999999
v -0.9 4 -0.0999999
v -0.799999 4 -0.0999999
v 1.2 4 -0.0999999
v 1.3 4 -0.0999999
v 1.4 4 -0.0999999
v -1 4 -0.6
v -0.9 4 -0.6
v -1.1 4 -0.7
v -1 4 -0.7
v -0.9 4 -0.8
v -1.2 4 -0.9
v -1.1 4 -0.9
v -1 4 -0.9
v -0.9 4 -0.9
v -0.0999997 4 -0.9
v 4.76837e-07 4 -0.9
v -1.2 4 -1
v -1.1 4 -1
v -1 4 -1
v -0.9 4 -1
v -0.799999 4 -1
v -0.0999997 4 -1
v 4.76837e-07 4 -1
v -1.1 4 -1.1
v -0.9 4 -1.1
v -0.799999 4 -1.1
v -0.9 4 -1.2
v -0.7 4 -1.2
v -1.2 4 -1.3
v -1.1 4 -1.3
v -0.799999 4 -1.3
v -0.7 4 -1.3
v -1.3 4 -1.4
v -1.2 4 -1.4
v -0.9 4 -1.4
v -0.799999 4 -1.4
v -1.4 4 -1.5
v -1.3 4 -1.5
v -1 4 -1.5
v -0.9 4 -1.5
v -1.4 4 -1.6
v -1.1 4 -1.6
v -1 4 -1.6
v -1.7 4 -2.1
v -1.6 4 -2.1
v -1.7 4 -2.2
v -1.6 4 -2.2
v -2.2 4.1 2.2
v -1.1 4.1 2.2
v 0.300001 4.1 2.2
v 0.7 4.1 2.2
v 0.800001 4.1 2.2
v 1.3 4.1 2.2
v 1.4 4.1 2.2
v 1.8 4.1 2.2
v 2.2 4.1 2.2
v 0.2 4.1 2.1
v 0.300001 4.1 2.1
v 0.6 4.1 2.1
v 0.7 4.1 2.1
v 0.800001 4.1 2.1
v 1.6 4.1 2.1
v 0.1 4.1 2
v 0.2 4.1 2
v 0.300001 4.1 2
v 1.7 4.1 2
v 1.8 4.1 2
v -0.799999 4.1 1.9
v -0.7 4.1 1.9
v -0.0999997 4.1 1.9
v 0.1 4.1 1.9
v 0.2 4.1 1.9
v 0.5 4.1 1.9
v 0.6 4.1 1.9
v 0.7 4.1 1.9
v 1.4 4.1 1.9
v 1.6 4.1 1.9
v 1.7 4.1 1.9
v -1.6 4.1 1.8
v -1.1 4.1 1.8
v -0.799999 4.1 1.8
v -0.0999997 4.1 1.8
v 0.1 4.1 1.8
v 0.400001 4.1 1.8
v 0.5 4.1 1.8
v 0.6 4.1 1.8
v 1.3 4.1 1.8
v 1.4 4.1 1.8
v 1.6 4.1 1.8
v -1.8 4.1 1.7
v -1.6 4.1 1.7
v -1.1 4.1 1.7
v -0.9 4.1 1.7
v 0.400001 4.1 1.7
v 0.5 4.1 1.7
v 1.2 4.1 1.7
v 1.3 4.1 1.7
v -1.9 4.1 1.6
v -1.8 4.1 1.6
v -1.1 4.1 1.6
v -1 4.1 1.6
v -0.9 4.1 1.6
v -0.799999 4.1 1.6
v -0.7 4.1 1.6
v -0.6 4.1 1.6
v -0.5 4.1 1.6
v 1 4.1 1.6
v 1.2 4.1 1.6
v 1.3 4.1 1.6
v 1.4 4.1 1.6
v -2 4.1 1.5
v -1.9 4.1 1.5
v -1.1 4.1 1.5
v -1 4.1 1.5
v -0.9 4.1 1.5
v -0.799999 4.1 1.5
v -0.7 4.1 1.5
v -0.6 4.1 1.5
v -0.5 4.1 1.5
v 0.800001 4.1 1.5
v 1 4.1 1.5
v 1.1 4.1 1.5
v 1.3 4.1 1.5
v 1.4 4.1 1.5
v -1.1 4.1 1.4
v -1 4.1 1.4
v -0.9 4.1 1.4
v -0.7 4.1 1.4
v -0.5 4.1 1.4
v -0.2 4.1 1.4
v -0.0999997 4.1 1.4
v 4.76837e-07 4.1 1.4
v 0.2 4.1 1.4
v 0.5 4.1 1.4
v 0.800001 4.1 1.4
v 0.900001 4.1 1.4
v 1 4.1 1.4
v 1.1 4.1 1.4
v 1.3 4.1 1.4
v -2.1 4.1 1.3
v -2 4.1 1.3
v -0.799999 4.1 1.3
v -0.7 4.1 1.3
v 4.76837e-07 4.1 1.3
v 0.1 4.1 1.3
v 0.2 4.1 1.3
v 0.300001 4.1 1.3
v 0.5 4.1 1.3
v 0.7 4.1 1.3
v 0.900001 4.1 1.3
v 1 4.1 1.3
v 1.1 4.1 1.3
v 1.4 4.1 1.3
v -0.9 4.1 1.2
v -0.799999 4.1 1.2
v -0.7 4.1 1.2
v -0.6 4.1 1.2
v -0.5 4.1 1.2
v -0.4 4.1 1.2
v -0.299999 4.1 1.2
v -0.2 4.1 1.2
v -0.0999997 4.1 1.2
v 4.76837e-07 4.1 1.2
v 0.1 4.1 1.2
v 0.2 4.1 1.2
v 0.300001 4.1 1.2
v 0.400001 4.1 1.2
v 0.7 4.1 1.2
v 0.900001 4.1 1.2
v 1 4.1 1.2
v 1.1 4.1 1.2
v -2.2 4.1 1.1
v -2.1 4.1 1.1
v -1 4.1 1.1
v -0.9 4.1 1.1
v -0.799999 4.1 1.1
v -0.7 4.1 1.1
v -0.6 4.1 1.1
v -0.5 4.1 1.1
v -0.4 4.1 1.1
v -0.299999 4.1 1.1
v 0.400001 4.1 1.1
v 0.5 4.1 1.1
v 0.6 4.1 1.1
v 0.900001 4.1 1.1
v 1 4.1 1.1
v 1.2 4.1 1.1
v -1.1 4.1 1
v -1 4.1 1
v -0.9 4.1 1
v -0.799999 4.1 1
v -0.7 4.1 1
v -0.6 4.1 1
v -0.5 4.1 1
v -0.4 4.1 1
v 0.5 4.1 1
v 0.6 4.1 1
v 0.800001 4.1 1
v 0.900001 4.1 1
v 1.2 4.1 1
v 1.3 4.1 1
v -0.9 4.1 0.9
v -0.799999 4.1 0.9
v -0.7 4.1 0.9
v -0.6 4.1 0.9
v -0.5 4.1 0.9
v 4.76837e-07 4.1 0.9
v 0.1 4.1 0.9
v 0.6 4.1 0.9
v 0.7 4.1 0.9
v 0.800001 4.1 0.9
v 1 4.1 0.9
v 1.1 4.1 0.9
v 1.3 4.1 0.9
v 1.4 4.1 0.9
v -1.1 4.1 0.8
v -1 4.1 0.8
v -0.5 4.1 0.8
v -0.4 4.1 0.8
v 0.300001 4.1 0.8
v 0.6 4.1 0.8
v 0.7 4.1 0.8
v 1 4.1 0.8
v 1.1 4.1 0.8
v 1.2 4.1 0.8
v 1.3 4.1 0.8
v 1.4 4.1 0.8
v 1.5 4.1 0.8
v -1.1 4.1 0.7
v -1 4.1 0.7
v -0.7 4.1 0.7
v -0.6 4.1 0.7
v -0.4 4.1 0.7
v 4.76837e-07 4.1 0.7
v 0.1 4.1 0.7
v 0.2 4.1 0.7
v 0.400001 4.1 0.7
v 0.6 4.1 0.7
v 0.7 4.1 0.7
v 1.1 4.1 0.7
v 1.2 4.1 0.7
v 1.3 4.1 0.7
v 1.4 4.1 0.7
v -1 4.1 0.6
v -0.799999 4.1 0.6
v -0.7 4.1 0.6
v 4.76837e-07 4.1 0.6
v 0.1 4.1 0.6
v 0.2 4.1 0.6
v 0.300001 4.1 0.6
v 0.400001 4.1 0.6
v 0.6 4.1 0.6
v 1.3 4.1 0.6
v 1.4 4.1 0.6
v 1.5 4.1 0.6
v -1.1 4.1 0.5
v -1 4.1 0.5
v -0.9 4.1 0.5
v -0.799999 4.1 0.5
v 0.400001 4.1 0.5
v 0.6 4.1 0.5
v 1.1 4.1 0.5
v 1.2 4.1 0.5
v 1.3 4.1 0.5
v 1.4 4.1 0.5
v 1.5 4.1 0.5
v 1.6 4.1 0.5
v -1.1 4.1 0.4
v -1 4.1 0.4
v -0.9 4.1 0.4
v -0.7 4.1 0.4
v -0.0999997 4.1 0.4
v 4.76837e-07 4.1 0.4
v 1 4.1 0.4
v 1.1 4.1 0.4
v 1.2 4.1 0.4
v 1.3 4.1 0.4
v 1.4 4.1 0.4
v 1.5 4.1 0.4
v 1.6 4.1 0.4
v 1.7 4.1 0.4
v -1.2 4.1 0.3
v -1.1 4.1 0.3
v -1 4.1 0.3
v -0.9 4.1 0.3
v -0.7 4.1 0.3
v -0.4 4.1 0.3
v -0.0999997 4.1 0.3
v 4.76837e-07 4.1 0.3
v 1 4.1 0.3
v 1.2 4.1 0.3
v 1.3 4.1 0.3
v 1.4 4.1 0.3
v 1.5 4.1 0.3
v 1.6 4.1 0.3
v -1 4.1 0.2
v -0.9 4.1 0.2
v -0.7 4.1 0.2
v -0.6 4.1 0.2
v -0.2 4.1 0.2
v -0.0999997 4.1 0.2
v 4.76837e-07 4.1 0.2
v 0.1 4.1 0.2
v 0.2 4.1 0.2
v 1.5 4.1 0.2
v 1.6 4.1 0.2
v -1.2 4.1 0.1
v -1 4.1 0.1
v -0.799999 4.1 0.1
v -0.7 4.1 0.1
v -0.299999 4.1 0.1
v -0.2 4.1 0.1
v 4.76837e-07 4.1 0.1
v 0.1 4.1 0.1
v 0.2 4.1 0.1
v 1.1 4.1 0.1
v 1.2 4.1 0.1
v 1.3 4.1 0.1
v 1.6 4.1 0.1
v 1.7 4.1 0.1
v -1.4 4.1 2.38419e-07
v -1 4.1 2.38419e-07
v -0.799999 4.1 2.38419e-07
v -0.6 4.1 2.38419e-07
v -0.5 4.1 2.38419e-07
v -0.0999997 4.1 2.38419e-07
v 4.76837e-07 4.1 2.38419e-07
v 0.1 4.1 2.38419e-07
v 0.2 4.1 2.38419e-07
v 0.300001 4.1 2.38419e-07
v 1.4 4.1 2.38419e-07
v 1.5 4.1 2.38419e-07
v -1.5 4.1 -0.0999999
v -1.4 4.1 -0.0999999
v -1 4.1 -0.0999999
v -0.9 4.1 -0.0999999
v -0.799999 4.1 -0.0999999
v -0.6 4.1 -0.0999999
v -0.5 4.1 -0.0999999
v -0.299999 4.1 -0.0999999
v -0.2 4.1 -0.0999999
v -0.0999997 4.1 -0.0999999
v 4.76837e-07 4.1 -0.0999999
v 0.1 4.1 -0.0999999
v 0.300001 4.1 -0.0999999
v 0.400001 4.1 -0.0999999
v 0.5 4.1 -0.0999999
v 1 4.1 -0.0999999
v 1.1 4.1 -0.0999999
v 1.2 4.1 -0.0999999
v 1.3 4.1 -0.0999999
v 1.4 4.1 -0.0999999
v 1.5 4.1 -0.0999999
v 1.6 4.1 -0.0999999
v -0.799999 4.1 -0.2
v -0.7 4.1 -0.2
v -0.6 4.1 -0.2
v -0.5 4.1 -0.2
v -0.4 4.1 -0.2
v -0.299999 4.1 -0.2
v 0.5 4.1 -0.2
v 0.6 4.1 -0.2
v 0.800001 4.1 -0.2
v 1 4.1 -0.2
v 1.1 4.1 -0.2
v 1.2 4.1 -0.2
v 1.3 4.1 -0.2
v 1.4 4.1 -0.2
v 1.5 4.1 -0.2
v -0.799999 4.1 -0.3
v -0.7 4.1 -0.3
v -0.6 4.1 -0.3
v -0.5 4.1 -0.3
v -0.4 4.1 -0.3
v -0.299999 4.1 -0.3
v -0.2 4.1 -0.3
v -0.0999997 4.1 -0.3
v 4.76837e-07 4.1 -0.3
v 0.400001 4.1 -0.3
v 0.6 4.1 -0.3
v 0.800001 4.1 -0.3
v 1 4.1 -0.3
v 1.1 4.1 -0.3
v 1.2 4.1 -0.3
v 1.3 4.1 -0.3
v 1.4 4.1 -0.3
v 1.5 4.1 -0.3
v -1.1 4.1 -0.4
v -0.9 4.1 -0.4
v -0.799999 4.1 -0.4
v -0.7 4.1 -0.4
v -0.6 4.1 -0.4
v -0.5 4.1 -0.4
v -0.299999 4.1 -0.4
v -0.2 4.1 -0.4
v -0.0999997 4.1 -0.4
v 4.76837e-07 4.1 -0.4
v 0.6 4.1 -0.4
v 0.800001 4.1 -0.4
v 1 4.1 -0.4
v 1.1 4.1 -0.4
v -1.6 4.1 -0.5
v -1.5 4.1 -0.5
v -0.9 4.1 -0.5
v -0.799999 4.1 -0.5
v -0.7 4.1 -0.5
v -0.6 4.1 -0.5
v -0.2 4.1 -0.5
v -0.0999997 4.1 -0.5
v 4.76837e-07 4.1 -0.5
v -1.6 4.1 -0.6
v -1.5 4.1 -0.6
v -1 4.1 -0.6
v -0.9 4.1 -0.6
v 0.800001 4.1 -0.6
v 0.900001 4.1 -0.6
v -1.1 4.1 -0.7
v -1 4.1 -0.7
v 0.800001 4.1 -0.7
v 0.900001 4.1 -0.7
v 1 4.1 -0.7
v 1.1 4.1 -0.7
v 1.2 4.1 -0.7
v 1.5 4.1 -0.7
v 1.6 4.1 -0.7
v -1.6 4.1 -0.8
v -1.5 4.1 -0.8
v -0.9 4.1 -0.8
v -0.799999 4.1 -0.8
v -0.7 4.1 -0.8
v -0.4 4.1 -0.8
v -0.299999 4.1 -0.8
v -0.0999997 4.1 -0.8
v 4.76837e-07 4.1 -0.8
v 0.1 4.1 -0.8
v 0.300001 4.1 -0.8
v 0.6 4.1 -0.8
v 0.7 4.1 -0.8
v 0.800001 4.1 -0.8
v 0.900001 4.1 -0.8
v 1 4.1 -0.8
v 1.1 4.1 -0.8
v 1.2 4.1 -0.8
v 1.5 4.1 -0.8
v 1.6 4.1 -0.8
v 1.7 4.1 -0.8
v 2.2 4.1 -0.8
v -1.6 4.1 -0.9
v -1.4 4.1 -0.9
v -1.2 4.1 -0.9
v -1.1 4.1 -0.9
v -1 4.1 -0.9
v -0.9 4.1 -0.9
v -0.799999 4.1 -0.9
v -0.7 4.1 -0.9
v -0.6 4.1 -0.9
v -0.5 4.1 -0.9
v -0.4 4.1 -0.9
v -0.299999 4.1 -0.9
v -0.0999997 4.1 -0.9
v 4.76837e-07 4.1 -0.9
v 0.1 4.1 -0.9
v 0.2 4.1 -0.9
v 0.300001 4.1 -0.9
v 0.400001 4.1 -0.9
v 0.6 4.1 -0.9
v 1 4.1 -0.9
v 1.2 4.1 -0.9
v -1.4 4.1 -1
v -1.2 4.1 -1
v -1 4.1 -1
v -0.9 4.1 -1
v -0.799999 4.1 -1
v -0.7 4.1 -1
v 1 4.1 -1
v 1.1 4.1 -1
v 1.7 4.1 -1
v 1.8 4.1 -1
v -1 4.1 -1.1
v -0.9 4.1 -1.1
v -0.799999 4.1 -1.1
v -0.7 4.1 -1.1
v -0.9 4.1 -1.2
v -0.799999 4.1 -1.2
v 1.5 4.1 -1.2
v 1.6 4.1 -1.2
v 1.7 4.1 -1.2
v 1.8 4.1 -1.2
v -0.799999 4.1 -1.3
v -0.7 4.1 -1.3
v 1.3 4.1 -1.3
v 1.5 4.1 -1.3
v 1.6 4.1 -1.3
v 1.7 4.1 -1.3
v -0.9 4.1 -1.4
v -0.799999 4.1 -1.4
v -0.7 4.1 -1.4
v 1.1 4.1 -1.4
v 1.3 4.1 -1.4
v 1.4 4.1 -1.4
v 1.6 4.1 -1.4
v -1 4.1 -1.5
v -0.9 4.1 -1.5
v -0.799999 4.1 -1.5
v 1.1 4.1 -1.5
v 1.4 4.1 -1.5
v -1.6 4.1 -1.6
v -1.4 4.1 -1.6
v -1.1 4.1 -1.6
v -1 4.1 -1.6
v -0.9 4.1 -1.6
v -0.7 4.1 -1.6
v -0.4 4.1 -1.6
v -0.299999 4.1 -1.6
v 4.76837e-07 4.1 -1.6
v 0.1 4.1 -1.6
v 1.1 4.1 -1.6
v 2.2 4.1 -1.6
v -1.7 4.1 -1.7
v -1.6 4.1 -1.7
v -1.1 4.1 -1.7
v -1 4.1 -1.7
v -0.6 4.1 -1.7
v -0.4 4.1 -1.7
v -0.299999 4.1 -1.7
v -0.0999997 4.1 -1.7
v 4.76837e-07 4.1 -1.7
v -1.8 4.1 -1.8
v -1.7 4.1 -1.8
v -0.799999 4.1 -1.8
v -0.6 4.1 -1.8
v -0.4 4.1 -1.8
v -0.299999 4.1 -1.8
v -0.0999997 4.1 -1.8
v 4.76837e-07 4.1 -1.8
v 0.1 4.1 -1.8
v -2 4.1 -1.9
v -1.8 4.1 -1.9
v -1.1 4.1 -1.9
v -0.799999 4.1 -1.9
v -0.6 4.1 -1.9
v -0.299999 4.1 -1.9
v 4.76837e-07 4.1 -1.9
v -2.2 4.1 -2
v -2 4.1 -2
v -1.1 4.1 -2
v -1 4.1 -2
v -0.799999 4.1 -2
v -0.299999 4.1 -2
v -2.2 4.1 -2.1
v -1.6 4.1 -2.1
v -1.1 4.1 -2.1
v -1 4.1 -2.1
v -1.6 4.1 -2.2
v -0.299999 4.1 -2.2
v -0.2 4.1 -2.2
v 0.400001 4.1 -2.2
v 0.5 4.1 -2.2
v 2.2 4.1 -2.2
v -1 4.2 1.6
v -0.9 4.2 1.6
v -0.7 4.2 1.5
v -0.5 4.2 1.5
v -1 4.2 1.4
v -0.9 4.2 1.4
v -0.7 4.2 1.4
v -0.6 4.2 1.4
v -0.5 4.2 1.4
v -0.4 4.2 1.4
v -0.2 4.2 1.4
v -0.0999997 4.2 1.4
v 4.76837e-07 4.2 1.4
v -0.7 4.2 1.3
v -0.6 4.2 1.3
v -0.5 4.2 1.3
v -0.4 4.2 1.3
v -0.2 4.2 1.3
v -0.0999997 4.2 1.3
v -0.799999 4.2 1.2
v -0.7 4.2 1.2
v -0.5 4.2 1.2
v -0.4 4.2 1.2
v -0.2 4.2 1.2
v -0.0999997 4.2 1.2
v 4.76837e-07 4.2 1.2
v 0.1 4.2 1.2
v 0.2 4.2 1.2
v 0.300001 4.2 1.2
v 0.400001 4.2 1.2
v -0.9 4.2 1.1
v -0.799999 4.2 1.1
v -0.7 4.2 1.1
v -0.5 4.2 1.1
v -0.4 4.2 1.1
v 0.400001 4.2 1.1
v 0.5 4.2 1.1
v -1 4.2 1
v -0.9 4.2 1
v -0.799999 4.2 1
v -0.7 4.2 1
v 0.2 4.2 1
v 0.300001 4.2 1
v 0.5 4.2 1
v 0.800001 4.2 1
v -0.9 4.2 0.9
v -0.799999 4.2 0.9
v -0.7 4.2 0.9
v -0.6 4.2 0.9
v 4.76837e-07 4.2 0.9
v 0.1 4.2 0.9
v 0.2 4.2 0.9
v 0.300001 4.2 0.9
v 0.5 4.2 0.9
v 0.6 4.2 0.9
v 0.800001 4.2 0.9
v 1 4.2 0.9
v 1.1 4.2 0.9
v 0.300001 4.2 0.8
v 0.6 4.2 0.8
v 0.7 4.2 0.8
v 1 4.2 0.8
v 1.1 4.2 0.8
v -1.1 4.2 0.7
v -1 4.2 0.7
v -0.7 4.2 0.7
v -0.6 4.2 0.7
v 4.76837e-07 4.2 0.7
v 0.1 4.2 0.7
v 0.2 4.2 0.7
v 0.6 4.2 0.7
v 0.7 4.2 0.7
v 1 4.2 0.7
v 1.1 4.2 0.7
v 1.3 4.2 0.7
v -1 4.2 0.6
v -0.7 4.2 0.6
v 4.76837e-07 4.2 0.6
v 0.1 4.2 0.6
v 0.2 4.2 0.6
v 0.300001 4.2 0.6
v 0.400001 4.2 0.6
v 0.6 4.2 0.6
v 0.7 4.2 0.6
v 1.1 4.2 0.6
v 1.2 4.2 0.6
v 1.3 4.2 0.6
v -1.1 4.2 0.5
v -1 4.2 0.5
v 0.400001 4.2 0.5
v 0.6 4.2 0.5
v 1.1 4.2 0.5
v 1.2 4.2 0.5
v 1.3 4.2 0.5
v 1.4 4.2 0.5
v 1.5 4.2 0.5
v -1 4.2 0.4
v -0.7 4.2 0.4
v 1 4.2 0.4
v 1.1 4.2 0.4
v 1.3 4.2 0.4
v 1.4 4.2 0.4
v 1.5 4.2 0.4
v -1 4.2 0.3
v -0.7 4.2 0.3
v -0.4 4.2 0.3
v -0.0999997 4.2 0.3
v 4.76837e-07 4.2 0.3
v 0.1 4.2 0.3
v 1 4.2 0.3
v 1.2 4.2 0.3
v -0.7 4.2 0.2
v -0.6 4.2 0.2
v -0.5 4.2 0.2
v -0.4 4.2 0.2
v -0.2 4.2 0.2
v -0.0999997 4.2 0.2
v 4.76837e-07 4.2 0.2
v 0.1 4.2 0.2
v 0.2 4.2 0.2
v 0.300001 4.2 0.2
v -1.2 4.2 0.1
v -1 4.2 0.1
v -0.299999 4.2 0.1
v -0.2 4.2 0.1
v 4.76837e-07 4.2 0.1
v 0.1 4.2 0.1
v 0.2 4.2 0.1
v 0.300001 4.2 0.1
v 1.1 4.2 0.1
v 1.2 4.2 0.1
v -1.2 4.2 2.38419e-07
v -1 4.2 2.38419e-07
v -0.799999 4.2 2.38419e-07
v -0.6 4.2 2.38419e-07
v -0.5 4.2 2.38419e-07
v 0.2 4.2 2.38419e-07
v 0.300001 4.2 2.38419e-07
v 1.4 4.2 2.38419e-07
v 1.5 4.2 2.38419e-07
v -0.799999 4.2 -0.0999999
v -0.7 4.2 -0.0999999
v -0.5 4.2 -0.0999999
v -0.299999 4.2 -0.0999999
v 0.300001 4.2 -0.0999999
v 0.5 4.2 -0.0999999
v 1 4.2 -0.0999999
v 1.1 4.2 -0.0999999
v -0.799999 4.2 -0.2
v -0.7 4.2 -0.2
v -0.6 4.2 -0.2
v 0.5 4.2 -0.2
v 0.6 4.2 -0.2
v 0.800001 4.2 -0.2
v 1 4.2 -0.2
v 1.2 4.2 -0.2
v 1.3 4.2 -0.2
v 1.4 4.2 -0.2
v 1.5 4.2 -0.2
v -0.799999 4.2 -0.3
v -0.7 4.2 -0.3
v -0.5 4.2 -0.3
v -0.299999 4.2 -0.3
v 1.2 4.2 -0.3
v 1.3 4.2 -0.3
v -0.5 4.2 -0.4
v -0.299999 4.2 -0.4
v -0.2 4.2 -0.4
v -0.0999997 4.2 -0.4
v 0.6 4.2 -0.4
v 0.800001 4.2 -0.4
v -0.2 4.2 -0.5
v -0.0999997 4.2 -0.5
v 0.800001 4.2 -0.7
v 0.900001 4.2 -0.7
v -0.9 4.2 -0.8
v -0.799999 4.2 -0.8
v 4.76837e-07 4.2 -0.8
v 0.1 4.2 -0.8
v 0.6 4.2 -0.8
v 0.7 4.2 -0.8
v 0.800001 4.2 -0.8
v 0.900001 4.2 -0.8
v 1 4.2 -0.8
v 1.2 4.2 -0.8
v 1.6 4.2 -0.8
v 1.7 4.2 -0.8
v -0.9 4.2 -0.9
v -0.799999 4.2 -0.9
v -0.7 4.2 -0.9
v -0.6 4.2 -0.9
v -0.5 4.2 -0.9
v 4.76837e-07 4.2 -0.9
v 0.1 4.2 -0.9
v 0.2 4.2 -0.9
v 0.400001 4.2 -0.9
v 0.6 4.2 -0.9
v 0.7 4.2 -0.9
v 0.800001 4.2 -0.9
v 0.900001 4.2 -0.9
v 1 4.2 -0.9
v 1.2 4.2 -0.9
v -1.1 4.2 -1
v -1 4.2 -1
v -0.7 4.2 -1
v -0.6 4.2 -1
v -0.5 4.2 -1
v 4.76837e-07 4.2 -1
v 0.1 4.2 -1
v 0.2 4.2 -1
v 0.300001 4.2 -1
v 0.400001 4.2 -1
v 0.5 4.2 -1
v 0.6 4.2 -1
v 0.7 4.2 -1
v 0.800001 4.2 -1
v 0.900001 4.2 -1
v 1 4.2 -1
v 1.1 4.2 -1
v 1.7 4.2 -1
v 1.8 4.2 -1
v -1.1 4.2 -1.1
v -1 4.2 -1.1
v -0.799999 4.2 -1.1
v -0.7 4.2 -1.1
v 0.7 4.2 -1.1
v 0.900001 4.2 -1.1
v 0.6 4.2 -1.2
v 0.7 4.2 -1.2
v 1.5 4.2 -1.2
v 1.6 4.2 -1.2
v 1.7 4.2 -1.2
v 1.8 4.2 -1.2
v -0.799999 4.2 -1.3
v -0.7 4.2 -1.3
v 1.3 4.2 -1.3
v 1.5 4.2 -1.3
v 1.6 4.2 -1.3
v 1.7 4.2 -1.3
v -0.7 4.2 -1.4
v -0.6 4.2 -1.4
v 0.1 4.2 -1.4
v 0.2 4.2 -1.4
v 0.5 4.2 -1.4
v 0.6 4.2 -1.4
v 1.1 4.2 -1.4
v 1.3 4.2 -1.4
v 1.4 4.2 -1.4
v 1.6 4.2 -1.4
v -0.6 4.2 -1.5
v -0.4 4.2 -1.5
v -0.2 4.2 -1.5
v -0.0999997 4.2 -1.5
v 0.6 4.2 -1.5
v 1.1 4.2 -1.5
v 1.4 4.2 -1.5
v -0.7 4.2 -1.6
v -0.4 4.2 -1.6
v -0.2 4.2 -1.6
v -0.0999997 4.2 -1.6
v 0.1 4.2 -1.6
v 0.5 4.2 -1.6
v 0.6 4.2 -1.6
v 1.1 4.2 -1.6
v -2.2 4.2 -2.1
v -1.6 4.2 -2.1
v -2.2 4.2 -2.2
v -1.6 4.2 -2.2
v -1.6 4.3 1.8
v -1.1 4.3 1.8
v -1.8 4.3 1.7
v -1.6 4.3 1.7
v -1.9 4.3 1.6
v -1.8 4.3 1.6
v -2 4.3 1.5
v -1.9 4.3 1.5
v -1.1 4.3 1.4
v -0.7 4.3 1.4
v -0.6 4.3 1.4
v -0.4 4.3 1.4
v -2.1 4.3 1.3
v -2 4.3 1.3
v -0.799999 4.3 1.3
v -0.7 4.3 1.3
v -0.6 4.3 1.3
v -0.4 4.3 1.3
v -0.9 4.3 1.2
v -0.799999 4.3 1.2
v 0.2 4.3 1.2
v 0.300001 4.3 1.2
v -2.2 4.3 1.1
v -2.1 4.3 1.1
v -1 4.3 1.1
v -0.9 4.3 1.1
v -1.1 4.3 1
v -1 4.3 1
v 0.2 4.3 1
v 0.300001 4.3 1
v 0.2 4.3 0.9
v 0.300001 4.3 0.9
v 1.3 4.3 0.6
v 1.4 4.3 0.6
v 1.3 4.3 0.5
v 1.4 4.3 0.5
v -1.4 4.3 0.4
v -1.3 4.3 0.4
v -1.2 4.3 0.4
v -1.1 4.3 0.4
v -1 4.3 0.4
v -1.4 4.3 0.3
v -1.3 4.3 0.3
v -1.2 4.3 0.3
v -1 4.3 0.3
v -1.4 4.3 2.38419e-07
v -1.2 4.3 2.38419e-07
v -1.5 4.3 -0.0999999
v -1.4 4.3 -0.0999999
v 1.3 4.3 -0.2
v 1.4 4.3 -0.2
v 1.3 4.3 -0.3
v 1.4 4.3 -0.3
v -1.6 4.3 -0.5
v -1.5 4.3 -0.5
v -1.6 4.3 -0.6
v -1.5 4.3 -0.6
v -2.2 4.3 -0.7
v -2.1 4.3 -0.7
v -1.6 4.3 -0.8
v -1.5 4.3 -0.8
v -2.2 4.3 -0.9
v -2.1 4.3 -0.9
v -1.6 4.3 -0.9
v -1.4 4.3 -0.9
v -0.5 4.3 -0.9
v 4.76837e-07 4.3 -0.9
v 0.6 4.3 -0.9
v 0.7 4.3 -0.9
v -1.4 4.3 -1
v -1.1 4.3 -1
v -0.7 4.3 -1
v -0.6 4.3 -1
v -0.5 4.3 -1
v 4.76837e-07 4.3 -1
v 0.300001 4.3 -1
v 0.5 4.3 -1
v 0.6 4.3 -1
v 0.7 4.3 -1
v 0.900001 4.3 -1
v -0.7 4.3 -1.1
v -0.6 4.3 -1.1
v -0.5 4.3 -1.1
v -0.299999 4.3 -1.1
v -0.0999997 4.3 -1.1
v 4.76837e-07 4.3 -1.1
v 0.1 4.3 -1.1
v 0.2 4.3 -1.1
v 0.300001 4.3 -1.1
v 0.400001 4.3 -1.1
v 0.5 4.3 -1.1
v 0.6 4.3 -1.1
v 0.7 4.3 -1.1
v 0.900001 4.3 -1.1
v -2.2 4.3 -1.2
v -2.1 4.3 -1.2
v -0.5 4.3 -1.2
v -0.299999 4.3 -1.2
v -0.0999997 4.3 -1.2
v 4.76837e-07 4.3 -1.2
v 0.1 4.3 -1.2
v 0.2 4.3 -1.2
v 0.300001 4.3 -1.2
v 0.400001 4.3 -1.2
v 0.5 4.3 -1.2
v 0.6 4.3 -1.2
v 0.7 4.3 -1.2
v -2.2 4.3 -1.3
v -2.1 4.3 -1.3
v -1.2 4.3 -1.3
v -1.1 4.3 -1.3
v -0.7 4.3 -1.3
v -0.6 4.3 -1.3
v -0.5 4.3 -1.3
v -0.4 4.3 -1.3
v -0.299999 4.3 -1.3
v -0.2 4.3 -1.3
v -0.0999997 4.3 -1.3
v 4.76837e-07 4.3 -1.3
v 0.1 4.3 -1.3
v 0.2 4.3 -1.3
v 0.300001 4.3 -1.3
v 0.5 4.3 -1.3
v 0.6 4.3 -1.3
v -1.3 4.3 -1.4
v -1.2 4.3 -1.4
v -0.7 4.3 -1.4
v -0.6 4.3 -1.4
v -0.4 4.3 -1.4
v -0.2 4.3 -1.4
v -0.0999997 4.3 -1.4
v 4.76837e-07 4.3 -1.4
v 0.1 4.3 -1.4
v 0.2 4.3 -1.4
v 0.5 4.3 -1.4
v 0.6 4.3 -1.4
v 1.1 4.3 -1.4
v -1.4 4.3 -1.5
v -1.3 4.3 -1.5
v -0.6 4.3 -1.5
v -0.4 4.3 -1.5
v -0.2 4.3 -1.5
v -0.0999997 4.3 -1.5
v 4.76837e-07 4.3 -1.5
v 0.6 4.3 -1.5
v 1.1 4.3 -1.5
v -1.6 4.3 -1.6
v -1.4 4.3 -1.6
v -0.4 4.3 -1.6
v -0.2 4.3 -1.6
v -0.0999997 4.3 -1.6
v 0.1 4.3 -1.6
v 0.5 4.3 -1.6
v 0.6 4.3 -1.6
v -1.7 4.3 -1.7
v -1.6 4.3 -1.7
v -1.8 4.3 -1.8
v -1.7 4.3 -1.8
v -2 4.3 -1.9
v -1.8 4.3 -1.9
v -2.2 4.3 -2
v -2 4.3 -2
v -2.2 4.4 -0.8
v -2.1 4.4 -0.8
v -2.2 4.4 -0.9
v -2.1 4.4 -0.9
v -0.6 4.4 -1
v -0.5 4.4 -1
v 0.6 4.4 -1
v 0.7 4.4 -1
v -0.7 4.4 -1.1
v -0.6 4.4 -1.1
v -0.5 4.4 -1.1
v 0.300001 4.4 -1.1
v 0.400001 4.4 -1.1
v 0.6 4.4 -1.1
v 0.7 4.4 -1.1
v -2.2 4.4 -1.2
v -2.1 4.4 -1.2
v 4.76837e-07 4.4 -1.2
v 0.1 4.4 -1.2
v 0.300001 4.4 -1.2
v 0.400001 4.4 -1.2
v -2.2 4.4 -1.3
v -2.1 4.4 -1.3
v -0.7 4.4 -1.3
v -0.6 4.4 -1.3
v 4.76837e-07 4.4 -1.3
v 0.1 4.4 -1.3
v 0.2 4.4 -1.3
v 0.5 4.4 -1.3
v 0.6 4.4 -1.3
v 0.1 4.4 -1.4
v 0.2 4.4 -1.4
v 0.5 4.4 -1.4
v 0.6 4.4 -1.4
v -2.4 4.5 2.4
v -0.0999997 4.5 2.4
v 0.1 4.5 2.4
v 1.1 4.5 2.4
v 1.2 4.5 2.4
v 1.5 4.5 2.4
v 2.4 4.5 2.4
v -0.5 4.5 2.3
v -0.299999 4.5 2.3
v 0.900001 4.5 2.3
v 1 4.5 2.3
v 1.1 4.5 2.3
v 1.5 4.5 2.3
v 1.6 4.5 2.3
v -2.2 4.5 2.2
v -0.5 4.5 2.2
v -0.299999 4.5 2.2
v 0.7 4.5 2.2
v 0.800001 4.5 2.2
v 0.900001 4.5 2.2
v 1 4.5 2.2
v 1.1 4.5 2.2
v 1.5 4.5 2.2
v 1.6 4.5 2.2
v 2.2 4.5 2.2
v 0.7 4.5 2.1
v 0.800001 4.5 2.1
v -2.2 4.5 -0.7
v -2.1 4.5 -0.7
v -2.2 4.5 -0.8
v -2.1 4.5 -0.8
v -2.2 4.5 -2.2
v 4.76837e-07 4.5 -2.2
v 0.7 4.5 -2.2
v 2.2 4.5 -2.2
v 4.76837e-07 4.5 -2.3
v 0.7 4.5 -2.3
v -2.4 4.5 -2.4
v 2.4 4.5 -2.4
v -2.6 4.6 2.6
v 2.6 4.6 2.6
v -0.0999997 4.6 2.5
v 0.1 4.6 2.5
v 1.1 4.6 2.5
v 1.2 4.6 2.5
v -2.4 4.6 2.4
v -0.0999997 4.6 2.4
v 0.1 4.6 2.4
v 1.1 4.6 2.4
v 1.2 4.6 2.4
v 2.4 4.6 2.4
v -2.4 4.6 -2.4
v 2.4 4.6 -2.4
v 2.5 4.6 -2.4
v 2.3 4.6 -2.5
v 2.4 4.6 -2.5
v 2.5 4.6 -2.5
v -2.6 4.6 -2.6
v 2.3 4.6 -2.6
v 2.4 4.6 -2.6
v 2.6 4.6 -2.6
v -2.8 4.7 2.8
v 2.8 4.7 2.8
v -2.6 4.7 2.6
v 2.6 4.7 2.6
v -2.6 4.7 -2.6
v 2.6 4.7 -2.6
v -2.8 4.7 -2.8
v 2.8 4.7 -2.8
v -3.7 4.8 3.6
v -3.2 4.8 3.6
v 3.2 4.8 3.6
v 3.3 4.8 3.6
v 3.7 4.8 3.6
v 3.3 4.8 3.5
v 3.6 4.8 3.5
v -3.7 4.8 3.2
v -3.2 4.8 3.2
v 3.2 4.8 3.2
v 3.6 4.8 3.2
v 3.7 4.8 3.2
v -3 4.8 3
v 3 4.8 3
v -2.8 4.8 2.8
v 2.8 4.8 2.8
v -2.8 4.8 -2.8
v 2.8 4.8 -2.8
v -3 4.8 -3
v 3 4.8 -3
v -3.7 4.8 -3.2
v -3.2 4.8 -3.2
v 3.2 4.8 -3.2
v 3.7 4.8 -3.2
v -3.7 4.8 -3.8
v -3.2 4.8 -3.8
v 3.2 4.8 -3.8
v 3.7 4.8 -3.8
v -3.2 4.9 3.7
v 3.2 4.9 3.7
v -3.8 4.9 3.2
v -3.2 4.9 3.2
v 3.2 4.9 3.2
v 3.8 4.9 3.2
v -3 4.9 3
v 3 4.9 3
v 3.7 4.9 0.8
v 3.8 4.9 0.8
v 3.7 4.9 0.4
v 3.8 4.9 0.4
v 3.7 4.9 -0.7
v 3.8 4.9 -0.7
v 3.6 4.9 -1
v 3.7 4.9 -1
v 3.8 4.9 -1
v 3.5 4.9 -1.2
v 3.6 4.9 -1.2
v 3.7 4.9 -1.2
v 3.4 4.9 -1.3
v 3.5 4.9 -1.3
v 3.6 4.9 -1.3
v 3.3 4.9 -1.4
v 3.4 4.9 -1.4
v 3.5 4.9 -1.4
v 3.2 4.9 -1.5
v 3.3 4.9 -1.5
v 3.4 4.9 -1.5
v 3.2 4.9 -1.6
v 3.3 4.9 -1.6
v -3 4.9 -3
v 3 4.9 -3
v -3.8 4.9 -3.2
v -3.2 4.9 -3.2
v 3.2 4.9 -3.2
v 3.8 4.9 -3.2
v -3.2 4.9 -3.9
v 3.2 4.9 -3.9

# faces
f 3/9/1 2/9/1 1/9/1
f 4/9/1 2/9/1 3/9/1
f 5/8/1 4/8/1 3/8/1
f 6/8/1 4/8/1 5/8/1
f 9/9/1 8/9/1 7/9/1
f 10/9/1 8/9/1 9/9/1
f 11/9/1 9/9/1 7/9/1
f 12/9/1 9/9/1 11/9/1
f 13/9/1 8/9/1 10/9/1
f 14/9/1 8/9/1 13/9/1
f 19/9/1 16/9/1 15/9/1
f 20/10/1 17/10/1 16/10/1
f 20/9/1 16/9/1 19/9/1
f 21/9/1 18/9/1 17/9/1
f 21/10/1 17/10/1 20/10/1
f 22/9/1 18/9/1 21/9/1
f 27/9/1 24/9/1 23/9/1
f 28/10/1 25/10/1 24/10/1
f 28/9/1 24/9/1 27/9/1
f 29/10/1 25/10/1 28/10/1
f 30/9/1 26/9/1 25/9/1
f 30/10/1 25/10/1 29/10/1
f 31/9/1 26/9/1 30/9/1
f 36/9/1 33/9/1 32/9/1
f 36/10/1 34/10/1 33/10/1
f 37/10/1 34/10/1 36/10/1
f 38/9/1 36/9/1 32/9/1
f 38/9/1 37/9/1 36/9/1
f 39/10/1 34/10/1 37/10/1
f 39/9/1 37/9/1 38/9/1
f 40/9/1 35/9/1 34/9/1
f 40/10/1 34/10/1 39/10/1
f 41/9/1 35/9/1 40/9/1
f 45/9/1 43/9/1 42/9/1
f 46/10/1 44/10/1 43/10/1
f 46/9/1 43/9/1 45/9/1
f 47/10/1 44/10/1 46/10/1
f 48/10/1 44/10/1 47/10/1
f 53/9/1 50/9/1 49/9/1
f 54/10/1 51/10/1 50/10/1
f 54/9/1 50/9/1 53/9/1
f 55/10/1 51/10/1 54/10/1
f 56/9/1 52/9/1 51/9/1
f 56/10/1 51/10/1 55/10/1
f 57/9/1 52/9/1 56/9/1
f 62/9/1 59/9/1 58/9/1
f 63/9/1 59/9/1 62/9/1
f 66/9/1 61/9/1 60/9/1
f 67/9/1 61/9/1 66/9/1
f 68/8/1 64/8/1 63/8/1
f 68/8/1 63/8/1 62/8/1
f 69/8/1 64/8/1 68/8/1
f 70/8/1 67/8/1 66/8/1
f 70/8/1 66/8/1 65/8/1
f 71/8/1 67/8/1 70/8/1
f 76/9/1 73/9/1 72/9/1
f 77/10/1 74/10/1 73/10/1
f 77/9/1 73/9/1 76/9/1
f 78/9/1 75/9/1 74/9/1
f 78/10/1 74/10/1 77/10/1
f 79/9/1 75/9/1 78/9/1
f 84/9/1 81/9/1 80/9/1
f 85/10/1 82/10/1 81/10/1
f 85/9/1 81/9/1 84/9/1
f 86/10/1 82/10/1 85/10/1
f 87/9/1 83/9/1 82/9/1
f 87/10/1 82/10/1 86/10/1
f 88/9/1 83/9/1 87/9/1
f 93/9/1 90/9/1 89/9/1
f 94/10/1 91/10/1 90/10/1
f 94/9/1 90/9/1 93/9/1
f 95/10/1 91/10/1 94/10/1
f 96/9/1 92/9/1 91/9/1
f 96/10/1 91/10/1 95/10/1
f 97/9/1 92/9/1 96/9/1
f 101/9/1 99/9/1 98/9/1
f 102/10/1 100/10/1 99/10/1
f 102/9/1 99/9/1 101/9/1
f 103/10/1 100/10/1 102/10/1
f 104/10/1 100/10/1 103/10/1
f 109/9/1 106/9/1 105/9/1
f 110/10/1 107/10/1 106/10/1
f 110/9/1 106/9/1 109/9/1
f 111/10/1 107/10/1 110/10/1
f 112/9/1 108/9/1 107/9/1
f 112/10/1 107/10/1 111/10/1
f 113/9/1 108/9/1 112/9/1
f 116/9/1 115/9/1 114/9/1
f 117/9/1 115/9/1 116/9/1
f 118/9/1 115/9/1 117/9/1
f 119/9/1 115/9/1 118/9/1
f 123/10/1 121/10/1 120/10/1
f 123/8/1 122/8/1 121/8/1
f 124/8/1 122/8/1 123/8/1
f 125/10/1 123/10/1 120/10/1
f 126/9/1 124/9/1 123/9/1
f 126/10/1 123/10/1 125/10/1
f 127/9/1 124/9/1 126/9/1
f 131/10/1 129/10/1 128/10/1
f 132/10/1 129/10/1 131/10/1
f 133/8/1 130/8/1 129/8/1
f 133/10/1 129/10/1 132/10/1
f 134/8/1 130/8/1 133/8/1
f 137/10/1 136/10/1 135/10/1
f 138/10/1 136/10/1 137/10/1
f 143/6/1 140/6/1 139/6/1
f 144/6/1 140/6/1 143/6/1
f 145/6/1 142/6/1 141/6/1
f 146/6/1 142/6/1 145/6/1
f 149/10/1 148/10/1 147/10/1
f 150/10/1 148/10/1 149/10/1
f 153/6/1 152/6/1 151/6/1
f 154/6/1 152/6/1 153/6/1
f 162/6/1 156/6/1 155/6/1
f 163/5/1 161/5/1 160/5/1
f 163/6/1 156/6/1 162/6/1
f 163/5/1 157/5/1 156/5/1
f 163/5/1 160/5/1 159/5/1
f 163/5/1 159/5/1 158/5/1
f 163/5/1 158/5/1 157/5/1
f 164/5/1 161/5/1 163/5/1
f 165/5/1 161/5/1 164/5/1
f 168/6/1 167/6/1 166/6/1
f 169/6/1 167/6/1 168/6/1
f 172/6/1 171/6/1 170/6/1
f 173/6/1 171/6/1 172/6/1
f 178/6/1 175/6/1 174/6/1
f 179/6/1 175/6/1 178/6/1
f 180/6/1 177/6/1 176/6/1
f 181/6/1 177/6/1 180/6/1
f 192/4/1 183/4/1 182/4/1
f 193/4/1 183/4/1 192/4/1
f 194/4/1 185/4/1 184/4/1
f 195/4/1 185/4/1 194/4/1
f 196/3/1 187/3/1 186/3/1
f 196/3/1 188/3/1 187/3/1
f 197/3/1 188/3/1 196/3/1
f 198/3/1 191/3/1 190/3/1
f 198/3/1 190/3/1 189/3/1
f 199/3/1 191/3/1 198/3/1
f 202/5/1 201/5/1 200/5/1
f 203/5/1 201/5/1 202/5/1
f 215/4/1 205/4/1 204/4/1
f 216/4/1 205/4/1 215/4/1
f 217/3/1 207/3/1 206/3/1
f 218/4/1 208/4/1 207/4/1
f 218/3/1 207/3/1 217/3/1
f 219/4/1 208/4/1 218/4/1
f 220/4/1 210/4/1 209/4/1
f 221/4/1 210/4/1 220/4/1
f 222/4/1 212/4/1 211/4/1
f 223/4/1 212/4/1 222/4/1
f 224/3/1 214/3/1 213/3/1
f 225/3/1 214/3/1 224/3/1
f 226/3/1 219/3/1 218/3/1
f 227/3/1 219/3/1 226/3/1
f 239/3/1 229/3/1 228/3/1
f 240/4/1 230/4/1 229/4/1
f 240/3/1 229/3/1 239/3/1
f 241/4/1 230/4/1 240/4/1
f 244/3/1 232/3/1 231/3/1
f 245/3/1 232/3/1 244/3/1
f 247/4/1 234/4/1 233/4/1
f 248/4/1 234/4/1 247/4/1
f 249/3/1 236/3/1 235/3/1
f 250/3/1 236/3/1 249/3/1
f 251/3/1 238/3/1 237/3/1
f 252/3/1 238/3/1 251/3/1
f 253/3/1 241/3/1 240/3/1
f 254/4/1 242/4/1 241/4/1
f 254/3/1 241/3/1 253/3/1
f 255/3/1 243/3/1 242/3/1
f 255/4/1 242/4/1 254/4/1
f 256/3/1 243/3/1 255/3/1
f 257/4/1 246/4/1 245/4/1
f 257/4/1 247/4/1 246/4/1
f 258/4/1 247/4/1 257/4/1
f 261/9/1 260/9/1 259/9/1
f 262/9/1 260/9/1 261/9/1
f 263/6/1 262/6/1 261/6/1
f 264/6/1 262/6/1 263/6/1
f 274/3/1 266/3/1 265/3/1
f 275/3/1 266/3/1 274/3/1
f 279/5/1 268/5/1 267/5/1
f 280/5/1 268/5/1 279/5/1
f 283/3/1 270/3/1 269/3/1
f 284/3/1 270/3/1 283/3/1
f 285/3/1 272/3/1 271/3/1
f 286/3/1 272/3/1 285/3/1
f 287/3/1 274/3/1 273/3/1
f 288/3/1 274/3/1 287/3/1
f 289/3/1 277/3/1 276/3/1
f 290/5/1 278/5/1 277/5/1
f 290/3/1 277/3/1 289/3/1
f 291/5/1 278/5/1 290/5/1
f 292/5/1 282/5/1 281/5/1
f 292/5/1 281/5/1 280/5/1
f 293/5/1 282/5/1 292/5/1
f 294/5/1 282/5/1 293/5/1
f 295/3/1 291/3/1 290/3/1
f 296/4/1 292/4/1 291/4/1
f 296/3/1 291/3/1 295/3/1
f 297/3/1 293/3/1 292/3/1
f 297/4/1 292/4/1 296/4/1
f 298/3/1 293/3/1 297/3/1
f 299/3/1 297/3/1 296/3/1
f 300/3/1 297/3/1 299/3/1
f 305/3/1 302/3/1 301/3/1
f 306/3/1 302/3/1 305/3/1
f 309/3/1 304/3/1 303/3/1
f 310/3/1 304/3/1 309/3/1
f 313/3/1 308/3/1 307/3/1
f 314/3/1 308/3/1 313/3/1
f 315/3/1 312/3/1 311/3/1
f 316/3/1 312/3/1 315/3/1
f 323/6/1 318/6/1 317/6/1
f 324/6/1 318/6/1 323/6/1
f 325/6/1 320/6/1 319/6/1
f 326/6/1 320/6/1 325/6/1
f 327/3/1 322/3/1 321/3/1
f 328/3/1 322/3/1 327/3/1
f 331/6/1 330/6/1 329/6/1
f 332/6/1 330/6/1 331/6/1
f 335/4/1 334/4/1 333/4/1
f 336/4/1 334/4/1 335/4/1
f 339/5/1 338/5/1 337/5/1
f 340/5/1 338/5/1 339/5/1
f 341/5/1 338/5/1 340/5/1
f 344/5/1 343/5/1 342/5/1
f 345/5/1 343/5/1 344/5/1
f 348/3/1 347/3/1 346/3/1
f 349/3/1 347/3/1 348/3/1
f 352/4/1 351/4/1 350/4/1
f 353/4/1 351/4/1 352/4/1
f 364/3/1 355/3/1 354/3/1
f 365/3/1 355/3/1 364/3/1
f 366/3/1 357/3/1 356/3/1
f 367/3/1 357/3/1 366/3/1
f 368/3/1 359/3/1 358/3/1
f 368/3/1 360/3/1 359/3/1
f 369/3/1 360/3/1 368/3/1
f 370/4/1 362/4/1 361/4/1
f 371/4/1 362/4/1 370/4/1
f 372/3/1 364/3/1 363/3/1
f 373/3/1 364/3/1 372/3/1
f 376/3/1 375/3/1 374/3/1
f 377/3/1 375/3/1 376/3/1
f 382/5/1 381/5/1 380/5/1
f 385/5/1 382/5/1 380/5/1
f 385/5/1 384/5/1 383/5/1
f 385/5/1 383/5/1 382/5/1
f 386/5/1 384/5/1 385/5/1
f 387/5/1 384/5/1 386/5/1
f 389/5/1 379/5/1 378/5/1
f 390/5/1 379/5/1 389/5/1
f 391/5/1 385/5/1 380/5/1
f 392/5/1 385/5/1 391/5/1
f 393/5/1 388/5/1 387/5/1
f 393/5/1 387/5/1 386/5/1
f 394/5/1 388/5/1 393/5/1
f 397/3/1 396/3/1 395/3/1
f 398/3/1 396/3/1 397/3/1
f 401/3/1 400/3/1 399/3/1
f 402/3/1 400/3/1 401/3/1
f 411/6/1 404/6/1 403/6/1
f 412/6/1 404/6/1 411/6/1
f 413/4/1 406/4/1 405/4/1
f 414/6/1 407/6/1 406/6/1
f 414/4/1 406/4/1 413/4/1
f 415/6/1 407/6/1 414/6/1
f 416/3/1 409/3/1 408/3/1
f 417/6/1 410/6/1 409/6/1
f 417/3/1 409/3/1 416/3/1
f 418/6/1 410/6/1 417/6/1
f 421/6/1 420/6/1 419/6/1
f 422/6/1 420/6/1 421/6/1
f 425/3/1 424/3/1 423/3/1
f 426/3/1 424/3/1 425/3/1
f 429/6/1 428/6/1 427/6/1
f 430/6/1 428/6/1 429/6/1
f 434/4/1 432/4/1 431/4/1
f 435/4/1 432/4/1 434/4/1
f 436/3/1 434/3/1 433/3/1
f 437/3/1 434/3/1 436/3/1
f 446/3/1 439/3/1 438/3/1
f 447/6/1 440/6/1 439/6/1
f 447/3/1 439/3/1 446/3/1
f 448/6/1 440/6/1 447/6/1
f 449/6/1 442/6/1 441/6/1
f 449/6/1 443/6/1 442/6/1
f 450/6/1 443/6/1 449/6/1
f 451/4/1 445/4/1 444/4/1
f 452/4/1 445/4/1 451/4/1
f 454/3/1 453/3/1 452/3/1
f 455/3/1 453/3/1 454/3/1
f 457/3/1 456/3/1 455/3/1
f 458/3/1 456/3/1 457/3/1
f 461/9/1 460/9/1 459/9/1
f 462/9/1 460/9/1 461/9/1
f 467/3/1 466/3/1 465/3/1
f 468/3/1 466/3/1 467/3/1
f 469/3/1 464/3/1 463/3/1
f 470/3/1 464/3/1 469/3/1
f 471/3/1 464/3/1 470/3/1
f 474/5/1 473/5/1 472/5/1
f 475/5/1 473/5/1 474/5/1
f 478/5/1 477/5/1 476/5/1
f 479/5/1 477/5/1 478/5/1
f 482/6/1 481/6/1 480/6/1
f 483/6/1 481/6/1 482/6/1
f 486/3/1 485/3/1 484/3/1
f 487/3/1 485/3/1 486/3/1
f 490/6/1 489/6/1 488/6/1
f 491/6/1 489/6/1 490/6/1
f 496/10/1 493/10/1 492/10/1
f 497/10/1 493/10/1 496/10/1
f 498/10/1 495/10/1 494/10/1
f 499/10/1 495/10/1 498/10/1
f 500/10/1 498/10/1 497/10/1
f 501/10/1 498/10/1 500/10/1
f 504/7/1 503/7/1 502/7/1
f 505/7/1 503/7/1 504/7/1
f 508/6/1 507/6/1 506/6/1
f 509/6/1 507/6/1 508/6/1
f 512/3/1 511/3/1 510/3/1
f 513/3/1 511/3/1 512/3/1
f 516/9/1 515/9/1 514/9/1
f 517/9/1 515/9/1 516/9/1
f 520/7/1 519/7/1 518/7/1
f 521/7/1 519/7/1 520/7/1
f 524/5/1 523/5/1 522/5/1
f 525/5/1 523/5/1 524/5/1
f 528/4/1 527/4/1 526/4/1
f 529/4/1 527/4/1 528/4/1
f 531/6/1 530/6/1 529/6/1
f 532/6/1 530/6/1 531/6/1
f 535/3/1 534/3/1 533/3/1
f 536/3/1 534/3/1 535/3/1
f 540/3/1 538/3/1 537/3/1
f 541/3/1 538/3/1 540/3/1
f 545/3/1 540/3/1 539/3/1
f 546/3/1 540/3/1 545/3/1
f 549/3/1 543/3/1 542/3/1
f 550/3/1 543/3/1 549/3/1
f 551/3/1 545/3/1 544/3/1
f 552/3/1 545/3/1 551/3/1
f 553/3/1 548/3/1 547/3/1
f 554/3/1 548/3/1 553/3/1
f 557/6/1 556/6/1 555/6/1
f 558/6/1 556/6/1 557/6/1
f 561/4/1 560/4/1 559/4/1
f 562/4/1 560/4/1 561/4/1
f 563/4/1 560/4/1 562/4/1
f 565/4/1 564/4/1 563/4/1
f 565/4/1 563/4/1 562/4/1
f 566/4/1 564/4/1 565/4/1
f 569/4/1 568/4/1 567/4/1
f 570/4/1 568/4/1 569/4/1
f 573/3/1 572/3/1 571/3/1
f 574/3/1 572/3/1 573/3/1
f 577/4/1 576/4/1 575/4/1
f 578/4/1 576/4/1 577/4/1
f 581/3/1 580/3/1 579/3/1
f 582/3/1 580/3/1 581/3/1
f 587/7/1 584/7/1 583/7/1
f 588/3/1 585/3/1 584/3/1
f 588/7/1 584/7/1 587/7/1
f 589/7/1 586/7/1 585/7/1
f 589/3/1 585/3/1 588/3/1
f 590/7/1 586/7/1 589/7/1
f 595/10/1 592/10/1 591/10/1
f 596/3/1 593/3/1 592/3/1
f 596/10/1 592/10/1 595/10/1
f 597/10/1 594/10/1 593/10/1
f 597/3/1 593/3/1 596/3/1
f 598/10/1 594/10/1 597/10/1
f 603/9/1 600/9/1 599/9/1
f 603/9/1 602/9/1 601/9/1
f 603/9/1 601/9/1 600/9/1
f 604/9/1 602/9/1 603/9/1
f 605/10/1 604/10/1 603/10/1
f 606/10/1 604/10/1 605/10/1
f 609/10/1 608/10/1 607/10/1
f 610/10/1 608/10/1 609/10/1
f 613/9/1 612/9/1 611/9/1
f 614/9/1 612/9/1 613/9/1
f 617/9/1 616/9/1 615/9/1
f 618/9/1 616/9/1 617/9/1
f 621/8/1 620/8/1 619/8/1
f 622/8/1 620/8/1 621/8/1
f 623/8/2 624/8/2 625/8/2
f 625/8/2 624/8/2 626/8/2
f 627/9/2 628/9/2 629/9/2
f 629/9/2 628/9/2 630/9/2
f 631/9/2 632/9/2 633/9/2
f 633/9/2 632/9/2 634/9/2
f 635/10/2 636/10/2 637/10/2
f 637/10/2 636/10/2 638/10/2
f 639/9/2 640/9/2 643/9/2
f 643/9/2 640/9/2 644/9/2
f 641/9/2 642/9/2 647/9/2
f 645/9/2 646/9/2 648/9/2
f 647/9/2 642/9/2 650/9/2
f 648/9/2 649/9/2 655/9/2
f 645/9/2 648/9/2 655/9/2
f 650/9/2 651/9/2 656/9/2
f 647/9/2 650/9/2 656/9/2
f 656/9/2 651/9/2 657/9/2
f 652/9/2 653/9/2 659/9/2
f 659/9/2 653/9/2 660/9/2
f 654/9/2 655/9/2 661/9/2
f 655/9/2 649/9/2 662/9/2
f 661/9/2 655/9/2 662/9/2
f 656/10/2 657/10/2 663/10/2
f 663/10/2 657/10/2 664/10/2
f 659/10/2 660/10/2 665/10/2
f 660/10/2 661/10/2 665/10/2
f 658/10/2 659/10/2 665/10/2
f 661/10/2 662/10/2 665/10/2
f 665/10/2 662/10/2 666/10/2
f 667/4/2 668/4/2 671/4/2
f 671/4/2 668/4/2 672/4/2
f 669/4/2 670/4/2 673/4/2
f 673/4/2 670/4/2 674/4/2
f 667/4/2 671/4/2 675/4/2
f 675/4/2 671/4/2 676/4/2
f 677/6/2 678/6/2 687/6/2
f 678/6/2 679/6/2 687/6/2
f 687/6/2 679/6/2 688/6/2
f 679/10/2 680/10/2 689/10/2
f 688/6/2 679/6/2 689/6/2
f 680/10/2 681/10/2 689/10/2
f 681/1/2 682/1/2 690/1/2
f 689/10/2 681/10/2 690/10/2
f 682/1/2 683/1/2 690/1/2
f 683/10/2 684/10/2 691/10/2
f 690/1/2 683/1/2 691/1/2
f 685/1/2 686/1/2 692/1/2
f 691/10/2 684/10/2 692/10/2
f 684/1/2 685/1/2 692/1/2
f 692/1/2 686/1/2 693/1/2
f 694/6/2 695/6/2 696/6/2
f 696/6/2 695/6/2 697/6/2
f 698/6/2 699/6/2 700/6/2
f 700/6/2 699/6/2 701/6/2
f 702/6/2 703/6/2 706/6/2
f 706/6/2 703/6/2 707/6/2
f 704/6/2 705/6/2 708/6/2
f 708/6/2 705/6/2 709/6/2
f 716/6/2 717/6/2 718/6/2
f 718/6/2 717/6/2 719/6/2
f 710/6/2 711/6/2 720/6/2
f 720/6/2 711/6/2 721/6/2
f 712/6/2 713/6/2 722/6/2
f 722/6/2 713/6/2 723/6/2
f 714/6/2 715/6/2 724/6/2
f 724/6/2 715/6/2 725/6/2
f 726/6/2 727/6/2 730/6/2
f 730/6/2 727/6/2 731/6/2
f 728/6/2 729/6/2 732/6/2
f 732/6/2 729/6/2 733/6/2
f 734/6/2 735/6/2 740/6/2
f 736/6/2 737/6/2 741/6/2
f 741/6/2 737/6/2 742/6/2
f 738/6/2 739/6/2 743/6/2
f 743/6/2 739/6/2 744/6/2
f 734/6/2 740/6/2 745/6/2
f 745/6/2 740/6/2 746/6/2
f 747/6/2 748/6/2 749/6/2
f 749/6/2 748/6/2 750/6/2
f 751/7/2 752/7/2 761/7/2
f 752/7/2 753/7/2 761/7/2
f 753/2/2 754/2/2 762/2/2
f 761/7/2 753/7/2 762/7/2
f 754/2/2 755/2/2 762/2/2
f 755/2/2 756/2/2 762/2/2
f 762/2/2 756/2/2 763/2/2
f 757/7/2 758/7/2 764/7/2
f 764/7/2 758/7/2 765/7/2
f 759/7/2 760/7/2 766/7/2
f 766/7/2 760/7/2 767/7/2
f 768/6/2 769/6/2 774/6/2
f 774/6/2 769/6/2 775/6/2
f 772/6/2 773/6/2 776/6/2
f 776/6/2 773/6/2 777/6/2
f 776/6/2 777/6/2 779/6/2
f 777/6/2 778/6/2 779/6/2
f 779/6/2 778/6/2 780/6/2
f 770/6/2 771/6/2 781/6/2
f 781/6/2 771/6/2 782/6/2
f 783/6/2 784/6/2 797/6/2
f 797/6/2 784/6/2 798/6/2
f 792/6/2 793/6/2 799/6/2
f 793/6/2 794/6/2 799/6/2
f 795/6/2 796/6/2 800/6/2
f 800/6/2 796/6/2 801/6/2
f 785/6/2 786/6/2 803/6/2
f 787/6/2 788/6/2 804/6/2
f 788/6/2 789/6/2 804/6/2
f 789/6/2 790/6/2 804/6/2
f 790/6/2 791/6/2 804/6/2
f 804/6/2 791/6/2 805/6/2
f 792/6/2 799/6/2 806/6/2
f 799/6/2 800/6/2 806/6/2
f 800/6/2 801/6/2 806/6/2
f 806/6/2 801/6/2 807/6/2
f 802/6/2 803/6/2 808/6/2
f 803/6/2 786/6/2 809/6/2
f 808/6/2 803/6/2 809/6/2
f 810/10/2 811/10/2 814/10/2
f 814/10/2 811/10/2 815/10/2
f 812/10/2 813/10/2 816/10/2
f 816/10/2 813/10/2 817/10/2
f 815/10/2 816/10/2 818/10/2
f 818/10/2 816/10/2 819/10/2
f 820/7/2 821/7/2 827/7/2
f 827/7/2 821/7/2 828/7/2
f 821/2/2 822/2/2 829/2/2
f 828/7/2 821/7/2 829/7/2
f 829/2/2 822/2/2 830/2/2
f 827/2/2 828/2/2 831/2/2
f 828/7/2 829/7/2 832/7/2
f 831/2/2 828/2/2 832/2/2
f 829/7/2 830/7/2 832/7/2
f 830/2/2 822/2/2 833/2/2
f 832/7/2 830/7/2 833/7/2
f 833/2/2 822/2/2 834/2/2
f 823/7/2 824/7/2 835/7/2
f 835/7/2 824/7/2 836/7/2
f 825/7/2 826/7/2 837/7/2
f 837/7/2 826/7/2 838/7/2
f 839/6/2 840/6/2 847/6/2
f 847/6/2 840/6/2 848/6/2
f 841/4/2 842/4/2 851/4/2
f 851/4/2 842/4/2 852/4/2
f 843/6/2 844/6/2 855/6/2
f 845/3/2 846/3/2 856/3/2
f 856/3/2 846/3/2 857/3/2
f 849/6/2 850/6/2 860/6/2
f 860/6/2 850/6/2 861/6/2
f 853/4/2 854/4/2 862/4/2
f 862/4/2 854/4/2 863/4/2
f 843/6/2 855/6/2 864/6/2
f 864/6/2 855/6/2 865/6/2
f 858/3/2 859/3/2 866/3/2
f 866/3/2 859/3/2 867/3/2
f 868/4/2 869/4/2 879/4/2
f 879/4/2 869/4/2 880/4/2
f 870/4/2 871/4/2 881/4/2
f 881/4/2 871/4/2 882/4/2
f 872/3/2 873/3/2 883/3/2
f 873/3/2 874/3/2 883/3/2
f 883/3/2 874/3/2 884/3/2
f 875/6/2 876/6/2 885/6/2
f 877/3/2 878/3/2 886/3/2
f 886/3/2 878/3/2 887/3/2
f 875/6/2 885/6/2 888/6/2
f 888/6/2 885/6/2 889/6/2
f 890/9/2 891/9/2 892/9/2
f 892/9/2 891/9/2 893/9/2
f 892/6/2 893/6/2 894/6/2
f 894/6/2 893/6/2 895/6/2
f 896/6/2 897/6/2 902/6/2
f 898/3/2 899/3/2 903/3/2
f 903/3/2 899/3/2 904/3/2
f 900/3/2 901/3/2 905/3/2
f 905/3/2 901/3/2 906/3/2
f 896/6/2 902/6/2 907/6/2
f 907/6/2 902/6/2 908/6/2
f 909/5/2 910/5/2 917/5/2
f 910/5/2 911/5/2 917/5/2
f 917/5/2 911/5/2 918/5/2
f 912/5/2 913/5/2 919/5/2
f 919/5/2 913/5/2 920/5/2
f 915/5/2 916/5/2 921/5/2
f 914/5/2 915/5/2 921/5/2
f 921/5/2 916/5/2 922/5/2
f 923/3/2 924/3/2 935/3/2
f 935/3/2 924/3/2 936/3/2
f 925/3/2 926/3/2 937/3/2
f 937/3/2 926/3/2 938/3/2
f 927/3/2 928/3/2 939/3/2
f 939/3/2 928/3/2 940/3/2
f 929/3/2 930/3/2 941/3/2
f 941/3/2 930/3/2 942/3/2
f 931/3/2 932/3/2 943/3/2
f 943/3/2 932/3/2 944/3/2
f 933/6/2 934/6/2 945/6/2
f 945/6/2 934/6/2 946/6/2
f 947/3/2 948/3/2 952/3/2
f 952/3/2 948/3/2 953/3/2
f 950/3/2 951/3/2 954/3/2
f 949/3/2 950/3/2 954/3/2
f 954/3/2 951/3/2 955/3/2
f 956/3/2 957/3/2 958/3/2
f 958/3/2 957/3/2 959/3/2
f 960/3/2 961/3/2 962/3/2
f 962/3/2 961/3/2 963/3/2
f 964/3/2 965/3/2 966/3/2
f 966/3/2 965/3/2 967/3/2
f 968/6/2 969/6/2 972/6/2
f 972/6/2 969/6/2 973/6/2
f 970/3/2 971/3/2 974/3/2
f 974/3/2 971/3/2 975/3/2
f 976/6/2 977/6/2 980/6/2
f 980/6/2 977/6/2 981/6/2
f 978/3/2 979/3/2 982/3/2
f 982/3/2 979/3/2 983/3/2
f 984/5/2 985/5/2 986/5/2
f 986/5/2 985/5/2 987/5/2
f 988/6/2 989/6/2 990/6/2
f 990/6/2 989/6/2 991/6/2
f 992/4/2 993/4/2 994/4/2
f 994/4/2 993/4/2 995/4/2
f 996/3/2 997/3/2 1000/3/2
f 1000/3/2 997/3/2 1001/3/2
f 998/3/2 999/3/2 1002/3/2
f 1002/3/2 999/3/2 1003/3/2
f 1004/3/2 1005/3/2 1007/3/2
f 1005/3/2 1006/3/2 1007/3/2
f 1007/3/2 1006/3/2 1008/3/2
f 1009/6/2 1010/6/2 1011/6/2
f 1011/6/2 1010/6/2 1012/6/2
f 1013/4/2 1014/4/2 1017/4/2
f 1017/4/2 1014/4/2 1018/4/2
f 1015/3/2 1016/3/2 1019/3/2
f 1019/3/2 1016/3/2 1020/3/2
f 1021/4/2 1022/4/2 1025/4/2
f 1025/4/2 1022/4/2 1026/4/2
f 1023/3/2 1024/3/2 1027/3/2
f 1027/3/2 1024/3/2 1028/3/2
f 1029/3/2 1030/3/2 1031/3/2
f 1031/3/2 1030/3/2 1032/3/2
f 1033/9/2 1034/9/2 1035/9/2
f 1035/9/2 1034/9/2 1036/9/2
f 1037/6/2 1038/6/2 1042/6/2
f 1042/6/2 1038/6/2 1043/6/2
f 1039/3/2 1040/3/2 1044/3/2
f 1040/6/2 1041/6/2 1045/6/2
f 1044/3/2 1040/3/2 1045/3/2
f 1045/6/2 1041/6/2 1046/6/2
f 1047/3/2 1048/3/2 1051/3/2
f 1051/3/2 1048/3/2 1052/3/2
f 1049/6/2 1050/6/2 1053/6/2
f 1053/6/2 1050/6/2 1054/6/2
f 1055/3/2 1056/3/2 1057/3/2
f 1057/3/2 1056/3/2 1058/3/2
f 1059/3/2 1060/3/2 1061/3/2
f 1061/3/2 1060/3/2 1062/3/2
f 1063/5/2 1064/5/2 1067/5/2
f 1067/5/2 1064/5/2 1068/5/2
f 1065/5/2 1066/5/2 1069/5/2
f 1069/5/2 1066/5/2 1070/5/2
f 1071/9/2 1072/9/2 1073/9/2
f 1073/9/2 1072/9/2 1074/9/2
f 1075/6/2 1076/6/2 1077/6/2
f 1077/6/2 1076/6/2 1078/6/2
f 1079/4/2 1080/4/2 1083/4/2
f 1083/4/2 1080/4/2 1084/4/2
f 1084/4/2 1080/4/2 1085/4/2
f 1081/4/2 1082/4/2 1086/4/2
f 1086/4/2 1082/4/2 1087/4/2
f 1084/3/2 1085/3/2 1088/3/2
f 1088/3/2 1085/3/2 1089/3/2
f 1090/3/2 1091/3/2 1094/3/2
f 1094/3/2 1091/3/2 1095/3/2
f 1092/4/2 1093/4/2 1096/4/2
f 1096/4/2 1093/4/2 1097/4/2
f 1095/3/2 1096/3/2 1098/3/2
f 1098/3/2 1096/3/2 1099/3/2
f 1100/5/2 1101/5/2 1102/5/2
f 1102/5/2 1101/5/2 1103/5/2
f 1104/5/2 1105/5/2 1108/5/2
f 1106/5/2 1107/5/2 1108/5/2
f 1105/5/2 1106/5/2 1108/5/2
f 1108/5/2 1107/5/2 1109/5/2
f 1110/6/2 1111/6/2 1112/6/2
f 1112/6/2 1111/6/2 1113/6/2
f 1114/3/2 1115/3/2 1121/3/2
f 1116/3/2 1117/3/2 1122/3/2
f 1122/3/2 1117/3/2 1123/3/2
f 1119/6/2 1120/6/2 1124/6/2
f 1118/6/2 1119/6/2 1124/6/2
f 1124/6/2 1120/6/2 1125/6/2
f 1121/3/2 1115/3/2 1126/3/2
f 1126/3/2 1115/3/2 1127/3/2
f 1127/3/2 1115/3/2 1128/3/2
f 1128/3/2 1115/3/2 1129/3/2
f 1130/5/2 1131/5/2 1132/5/2
f 1132/5/2 1131/5/2 1133/5/2
f 1134/5/2 1135/5/2 1138/5/2
f 1134/5/2 1138/5/2 1140/5/2
f 1138/5/2 1139/5/2 1140/5/2
f 1140/5/2 1139/5/2 1141/5/2
f 1136/5/2 1137/5/2 1142/5/2
f 1142/5/2 1137/5/2 1143/5/2
f 1144/9/2 1145/9/2 1146/9/2
f 1146/9/2 1145/9/2 1147/9/2
f 1148/3/2 1149/3/2 1150/3/2
f 1150/3/2 1149/3/2 1151/3/2
f 1152/3/2 1153/3/2 1154/3/2
f 1154/3/2 1153/3/2 1155/3/2
f 1156/9/2 1157/9/2 1158/9/2
f 1158/9/2 1157/9/2 1159/9/2
f 1160/6/2 1161/6/2 1166/6/2
f 1166/6/2 1161/6/2 1167/6/2
f 1162/6/2 1163/6/2 1168/6/2
f 1168/6/2 1163/6/2 1169/6/2
f 1164/3/2 1165/3/2 1170/3/2
f 1170/3/2 1165/3/2 1171/3/2
f 1172/9/2 1173/9/2 1174/9/2
f 1174/9/2 1173/9/2 1175/9/2
f 1176/3/2 1177/3/2 1187/3/2
f 1177/4/2 1178/4/2 1188/4/2
f 1187/3/2 1177/3/2 1188/3/2
f 1188/4/2 1178/4/2 1189/4/2
f 1179/6/2 1180/6/2 1190/6/2
f 1190/6/2 1180/6/2 1191/6/2
f 1181/6/2 1182/6/2 1192/6/2
f 1192/6/2 1182/6/2 1193/6/2
f 1183/5/2 1184/5/2 1194/5/2
f 1194/5/2 1184/5/2 1195/5/2
f 1185/5/2 1186/5/2 1196/5/2
f 1196/5/2 1186/5/2 1197/5/2
f 1195/3/2 1196/3/2 1198/3/2
f 1198/3/2 1196/3/2 1199/3/2
f 1200/5/2 1201/5/2 1202/5/2
f 1202/5/2 1201/5/2 1203/5/2
f 1204/9/2 1205/9/2 1206/9/2
f 1206/9/2 1205/9/2 1207/9/2
f 1208/6/2 1209/6/2 1210/6/2
f 1210/6/2 1209/6/2 1211/6/2
f 1212/4/2 1213/4/2 1216/4/2
f 1216/4/2 1213/4/2 1217/4/2
f 1214/3/2 1215/3/2 1218/3/2
f 1218/3/2 1215/3/2 1219/3/2
f 1217/6/2 1218/6/2 1222/6/2
f 1222/6/2 1218/6/2 1223/6/2
f 1220/3/2 1221/3/2 1224/3/2
f 1224/3/2 1221/3/2 1225/3/2
f 1226/3/2 1227/3/2 1230/3/2
f 1230/3/2 1227/3/2 1231/3/2
f 1228/4/2 1229/4/2 1232/4/2
f 1232/4/2 1229/4/2 1233/4/2
f 1234/4/2 1235/4/2 1240/4/2
f 1240/4/2 1235/4/2 1241/4/2
f 1236/4/2 1237/4/2 1242/4/2
f 1242/4/2 1237/4/2 1243/4/2
f 1238/3/2 1239/3/2 1244/3/2
f 1244/3/2 1239/3/2 1245/3/2
f 1240/3/2 1241/3/2 1246/3/2
f 1246/3/2 1241/3/2 1247/3/2
f 1242/3/2 1243/3/2 1248/3/2
f 1248/3/2 1243/3/2 1249/3/2
f 1250/4/2 1251/4/2 1252/4/2
f 1252/4/2 1251/4/2 1253/4/2
f 1254/4/2 1255/4/2 1259/4/2
f 1259/4/2 1255/4/2 1260/4/2
f 1257/4/2 1258/4/2 1261/4/2
f 1256/4/2 1257/4/2 1261/4/2
f 1261/4/2 1258/4/2 1262/4/2
f 1263/3/2 1264/3/2 1265/3/2
f 1265/3/2 1264/3/2 1266/3/2
f 1267/3/2 1268/3/2 1271/3/2
f 1271/3/2 1268/3/2 1272/3/2
f 1269/3/2 1270/3/2 1273/3/2
f 1273/3/2 1270/3/2 1274/3/2
f 1275/3/2 1276/3/2 1277/3/2
f 1277/3/2 1276/3/2 1278/3/2
f 1279/5/2 1280/5/2 1281/5/2
f 1281/5/2 1280/5/2 1282/5/2
f 1283/10/2 1284/10/2 1287/10/2
f 1287/10/2 1284/10/2 1288/10/2
f 1285/10/2 1286/10/2 1289/10/2
f 1289/10/2 1286/10/2 1290/10/2
f 1291/10/2 1292/10/2 1294/10/2
f 1292/8/2 1293/8/2 1295/8/2
f 1294/10/2 1292/10/2 1295/10/2
f 1295/8/2 1293/8/2 1296/8/2
f 1300/1/2 1301/1/2 1303/1/2
f 1301/8/2 1302/8/2 1303/8/2
f 1303/8/2 1302/8/2 1304/8/2
f 1304/8/2 1302/8/2 1305/8/2
f 1297/10/2 1298/10/2 1306/10/2
f 1298/2/2 1299/2/2 1307/2/2
f 1306/10/2 1298/10/2 1307/10/2
f 1299/10/2 1300/10/2 1308/10/2
f 1307/2/2 1299/2/2 1308/2/2
f 1308/10/2 1300/10/2 1309/10/2
f 1309/10/2 1300/10/2 1310/10/2
f 1300/1/2 1303/1/2 1311/1/2
f 1310/10/2 1300/10/2 1311/10/2
f 1303/10/2 1304/10/2 1312/10/2
f 1311/1/2 1303/1/2 1312/1/2
f 1304/9/2 1305/9/2 1313/9/2
f 1312/10/2 1304/10/2 1313/10/2
f 1313/9/2 1305/9/2 1314/9/2
f 1315/10/2 1316/10/2 1321/10/2
f 1316/2/2 1317/2/2 1322/2/2
f 1321/10/2 1316/10/2 1322/10/2
f 1317/10/2 1318/10/2 1323/10/2
f 1322/2/2 1317/2/2 1323/2/2
f 1323/10/2 1318/10/2 1324/10/2
f 1318/1/2 1319/1/2 1325/1/2
f 1324/10/2 1318/10/2 1325/10/2
f 1319/10/2 1320/10/2 1326/10/2
f 1325/1/2 1319/1/2 1326/1/2
f 1326/10/2 1320/10/2 1327/10/2
f 1327/10/2 1320/10/2 1328/10/2
f 1328/10/2 1320/10/2 1329/10/2
f 1332/9/2 1333/9/2 1338/9/2
f 1333/1/2 1334/1/2 1339/1/2
f 1338/9/2 1333/9/2 1339/9/2
f 1334/9/2 1335/9/2 1340/9/2
f 1339/1/2 1334/1/2 1340/1/2
f 1330/9/2 1331/9/2 1341/9/2
f 1331/2/2 1332/2/2 1342/2/2
f 1341/9/2 1331/9/2 1342/9/2
f 1332/9/2 1338/9/2 1343/9/2
f 1342/2/2 1332/2/2 1343/2/2
f 1343/9/2 1338/9/2 1344/9/2
f 1344/9/2 1338/9/2 1345/9/2
f 1338/1/2 1339/1/2 1346/1/2
f 1345/9/2 1338/9/2 1346/9/2
f 1339/9/2 1340/9/2 1347/9/2
f 1346/1/2 1339/1/2 1347/1/2
f 1340/9/2 1335/9/2 1348/9/2
f 1347/9/2 1340/9/2 1348/9/2
f 1335/10/2 1336/10/2 1348/10/2
f 1348/10/2 1336/10/2 1349/10/2
f 1336/9/2 1337/9/2 1350/9/2
f 1349/10/2 1336/10/2 1350/10/2
f 1350/9/2 1337/9/2 1351/9/2
f 1354/9/2 1355/9/2 1359/9/2
f 1355/1/2 1356/1/2 1360/1/2
f 1359/9/2 1355/9/2 1360/9/2
f 1356/9/2 1357/9/2 1361/9/2
f 1360/1/2 1356/1/2 1361/1/2
f 1352/9/2 1353/9/2 1362/9/2
f 1353/2/2 1354/2/2 1363/2/2
f 1362/9/2 1353/9/2 1363/9/2
f 1354/9/2 1359/9/2 1364/9/2
f 1363/2/2 1354/2/2 1364/2/2
f 1364/9/2 1359/9/2 1365/9/2
f 1359/1/2 1360/1/2 1366/1/2
f 1365/9/2 1359/9/2 1366/9/2
f 1360/9/2 1361/9/2 1367/9/2
f 1366/1/2 1360/1/2 1367/1/2
f 1361/9/2 1357/9/2 1368/9/2
f 1367/9/2 1361/9/2 1368/9/2
f 1357/10/2 1358/10/2 1368/10/2
f 1368/10/2 1358/10/2 1369/10/2
f 1369/10/2 1358/10/2 1370/10/2
f 1373/9/2 1374/9/2 1379/9/2
f 1374/1/2 1375/1/2 1380/1/2
f 1379/9/2 1374/9/2 1380/9/2
f 1375/9/2 1376/9/2 1381/9/2
f 1380/1/2 1375/1/2 1381/1/2
f 1371/9/2 1372/9/2 1382/9/2
f 1372/2/2 1373/2/2 1383/2/2
f 1382/9/2 1372/9/2 1383/9/2
f 1373/9/2 1379/9/2 1384/9/2
f 1383/2/2 1373/2/2 1384/2/2
f 1384/9/2 1379/9/2 1385/9/2
f 1385/9/2 1379/9/2 1386/9/2
f 1379/1/2 1380/1/2 1387/1/2
f 1386/9/2 1379/9/2 1387/9/2
f 1380/9/2 1381/9/2 1388/9/2
f 1387/1/2 1380/1/2 1388/1/2
f 1381/9/2 1376/9/2 1389/9/2
f 1388/9/2 1381/9/2 1389/9/2
f 1376/10/2 1377/10/2 1389/10/2
f 1389/10/2 1377/10/2 1390/10/2
f 1377/9/2 1378/9/2 1391/9/2
f 1390/10/2 1377/10/2 1391/10/2
f 1391/9/2 1378/9/2 1392/9/2
f 1395/9/2 1396/9/2 1401/9/2
f 1396/1/2 1397/1/2 1402/1/2
f 1401/9/2 1396/9/2 1402/9/2
f 1397/9/2 1398/9/2 1403/9/2
f 1402/1/2 1397/1/2 1403/1/2
f 1393/9/2 1394/9/2 1404/9/2
f 1394/2/2 1395/2/2 1405/2/2
f 1404/9/2 1394/9/2 1405/9/2
f 1395/9/2 1401/9/2 1406/9/2
f 1405/2/2 1395/2/2 1406/2/2
f 1406/9/2 1401/9/2 1407/9/2
f 1401/1/2 1402/1/2 1408/1/2
f 1407/9/2 1401/9/2 1408/9/2
f 1402/9/2 1403/9/2 1409/9/2
f 1408/1/2 1402/1/2 1409/1/2
f 1403/9/2 1398/9/2 1410/9/2
f 1409/9/2 1403/9/2 1410/9/2
f 1398/10/2 1399/10/2 1410/10/2
f 1410/10/2 1399/10/2 1411/10/2
f 1399/9/2 1400/9/2 1412/9/2
f 1411/10/2 1399/10/2 1412/10/2
f 1412/9/2 1400/9/2 1413/9/2
f 1416/9/2 1417/9/2 1422/9/2
f 1417/1/2 1418/1/2 1423/1/2
f 1422/9/2 1417/9/2 1423/9/2
f 1418/9/2 1419/9/2 1424/9/2
f 1423/1/2 1418/1/2 1424/1/2
f 1414/9/2 1415/9/2 1425/9/2
f 1415/2/2 1416/2/2 1426/2/2
f 1425/9/2 1415/9/2 1426/9/2
f 1416/9/2 1422/9/2 1427/9/2
f 1426/2/2 1416/2/2 1427/2/2
f 1427/9/2 1422/9/2 1428/9/2
f 1428/9/2 1422/9/2 1429/9/2
f 1422/1/2 1423/1/2 1430/1/2
f 1429/9/2 1422/9/2 1430/9/2
f 1423/9/2 1424/9/2 1431/9/2
f 1430/1/2 1423/1/2 1431/1/2
f 1424/9/2 1419/9/2 1432/9/2
f 1431/9/2 1424/9/2 1432/9/2
f 1419/10/2 1420/10/2 1432/10/2
f 1420/9/2 1421/9/2 1433/9/2
f 1432/10/2 1420/10/2 1433/10/2
f 1433/9/2 1421/9/2 1434/9/2
f 1435/9/2 1436/9/2 1443/9/2
f 1443/9/2 1436/9/2 1444/9/2
f 1437/9/2 1438/9/2 1445/9/2
f 1438/1/2 1439/1/2 1446/1/2
f 1445/9/2 1438/9/2 1446/9/2
f 1439/9/2 1440/9/2 1447/9/2
f 1446/1/2 1439/1/2 1447/1/2
f 1435/9/2 1443/9/2 1448/9/2
f 1443/2/2 1444/2/2 1449/2/2
f 1448/9/2 1443/9/2 1449/9/2
f 1444/9/2 1436/9/2 1450/9/2
f 1449/2/2 1444/2/2 1450/2/2
f 1436/2/2 1437/2/2 1451/2/2
f 1450/9/2 1436/9/2 1451/9/2
f 1437/9/2 1445/9/2 1452/9/2
f 1451/2/2 1437/2/2 1452/2/2
f 1452/9/2 1445/9/2 1453/9/2
f 1453/9/2 1445/9/2 1454/9/2
f 1445/1/2 1446/1/2 1455/1/2
f 1454/9/2 1445/9/2 1455/9/2
f 1446/9/2 1447/9/2 1456/9/2
f 1455/1/2 1446/1/2 1456/1/2
f 1440/10/2 1441/10/2 1457/10/2
f 1456/9/2 1447/9/2 1457/9/2
f 1447/9/2 1440/9/2 1457/9/2
f 1457/10/2 1441/10/2 1458/10/2
f 1441/9/2 1442/9/2 1459/9/2
f 1458/10/2 1441/10/2 1459/10/2
f 1459/9/2 1442/9/2 1460/9/2
f 1461/9/2 1462/9/2 1465/9/2
f 1463/9/2 1464/9/2 1466/9/2
f 1461/9/2 1465/9/2 1467/9/2
f 1467/9/2 1465/9/2 1468/9/2
f 1466/9/2 1464/9/2 1471/9/2
f 1471/9/2 1464/9/2 1472/9/2
f 1468/8/2 1469/8/2 1473/8/2
f 1467/8/2 1468/8/2 1473/8/2
f 1473/8/2 1469/8/2 1474/8/2
f 1471/8/2 1472/8/2 1475/8/2
f 1470/8/2 1471/8/2 1475/8/2
f 1475/8/2 1472/8/2 1476/8/2
f 1479/9/2 1480/9/2 1484/9/2
f 1480/1/2 1481/1/2 1485/1/2
f 1484/9/2 1480/9/2 1485/9/2
f 1481/9/2 1482/9/2 1486/9/2
f 1485/1/2 1481/1/2 1486/1/2
f 1477/9/2 1478/9/2 1487/9/2
f 1478/2/2 1479/2/2 1488/2/2
f 1487/9/2 1478/9/2 1488/9/2
f 1479/9/2 1484/9/2 1489/9/2
f 1488/2/2 1479/2/2 1489/2/2
f 1489/9/2 1484/9/2 1490/9/2
f 1490/9/2 1484/9/2 1491/9/2
f 1484/1/2 1485/1/2 1492/1/2
f 1491/9/2 1484/9/2 1492/9/2
f 1485/9/2 1486/9/2 1493/9/2
f 1492/1/2 1485/1/2 1493/1/2
f 1486/9/2 1482/9/2 1494/9/2
f 1493/9/2 1486/9/2 1494/9/2
f 1482/10/2 1483/10/2 1494/10/2
f 1494/10/2 1483/10/2 1495/10/2
f 1495/10/2 1483/10/2 1496/10/2
f 1497/9/2 1498/9/2 1505/9/2
f 1498/2/2 1499/2/2 1505/2/2
f 1499/9/2 1500/9/2 1506/9/2
f 1505/2/2 1499/2/2 1506/2/2
f 1500/1/2 1501/1/2 1507/1/2
f 1506/9/2 1500/9/2 1507/9/2
f 1501/9/2 1502/9/2 1508/9/2
f 1507/1/2 1501/1/2 1508/1/2
f 1502/10/2 1503/10/2 1509/10/2
f 1508/9/2 1502/9/2 1509/9/2
f 1509/10/2 1503/10/2 1510/10/2
f 1507/9/2 1508/9/2 1511/9/2
f 1497/9/2 1505/9/2 1511/9/2
f 1509/9/2 1510/9/2 1511/9/2
f 1508/9/2 1509/9/2 1511/9/2
f 1506/9/2 1507/9/2 1511/9/2
f 1505/9/2 1506/9/2 1511/9/2
f 1510/10/2 1503/10/2 1512/10/2
f 1511/9/2 1510/9/2 1512/9/2
f 1503/9/2 1504/9/2 1513/9/2
f 1512/10/2 1503/10/2 1513/10/2
f 1513/9/2 1504/9/2 1514/9/2
f 1515/9/2 1516/9/2 1519/9/2
f 1516/10/2 1517/10/2 1520/10/2
f 1519/9/2 1516/9/2 1520/9/2
f 1520/10/2 1517/10/2 1521/10/2
f 1517/9/2 1518/9/2 1522/9/2
f 1521/10/2 1517/10/2 1522/10/2
f 1522/9/2 1518/9/2 1523/9/2
f 1524/9/2 1525/9/2 1528/9/2
f 1525/10/2 1526/10/2 1529/10/2
f 1528/9/2 1525/9/2 1529/9/2
f 1526/9/2 1527/9/2 1530/9/2
f 1529/10/2 1526/10/2 1530/10/2
f 1530/9/2 1527/9/2 1531/9/2
f 1532/9/2 1533/9/2 1536/9/2
f 1536/9/2 1533/9/2 1537/9/2
f 1532/9/2 1536/9/2 1538/9/2
f 1536/1/2 1537/1/2 1539/1/2
f 1538/9/2 1536/9/2 1539/9/2
f 1537/9/2 1533/9/2 1540/9/2
f 1539/1/2 1537/1/2 1540/1/2
f 1540/9/2 1533/9/2 1541/9/2
f 1541/9/2 1533/9/2 1542/9/2
f 1542/9/2 1533/9/2 1543/9/2
f 1533/10/2 1534/10/2 1544/10/2
f 1543/9/2 1533/9/2 1544/9/2
f 1534/9/2 1535/9/2 1545/9/2
f 1544/10/2 1534/10/2 1545/10/2
f 1538/1/2 1539/1/2 1546/1/2
f 1539/9/2 1540/9/2 1546/9/2
f 1546/9/2 1540/9/2 1547/9/2
f 1543/9/2 1544/9/2 1548/9/2
f 1544/9/2 1545/9/2 1548/9/2
f 1545/9/2 1535/9/2 1549/9/2
f 1548/9/2 1545/9/2 1549/9/2
f 1546/1/2 1547/1/2 1550/1/2
f 1538/1/2 1546/1/2 1550/1/2
f 1550/1/2 1547/1/2 1551/1/2
f 1548/10/2 1549/10/2 1552/10/2
f 1552/10/2 1549/10/2 1553/10/2
f 1554/9/2 1555/9/2 1558/9/2
f 1555/1/2 1556/1/2 1558/1/2
f 1556/9/2 1557/9/2 1559/9/2
f 1558/1/2 1556/1/2 1559/1/2
f 1554/9/2 1558/9/2 1560/9/2
f 1558/9/2 1559/9/2 1560/9/2
f 1560/9/2 1559/9/2 1561/9/2
f 1559/9/2 1557/9/2 1562/9/2
f 1561/9/2 1559/9/2 1562/9/2
f 1562/9/2 1557/9/2 1563/9/2
f 1563/9/2 1557/9/2 1564/9/2
f 1564/9/2 1557/9/2 1565/9/2
f 1560/8/2 1561/8/2 1566/8/2
f 1561/10/2 1562/10/2 1567/10/2
f 1566/8/2 1561/8/2 1567/8/2
f 1562/8/2 1563/8/2 1568/8/2
f 1567/10/2 1562/10/2 1568/10/2
f 1563/10/2 1564/10/2 1569/10/2
f 1568/8/2 1563/8/2 1569/8/2
f 1564/8/2 1565/8/2 1570/8/2
f 1569/10/2 1564/10/2 1570/10/2
f 1570/8/2 1565/8/2 1571/8/2
f 1575/9/3 1573/9/3 1572/9/3
f 1576/8/3 1574/8/3 1573/8/3
f 1576/9/3 1573/9/3 1575/9/3
f 1577/8/3 1574/8/3 1576/8/3
f 1580/9/3 1579/9/3 1578/9/3
f 1581/9/3 1579/9/3 1580/9/3
f 1582/9/3 1580/9/3 1578/9/3
f 1583/9/3 1580/9/3 1582/9/3
f 1584/9/3 1580/9/3 1583/9/3
f 1587/1/3 1583/1/3 1582/1/3
f 1588/9/3 1584/9/3 1583/9/3
f 1588/1/3 1583/1/3 1587/1/3
f 1589/1/3 1585/1/3 1584/1/3
f 1589/9/3 1584/9/3 1588/9/3
f 1590/9/3 1586/9/3 1585/9/3
f 1590/1/3 1585/1/3 1589/1/3
f 1591/9/3 1586/9/3 1590/9/3
f 1592/1/3 1589/1/3 1588/1/3
f 1592/9/3 1588/9/3 1587/9/3
f 1593/9/3 1590/9/3 1589/9/3
f 1593/1/3 1589/1/3 1592/1/3
f 1594/1/3 1591/1/3 1590/1/3
f 1594/9/3 1590/9/3 1593/9/3
f 1595/9/3 1593/9/3 1592/9/3
f 1595/9/3 1592/9/3 1587/9/3
f 1596/1/3 1594/1/3 1593/1/3
f 1596/9/3 1593/9/3 1595/9/3
f 1597/1/3 1591/1/3 1594/1/3
f 1597/1/3 1594/1/3 1596/1/3
f 1600/9/3 1599/9/3 1598/9/3
f 1601/9/3 1600/9/3 1598/9/3
f 1602/9/3 1601/9/3 1598/9/3
f 1603/9/3 1601/9/3 1602/9/3
f 1606/9/3 1605/9/3 1604/9/3
f 1607/9/3 1605/9/3 1606/9/3
f 1610/9/3 1609/9/3 1608/9/3
f 1611/9/3 1609/9/3 1610/9/3
f 1615/9/3 1613/9/3 1612/9/3
f 1616/8/3 1614/8/3 1613/8/3
f 1616/9/3 1613/9/3 1615/9/3
f 1619/8/3 1614/8/3 1616/8/3
f 1620/8/3 1614/8/3 1619/8/3
f 1621/9/3 1618/9/3 1617/9/3
f 1622/9/3 1618/9/3 1621/9/3
f 1623/1/3 1622/1/3 1621/1/3
f 1624/9/3 1618/9/3 1622/9/3
f 1624/1/3 1622/1/3 1623/1/3
f 1627/9/3 1624/9/3 1623/9/3
f 1628/9/3 1618/9/3 1624/9/3
f 1628/9/3 1624/9/3 1627/9/3
f 1629/8/3 1626/8/3 1625/8/3
f 1632/8/3 1626/8/3 1629/8/3
f 1633/9/3 1631/9/3 1630/9/3
f 1633/9/3 1632/9/3 1631/9/3
f 1634/8/3 1626/8/3 1632/8/3
f 1634/9/3 1632/9/3 1633/9/3
f 1635/8/3 1626/8/3 1634/8/3
f 1638/9/3 1637/9/3 1636/9/3
f 1639/9/3 1637/9/3 1638/9/3
f 1640/1/3 1639/1/3 1638/1/3
f 1641/9/3 1637/9/3 1639/9/3
f 1641/1/3 1639/1/3 1640/1/3
f 1642/9/3 1637/9/3 1641/9/3
f 1643/9/3 1641/9/3 1640/9/3
f 1643/9/3 1642/9/3 1641/9/3
f 1644/9/3 1643/9/3 1640/9/3
f 1645/9/3 1643/9/3 1644/9/3
f 1648/9/3 1647/9/3 1646/9/3
f 1649/9/3 1648/9/3 1646/9/3
f 1650/9/3 1649/9/3 1646/9/3
f 1651/9/3 1649/9/3 1650/9/3
f 1654/9/3 1653/9/3 1652/9/3
f 1655/9/3 1653/9/3 1654/9/3
f 1658/9/3 1657/9/3 1656/9/3
f 1659/9/3 1657/9/3 1658/9/3
f 1662/9/3 1661/9/3 1660/9/3
f 1663/9/3 1661/9/3 1662/9/3
f 1666/9/3 1665/9/3 1664/9/3
f 1667/9/3 1665/9/3 1666/9/3
f 1668/10/3 1667/10/3 1666/10/3
f 1669/10/3 1667/10/3 1668/10/3
f 1670/9/3 1669/9/3 1668/9/3
f 1671/9/3 1669/9/3 1670/9/3
f 1674/9/3 1673/9/3 1672/9/3
f 1675/9/3 1673/9/3 1674/9/3
f 1676/10/3 1675/10/3 1674/10/3
f 1677/10/3 1675/10/3 1676/10/3
f 1680/10/3 1679/10/3 1678/10/3
f 1681/10/3 1679/10/3 1680/10/3
f 1682/10/3 1679/10/3 1681/10/3
f 1683/8/3 1681/8/3 1680/8/3
f 1684/9/3 1682/9/3 1681/9/3
f 1684/8/3 1681/8/3 1683/8/3
f 1685/9/3 1682/9/3 1684/9/3
f 1686/10/3 1684/10/3 1683/10/3
f 1686/10/3 1685/10/3 1684/10/3
f 1687/10/3 1685/10/3 1686/10/3
f 1690/10/3 1689/10/3 1688/10/3
f 1691/10/3 1689/10/3 1690/10/3
f 1694/10/3 1693/10/3 1692/10/3
f 1695/10/3 1693/10/3 1694/10/3
f 1698/10/3 1697/10/3 1696/10/3
f 1699/10/3 1697/10/3 1698/10/3
f 1702/6/3 1701/6/3 1700/6/3
f 1703/6/3 1701/6/3 1702/6/3
f 1706/6/3 1705/6/3 1704/6/3
f 1707/6/3 1705/6/3 1706/6/3
f 1710/5/3 1709/5/3 1708/5/3
f 1711/5/3 1709/5/3 1710/5/3
f 1714/6/3 1713/6/3 1712/6/3
f 1715/6/3 1713/6/3 1714/6/3
f 1718/3/3 1717/3/3 1716/3/3
f 1719/3/3 1717/3/3 1718/3/3
f 1722/6/3 1721/6/3 1720/6/3
f 1723/6/3 1721/6/3 1722/6/3
f 1726/3/3 1725/3/3 1724/3/3
f 1727/3/3 1725/3/3 1726/3/3
f 1728/3/3 1725/3/3 1727/3/3
f 1731/6/3 1730/6/3 1729/6/3
f 1732/6/3 1730/6/3 1731/6/3
f 1734/6/3 1730/6/3 1732/6/3
f 1735/6/3 1734/6/3 1733/6/3
f 1736/6/3 1730/6/3 1734/6/3
f 1736/6/3 1734/6/3 1735/6/3
f 1737/6/3 1730/6/3 1736/6/3
f 1741/3/3 1739/3/3 1738/3/3
f 1742/3/3 1739/3/3 1741/3/3
f 1742/4/3 1741/4/3 1740/4/3
f 1743/3/3 1739/3/3 1742/3/3
f 1744/4/3 1742/4/3 1740/4/3
f 1745/4/3 1742/4/3 1744/4/3
f 1746/6/3 1745/6/3 1744/6/3
f 1747/6/3 1745/6/3 1746/6/3
f 1748/3/3 1747/3/3 1746/3/3
f 1749/3/3 1747/3/3 1748/3/3
f 1752/6/3 1751/6/3 1750/6/3
f 1753/6/3 1751/6/3 1752/6/3
f 1756/3/3 1755/3/3 1754/3/3
f 1757/3/3 1755/3/3 1756/3/3
f 1760/3/3 1759/3/3 1758/3/3
f 1761/3/3 1759/3/3 1760/3/3
f 1763/4/3 1761/4/3 1760/4/3
f 1764/3/3 1762/3/3 1761/3/3
f 1764/4/3 1761/4/3 1763/4/3
f 1765/3/3 1762/3/3 1764/3/3
f 1766/3/3 1764/3/3 1763/3/3
f 1767/3/3 1764/3/3 1766/3/3
f 1770/5/3 1769/5/3 1768/5/3
f 1771/5/3 1769/5/3 1770/5/3
f 1774/6/3 1773/6/3 1772/6/3
f 1775/6/3 1773/6/3 1774/6/3
f 1778/3/3 1777/3/3 1776/3/3
f 1779/3/3 1777/3/3 1778/3/3
f 1782/3/3 1781/3/3 1780/3/3
f 1783/3/3 1781/3/3 1782/3/3
f 1786/3/3 1785/3/3 1784/3/3
f 1787/3/3 1785/3/3 1786/3/3
f 1790/3/3 1789/3/3 1788/3/3
f 1791/3/3 1789/3/3 1790/3/3
f 1794/5/3 1793/5/3 1792/5/3
f 1795/5/3 1793/5/3 1794/5/3
f 1798/3/3 1797/3/3 1796/3/3
f 1799/5/3 1793/5/3 1795/5/3
f 1800/5/3 1793/5/3 1799/5/3
f 1801/3/3 1797/3/3 1798/3/3
f 1802/3/3 1797/3/3 1801/3/3
f 1805/3/3 1804/3/3 1803/3/3
f 1806/3/3 1804/3/3 1805/3/3
f 1809/3/3 1808/3/3 1807/3/3
f 1810/3/3 1808/3/3 1809/3/3
f 1813/3/3 1812/3/3 1811/3/3
f 1814/3/3 1812/3/3 1813/3/3
f 1817/3/3 1816/3/3 1815/3/3
f 1818/3/3 1816/3/3 1817/3/3
f 1821/3/3 1820/3/3 1819/3/3
f 1822/3/3 1820/3/3 1821/3/3
f 1825/3/3 1824/3/3 1823/3/3
f 1826/3/3 1824/3/3 1825/3/3
f 1829/3/3 1828/3/3 1827/3/3
f 1830/3/3 1828/3/3 1829/3/3
f 1833/4/3 1832/4/3 1831/4/3
f 1834/4/3 1832/4/3 1833/4/3
f 1835/4/3 1832/4/3 1834/4/3
f 1838/3/3 1837/3/3 1836/3/3
f 1839/3/3 1837/3/3 1838/3/3
f 1840/6/3 1839/6/3 1838/6/3
f 1841/6/3 1839/6/3 1840/6/3
f 1844/6/3 1843/6/3 1842/6/3
f 1845/6/3 1843/6/3 1844/6/3
f 1849/4/3 1847/4/3 1846/4/3
f 1850/3/3 1848/3/3 1847/3/3
f 1850/4/3 1847/4/3 1849/4/3
f 1851/3/3 1848/3/3 1850/3/3
f 1854/6/3 1853/6/3 1852/6/3
f 1855/6/3 1853/6/3 1854/6/3
f 1858/4/3 1857/4/3 1856/4/3
f 1859/4/3 1857/4/3 1858/4/3
f 1863/4/3 1861/4/3 1860/4/3
f 1864/3/3 1862/3/3 1861/3/3
f 1864/4/3 1861/4/3 1863/4/3
f 1865/3/3 1862/3/3 1864/3/3
f 1866/3/3 1864/3/3 1863/3/3
f 1867/3/3 1864/3/3 1866/3/3
f 1868/3/3 1864/3/3 1867/3/3
f 1872/5/3 1870/5/3 1869/5/3
f 1875/3/3 1874/3/3 1873/3/3
f 1876/3/3 1874/3/3 1875/3/3
f 1877/5/3 1872/5/3 1871/5/3
f 1878/5/3 1870/5/3 1872/5/3
f 1878/5/3 1872/5/3 1877/5/3
f 1879/6/3 1876/6/3 1875/6/3
f 1880/6/3 1876/6/3 1879/6/3
f 1881/3/3 1880/3/3 1879/3/3
f 1882/3/3 1880/3/3 1881/3/3
f 1886/6/3 1884/6/3 1883/6/3
f 1887/6/3 1884/6/3 1886/6/3
f 1888/3/3 1886/3/3 1885/3/3
f 1889/3/3 1886/3/3 1888/3/3
f 1892/4/3 1891/4/3 1890/4/3
f 1893/4/3 1891/4/3 1892/4/3
f 1896/6/3 1895/6/3 1894/6/3
f 1897/6/3 1895/6/3 1896/6/3
f 1900/3/3 1899/3/3 1898/3/3
f 1901/3/3 1899/3/3 1900/3/3
f 1904/3/3 1903/3/3 1902/3/3
f 1905/3/3 1903/3/3 1904/3/3
f 1908/5/3 1907/5/3 1906/5/3
f 1909/5/3 1907/5/3 1908/5/3
f 1912/4/3 1911/4/3 1910/4/3
f 1913/4/3 1911/4/3 1912/4/3
f 1916/6/3 1915/6/3 1914/6/3
f 1917/6/3 1915/6/3 1916/6/3
f 1920/6/3 1919/6/3 1918/6/3
f 1921/6/3 1919/6/3 1920/6/3
f 1924/3/3 1923/3/3 1922/3/3
f 1925/3/3 1923/3/3 1924/3/3
f 1926/4/3 1925/4/3 1924/4/3
f 1927/4/3 1925/4/3 1926/4/3
f 1930/3/3 1929/3/3 1928/3/3
f 1931/3/3 1929/3/3 1930/3/3
f 1933/4/3 1931/4/3 1930/4/3
f 1934/3/3 1932/3/3 1931/3/3
f 1934/4/3 1931/4/3 1933/4/3
f 1935/3/3 1932/3/3 1934/3/3
f 1938/3/3 1937/3/3 1936/3/3
f 1939/3/3 1937/3/3 1938/3/3
f 1940/3/3 1937/3/3 1939/3/3
f 1943/3/3 1942/3/3 1941/3/3
f 1944/3/3 1942/3/3 1943/3/3
f 1947/9/3 1946/9/3 1945/9/3
f 1948/9/3 1946/9/3 1947/9/3
f 1949/9/3 1946/9/3 1948/9/3
f 1952/4/3 1951/4/3 1950/4/3
f 1953/4/3 1951/4/3 1952/4/3
f 1956/5/3 1955/5/3 1954/5/3
f 1957/5/3 1955/5/3 1956/5/3
f 1960/8/3 1959/8/3 1958/8/3
f 1961/8/3 1959/8/3 1960/8/3
f 1964/5/3 1963/5/3 1962/5/3
f 1965/5/3 1963/5/3 1964/5/3
f 1968/6/3 1967/6/3 1966/6/3
f 1969/6/3 1967/6/3 1968/6/3
f 1972/9/3 1971/9/3 1970/9/3
f 1973/9/3 1971/9/3 1972/9/3
f 1977/4/3 1975/4/3 1974/4/3
f 1977/4/3 1976/4/3 1975/4/3
f 1978/4/3 1976/4/3 1977/4/3
f 1981/3/3 1980/3/3 1979/3/3
f 1982/3/3 1980/3/3 1981/3/3
f 1986/5/3 1984/5/3 1983/5/3
f 1992/3/3 1988/3/3 1987/3/3
f 1993/3/3 1988/3/3 1992/3/3
f 1994/5/3 1984/5/3 1986/5/3
f 1994/5/3 1986/5/3 1985/5/3
f 1996/9/3 1990/9/3 1989/9/3
f 1997/6/3 1991/6/3 1990/6/3
f 1997/9/3 1990/9/3 1996/9/3
f 1998/6/3 1991/6/3 1997/6/3
f 2001/5/3 1995/5/3 1994/5/3
f 2001/5/3 1994/5/3 1985/5/3
f 2002/5/3 1995/5/3 2001/5/3
f 2003/3/3 2000/3/3 1999/3/3
f 2004/3/3 2000/3/3 2003/3/3
f 2007/4/3 2006/4/3 2005/4/3
f 2008/4/3 2006/4/3 2007/4/3
f 2011/3/3 2008/3/3 2007/3/3
f 2012/3/3 2008/3/3 2011/3/3
f 2014/6/3 2010/6/3 2009/6/3
f 2015/6/3 2010/6/3 2014/6/3
f 2016/6/3 2010/6/3 2015/6/3
f 2019/9/3 2014/9/3 2013/9/3
f 2019/6/3 2015/6/3 2014/6/3
f 2020/6/3 2015/6/3 2019/6/3
f 2021/6/3 2018/6/3 2017/6/3
f 2022/6/3 2018/6/3 2021/6/3
f 2023/9/3 2019/9/3 2013/9/3
f 2024/9/3 2019/9/3 2023/9/3
f 2025/3/3 2022/3/3 2021/3/3
f 2028/3/3 2022/3/3 2025/3/3
f 2029/3/3 2022/3/3 2028/3/3
f 2030/6/3 2027/6/3 2026/6/3
f 2031/6/3 2027/6/3 2030/6/3
f 2034/3/3 2033/3/3 2032/3/3
f 2035/3/3 2033/3/3 2034/3/3
f 2038/6/3 2037/6/3 2036/6/3
f 2039/6/3 2037/6/3 2038/6/3
f 2042/4/3 2041/4/3 2040/4/3
f 2043/4/3 2041/4/3 2042/4/3
f 2046/3/3 2045/3/3 2044/3/3
f 2047/3/3 2045/3/3 2046/3/3
f 2048/4/3 2047/4/3 2046/4/3
f 2049/4/3 2047/4/3 2048/4/3
f 2051/3/3 2049/3/3 2048/3/3
f 2052/6/3 2050/6/3 2049/6/3
f 2052/3/3 2049/3/3 2051/3/3
f 2053/6/3 2052/6/3 2051/6/3
f 2054/6/3 2052/6/3 2053/6/3
f 2055/6/3 2050/6/3 2052/6/3
f 2055/6/3 2052/6/3 2054/6/3
f 2056/3/3 2055/3/3 2054/3/3
f 2057/6/3 2050/6/3 2055/6/3
f 2057/3/3 2055/3/3 2056/3/3
f 2058/6/3 2050/6/3 2057/6/3
f 2061/3/3 2060/3/3 2059/3/3
f 2062/3/3 2060/3/3 2061/3/3
f 2063/6/3 2062/6/3 2061/6/3
f 2064/6/3 2062/6/3 2063/6/3
f 2065/6/3 2062/6/3 2064/6/3
f 2066/4/3 2065/4/3 2064/4/3
f 2067/4/3 2065/4/3 2066/4/3
f 2069/3/3 2068/3/3 2067/3/3
f 2070/3/3 2068/3/3 2069/3/3
f 2076/6/3 2074/6/3 2073/6/3
f 2077/6/3 2076/6/3 2075/6/3
f 2078/6/3 2074/6/3 2076/6/3
f 2078/6/3 2076/6/3 2077/6/3
f 2079/6/3 2074/6/3 2078/6/3
f 2080/10/3 2072/10/3 2071/10/3
f 2081/10/3 2072/10/3 2080/10/3
f 2085/4/3 2078/4/3 2077/4/3
f 2086/4/3 2078/4/3 2085/4/3
f 2087/4/3 2078/4/3 2086/4/3
f 2092/3/3 2091/3/3 2090/3/3
f 2093/3/3 2091/3/3 2092/3/3
f 2095/4/3 2093/4/3 2092/4/3
f 2096/3/3 2094/3/3 2093/3/3
f 2096/4/3 2093/4/3 2095/4/3
f 2097/3/3 2094/3/3 2096/3/3
f 2100/5/3 2099/5/3 2098/5/3
f 2101/5/3 2099/5/3 2100/5/3
f 2104/5/3 2084/5/3 2083/5/3
f 2105/5/3 2084/5/3 2104/5/3
f 2106/5/3 2089/5/3 2088/5/3
f 2107/5/3 2089/5/3 2106/5/3
f 2108/3/3 2103/3/3 2102/3/3
f 2109/3/3 2103/3/3 2108/3/3
f 2110/3/3 2103/3/3 2109/3/3
f 2111/3/3 2103/3/3 2110/3/3
f 2112/4/3 2111/4/3 2110/4/3
f 2113/4/3 2111/4/3 2112/4/3
f 2114/4/3 2111/4/3 2113/4/3
f 2117/6/3 2114/6/3 2113/6/3
f 2118/6/3 2114/6/3 2117/6/3
f 2120/9/3 2116/9/3 2115/9/3
f 2121/9/3 2116/9/3 2120/9/3
f 2123/3/3 2119/3/3 2118/3/3
f 2124/3/3 2119/3/3 2123/3/3
f 2125/3/3 2123/3/3 2122/3/3
f 2128/3/3 2123/3/3 2125/3/3
f 2129/3/3 2123/3/3 2128/3/3
f 2131/10/3 2082/10/3 2081/10/3
f 2132/10/3 2082/10/3 2131/10/3
f 2133/10/3 2127/10/3 2126/10/3
f 2134/10/3 2127/10/3 2133/10/3
f 2137/5/3 2136/5/3 2135/5/3
f 2138/5/3 2136/5/3 2137/5/3
f 2141/3/3 2140/3/3 2139/3/3
f 2142/3/3 2140/3/3 2141/3/3
f 2143/10/3 2131/10/3 2130/10/3
f 2144/10/3 2131/10/3 2143/10/3
f 2147/4/3 2146/4/3 2145/4/3
f 2148/4/3 2146/4/3 2147/4/3
f 2150/4/3 2149/4/3 2148/4/3
f 2151/4/3 2149/4/3 2150/4/3
f 2154/3/3 2153/3/3 2152/3/3
f 2155/3/3 2153/3/3 2154/3/3
f 2158/3/3 2157/3/3 2156/3/3
f 2159/3/3 2157/3/3 2158/3/3
f 2162/4/3 2161/4/3 2160/4/3
f 2163/4/3 2161/4/3 2162/4/3
f 2166/7/3 2165/7/3 2164/7/3
f 2167/7/3 2166/7/3 2164/7/3
f 2168/7/3 2166/7/3 2167/7/3
f 2169/2/3 2168/2/3 2167/2/3
f 2170/2/3 2168/2/3 2169/2/3
f 2173/7/3 2170/7/3 2169/7/3
f 2174/7/3 2170/7/3 2173/7/3
f 2175/3/3 2172/3/3 2171/3/3
f 2176/3/3 2172/3/3 2175/3/3
f 2179/7/3 2178/7/3 2177/7/3
f 2180/7/3 2178/7/3 2179/7/3
f 2183/3/3 2182/3/3 2181/3/3
f 2184/3/3 2182/3/3 2183/3/3
f 2187/4/3 2186/4/3 2185/4/3
f 2188/4/3 2186/4/3 2187/4/3
f 2191/3/3 2190/3/3 2189/3/3
f 2192/3/3 2190/3/3 2191/3/3
f 2195/3/3 2194/3/3 2193/3/3
f 2196/3/3 2194/3/3 2195/3/3
f 2199/3/3 2198/3/3 2197/3/3
f 2200/3/3 2198/3/3 2199/3/3
f 2203/4/3 2202/4/3 2201/4/3
f 2204/4/3 2202/4/3 2203/4/3
f 2208/3/3 2206/3/3 2205/3/3
f 2209/3/3 2206/3/3 2208/3/3
f 2210/3/3 2208/3/3 2207/3/3
f 2211/3/3 2208/3/3 2210/3/3
f 2214/4/3 2213/4/3 2212/4/3
f 2215/4/3 2213/4/3 2214/4/3
f 2218/6/3 2217/6/3 2216/6/3
f 2219/6/3 2217/6/3 2218/6/3
f 2220/4/3 2219/4/3 2218/4/3
f 2221/4/3 2219/4/3 2220/4/3
f 2224/7/3 2223/7/3 2222/7/3
f 2225/7/3 2223/7/3 2224/7/3
f 2226/2/3 2225/2/3 2224/2/3
f 2227/2/3 2225/2/3 2226/2/3
f 2228/7/3 2227/7/3 2226/7/3
f 2229/7/3 2228/7/3 2226/7/3
f 2231/7/3 2229/7/3 2226/7/3
f 2232/5/3 2230/5/3 2229/5/3
f 2232/7/3 2229/7/3 2231/7/3
f 2233/5/3 2230/5/3 2232/5/3
f 2234/5/3 2230/5/3 2233/5/3
f 2237/10/3 2236/10/3 2235/10/3
f 2238/10/3 2236/10/3 2237/10/3
f 2239/1/3 2238/1/3 2237/1/3
f 2240/1/3 2238/1/3 2239/1/3
f 2241/10/3 2240/10/3 2239/10/3
f 2242/10/3 2240/10/3 2241/10/3
f 2245/10/3 2244/10/3 2243/10/3
f 2246/10/3 2244/10/3 2245/10/3
f 2249/6/3 2248/6/3 2247/6/3
f 2250/6/3 2248/6/3 2249/6/3
f 2256/7/3 2255/7/3 2254/7/3
f 2257/7/3 2255/7/3 2256/7/3
f 2258/9/3 2252/9/3 2251/9/3
f 2259/9/3 2258/9/3 2257/9/3
f 2260/9/3 2252/9/3 2258/9/3
f 2260/9/3 2258/9/3 2259/9/3
f 2261/2/3 2260/2/3 2259/2/3
f 2262/9/3 2252/9/3 2260/9/3
f 2262/2/3 2260/2/3 2261/2/3
f 2263/9/3 2252/9/3 2262/9/3
f 2264/9/3 2262/9/3 2261/9/3
f 2264/2/3 2263/2/3 2262/2/3
f 2265/9/3 2252/9/3 2263/9/3
f 2265/2/3 2263/2/3 2264/2/3
f 2266/10/3 2253/10/3 2252/10/3
f 2266/9/3 2252/9/3 2265/9/3
f 2267/9/3 2265/9/3 2264/9/3
f 2267/2/3 2266/2/3 2265/2/3
f 2268/10/3 2253/10/3 2266/10/3
f 2268/2/3 2266/2/3 2267/2/3
f 2269/10/3 2253/10/3 2268/10/3
f 2270/9/3 2267/9/3 2264/9/3
f 2270/9/3 2264/9/3 2261/9/3
f 2270/9/3 2268/9/3 2267/9/3
f 2271/9/3 2268/9/3 2270/9/3
f 2272/2/3 2271/2/3 2270/2/3
f 2273/9/3 2268/9/3 2271/9/3
f 2273/2/3 2271/2/3 2272/2/3
f 2274/2/3 2269/2/3 2268/2/3
f 2274/9/3 2268/9/3 2273/9/3
f 2275/9/3 2273/9/3 2272/9/3
f 2275/2/3 2274/2/3 2273/2/3
f 2276/2/3 2269/2/3 2274/2/3
f 2276/2/3 2274/2/3 2275/2/3
f 2277/9/3 2276/9/3 2275/9/3
f 2277/2/3 2269/2/3 2276/2/3
f 2278/2/3 2269/2/3 2277/2/3
f 2279/9/3 2275/9/3 2272/9/3
f 2279/9/3 2277/9/3 2275/9/3
f 2280/10/3 2278/10/3 2277/10/3
f 2280/9/3 2277/9/3 2279/9/3
f 2281/10/3 2278/10/3 2280/10/3
f 2284/10/3 2283/10/3 2282/10/3
f 2285/10/3 2283/10/3 2284/10/3
f 2288/9/3 2287/9/3 2286/9/3
f 2289/9/3 2287/9/3 2288/9/3
f 2290/9/3 2287/9/3 2289/9/3
f 2291/9/3 2287/9/3 2290/9/3
f 2294/9/3 2293/9/3 2292/9/3
f 2295/9/3 2293/9/3 2294/9/3
f 2298/8/3 2297/8/3 2296/8/3
f 2299/8/3 2297/8/3 2298/8/3
f 2300/8/4 2301/8/4 2302/8/4
f 2302/8/4 2301/8/4 2303/8/4
f 2304/9/4 2305/9/4 2306/9/4
f 2306/9/4 2305/9/4 2307/9/4
f 2308/9/4 2309/9/4 2310/9/4
f 2310/9/4 2309/9/4 2311/9/4
f 2312/10/4 2313/10/4 2314/10/4
f 2314/10/4 2313/10/4 2315/10/4
f 2314/1/4 2315/1/4 2316/1/4
f 2316/1/4 2315/1/4 2317/1/4
f 2316/10/4 2317/10/4 2318/10/4
f 2318/10/4 2317/10/4 2319/10/4
f 2318/1/4 2319/1/4 2320/1/4
f 2320/1/4 2319/1/4 2321/1/4
f 2320/10/4 2321/10/4 2322/10/4
f 2322/10/4 2321/10/4 2323/10/4
f 2323/10/4 2321/10/4 2324/10/4
f 2325/6/4 2326/6/4 2329/6/4
f 2326/9/4 2327/9/4 2330/9/4
f 2329/6/4 2326/6/4 2330/6/4
f 2327/10/4 2328/10/4 2331/10/4
f 2330/9/4 2327/9/4 2331/9/4
f 2329/9/4 2330/9/4 2331/9/4
f 2331/10/4 2328/10/4 2332/10/4
f 2329/9/4 2331/9/4 2333/9/4
f 2331/1/4 2332/1/4 2333/1/4
f 2333/1/4 2332/1/4 2334/1/4
f 2329/9/4 2333/9/4 2335/9/4
f 2335/9/4 2333/9/4 2336/9/4
f 2333/10/4 2334/10/4 2337/10/4
f 2336/9/4 2333/9/4 2337/9/4
f 2337/10/4 2334/10/4 2338/10/4
f 2339/9/4 2340/9/4 2344/9/4
f 2340/2/4 2341/2/4 2344/2/4
f 2341/9/4 2342/9/4 2345/9/4
f 2344/2/4 2341/2/4 2345/2/4
f 2342/10/4 2343/10/4 2346/10/4
f 2345/9/4 2342/9/4 2346/9/4
f 2346/10/4 2343/10/4 2347/10/4
f 2344/9/4 2345/9/4 2348/9/4
f 2345/2/4 2346/2/4 2348/2/4
f 2346/1/4 2347/1/4 2349/1/4
f 2348/2/4 2346/2/4 2349/2/4
f 2349/1/4 2347/1/4 2350/1/4
f 2348/9/4 2349/9/4 2351/9/4
f 2349/2/4 2350/2/4 2351/2/4
f 2351/2/4 2350/2/4 2352/2/4
f 2339/9/4 2344/9/4 2353/9/4
f 2344/9/4 2348/9/4 2353/9/4
f 2348/9/4 2351/9/4 2353/9/4
f 2353/9/4 2351/9/4 2354/9/4
f 2353/2/4 2354/2/4 2355/2/4
f 2354/9/4 2351/9/4 2356/9/4
f 2355/2/4 2354/2/4 2356/2/4
f 2351/10/4 2352/10/4 2357/10/4
f 2356/9/4 2351/9/4 2357/9/4
f 2355/9/4 2356/9/4 2358/9/4
f 2356/2/4 2357/2/4 2358/2/4
f 2357/10/4 2352/10/4 2359/10/4
f 2358/2/4 2357/2/4 2359/2/4
f 2359/10/4 2352/10/4 2360/10/4
f 2358/9/4 2359/9/4 2361/9/4
f 2359/2/4 2360/2/4 2361/2/4
f 2361/2/4 2360/2/4 2362/2/4
f 2355/9/4 2358/9/4 2363/9/4
f 2358/9/4 2361/9/4 2363/9/4
f 2363/9/4 2361/9/4 2364/9/4
f 2361/10/4 2362/10/4 2365/10/4
f 2364/9/4 2361/9/4 2365/9/4
f 2365/10/4 2362/10/4 2366/10/4
f 2367/3/4 2368/3/4 2369/3/4
f 2369/3/4 2368/3/4 2370/3/4
f 2371/6/4 2372/6/4 2373/6/4
f 2373/6/4 2372/6/4 2374/6/4
f 2375/10/4 2376/10/4 2377/10/4
f 2377/10/4 2376/10/4 2378/10/4
f 2379/5/4 2380/5/4 2381/5/4
f 2381/5/4 2380/5/4 2382/5/4
f 2382/5/4 2380/5/4 2383/5/4
f 2384/6/4 2385/6/4 2386/6/4
f 2386/6/4 2385/6/4 2387/6/4
f 2387/6/4 2385/6/4 2388/6/4
f 2389/3/4 2390/3/4 2391/3/4
f 2391/3/4 2390/3/4 2392/3/4
f 2392/3/4 2390/3/4 2393/3/4
f 2394/7/4 2395/7/4 2396/7/4
f 2396/7/4 2395/7/4 2397/7/4
f 2396/2/4 2397/2/4 2398/2/4
f 2398/2/4 2397/2/4 2399/2/4
f 2400/6/4 2401/6/4 2402/6/4
f 2402/6/4 2401/6/4 2403/6/4
f 2403/6/4 2401/6/4 2404/6/4
f 2405/3/4 2406/3/4 2407/3/4
f 2407/3/4 2406/3/4 2408/3/4
f 2408/3/4 2406/3/4 2409/3/4
f 2410/6/4 2411/6/4 2412/6/4
f 2412/6/4 2411/6/4 2413/6/4
f 2413/6/4 2411/6/4 2414/6/4
f 2413/4/4 2414/4/4 2415/4/4
f 2415/4/4 2414/4/4 2416/4/4
f 2415/3/4 2416/3/4 2417/3/4
f 2417/3/4 2416/3/4 2418/3/4
f 2398/7/4 2399/7/4 2419/7/4
f 2419/7/4 2399/7/4 2420/7/4
f 2419/2/4 2420/2/4 2421/2/4
f 2421/2/4 2420/2/4 2422/2/4
f 2422/2/4 2420/2/4 2423/2/4
f 2422/7/4 2423/7/4 2424/7/4
f 2424/7/4 2423/7/4 2425/7/4
f 2426/6/4 2427/6/4 2428/6/4
f 2428/6/4 2427/6/4 2429/6/4
f 2429/6/4 2427/6/4 2430/6/4
f 2431/3/4 2432/3/4 2433/3/4
f 2433/3/4 2432/3/4 2434/3/4
f 2435/6/4 2436/6/4 2437/6/4
f 2437/6/4 2436/6/4 2438/6/4
f 2439/10/4 2440/10/4 2443/10/4
f 2443/10/4 2440/10/4 2444/10/4
f 2441/6/4 2442/6/4 2449/6/4
f 2449/6/4 2442/6/4 2450/6/4
f 2450/6/4 2442/6/4 2451/6/4
f 2452/3/4 2453/3/4 2454/3/4
f 2454/3/4 2453/3/4 2455/3/4
f 2447/7/4 2448/7/4 2456/7/4
f 2446/7/4 2447/7/4 2456/7/4
f 2456/7/4 2448/7/4 2457/7/4
f 2458/7/4 2459/7/4 2460/7/4
f 2444/10/4 2445/10/4 2462/10/4
f 2462/10/4 2445/10/4 2463/10/4
f 2460/7/4 2459/7/4 2464/7/4
f 2464/7/4 2459/7/4 2465/7/4
f 2461/10/4 2462/10/4 2466/10/4
f 2466/10/4 2462/10/4 2467/10/4
f 2468/6/4 2469/6/4 2470/6/4
f 2470/6/4 2469/6/4 2471/6/4
f 2472/3/4 2473/3/4 2474/3/4
f 2474/3/4 2473/3/4 2475/3/4
f 2475/3/4 2473/3/4 2476/3/4
f 2477/6/4 2478/6/4 2479/6/4
f 2479/6/4 2478/6/4 2480/6/4
f 2481/3/4 2482/3/4 2483/3/4
f 2483/3/4 2482/3/4 2484/3/4
f 2485/3/4 2486/3/4 2487/3/4
f 2487/3/4 2486/3/4 2488/3/4
f 2487/6/4 2488/6/4 2489/6/4
f 2489/6/4 2488/6/4 2490/6/4
f 2491/3/4 2492/3/4 2493/3/4
f 2493/3/4 2492/3/4 2494/3/4
f 2494/3/4 2492/3/4 2495/3/4
f 2496/3/4 2497/3/4 2498/3/4
f 2498/3/4 2497/3/4 2499/3/4
f 2500/6/4 2501/6/4 2502/6/4
f 2502/6/4 2501/6/4 2503/6/4
f 2502/4/4 2503/4/4 2504/4/4
f 2504/4/4 2503/4/4 2505/4/4
f 2505/3/4 2506/3/4 2507/3/4
f 2507/3/4 2506/3/4 2508/3/4
f 2509/6/4 2510/6/4 2511/6/4
f 2511/6/4 2510/6/4 2512/6/4
f 2513/4/4 2514/4/4 2515/4/4
f 2515/4/4 2514/4/4 2516/4/4
f 2516/3/4 2517/3/4 2518/3/4
f 2518/3/4 2517/3/4 2519/3/4
f 2518/4/4 2519/4/4 2520/4/4
f 2520/4/4 2519/4/4 2521/4/4
f 2522/6/4 2523/6/4 2525/6/4
f 2523/3/4 2524/3/4 2526/3/4
f 2525/6/4 2523/6/4 2526/6/4
f 2525/4/4 2526/4/4 2528/4/4
f 2526/3/4 2524/3/4 2529/3/4
f 2528/4/4 2526/4/4 2529/4/4
f 2529/3/4 2524/3/4 2530/3/4
f 2527/4/4 2528/4/4 2531/4/4
f 2528/3/4 2529/3/4 2532/3/4
f 2531/4/4 2528/4/4 2532/4/4
f 2532/3/4 2529/3/4 2533/3/4
f 2533/3/4 2529/3/4 2534/3/4
f 2535/3/4 2536/3/4 2537/3/4
f 2537/3/4 2536/3/4 2538/3/4
f 2539/4/4 2540/4/4 2541/4/4
f 2541/4/4 2540/4/4 2542/4/4
f 2542/3/4 2543/3/4 2544/3/4
f 2544/3/4 2543/3/4 2545/3/4
f 2546/6/4 2547/6/4 2548/6/4
f 2548/6/4 2547/6/4 2549/6/4
f 2548/3/4 2549/3/4 2550/3/4
f 2550/3/4 2549/3/4 2551/3/4
f 2552/6/4 2553/6/4 2554/6/4
f 2554/6/4 2553/6/4 2555/6/4
f 2556/6/4 2557/6/4 2558/6/4
f 2558/6/4 2557/6/4 2559/6/4
f 2560/6/4 2561/6/4 2562/6/4
f 2562/6/4 2561/6/4 2563/6/4
f 2564/4/4 2565/4/4 2566/4/4
f 2566/4/4 2565/4/4 2567/4/4
f 2568/5/4 2569/5/4 2570/5/4
f 2570/5/4 2569/5/4 2571/5/4
f 2572/6/4 2573/6/4 2575/6/4
f 2575/6/4 2573/6/4 2576/6/4
f 2574/3/4 2575/3/4 2577/3/4
f 2577/3/4 2575/3/4 2578/3/4
f 2579/6/4 2580/6/4 2581/6/4
f 2581/6/4 2580/6/4 2582/6/4
f 2579/6/4 2581/6/4 2583/6/4
f 2583/6/4 2581/6/4 2584/6/4
f 2585/3/4 2586/3/4 2587/3/4
f 2587/3/4 2586/3/4 2588/3/4
f 2589/6/4 2590/6/4 2591/6/4
f 2591/6/4 2590/6/4 2592/6/4
f 2593/6/4 2594/6/4 2595/6/4
f 2595/6/4 2594/6/4 2596/6/4
f 2599/6/4 2600/6/4 2601/6/4
f 2601/6/4 2600/6/4 2602/6/4
f 2597/5/4 2598/5/4 2603/5/4
f 2603/5/4 2598/5/4 2604/5/4
f 2605/6/4 2606/6/4 2607/6/4
f 2607/6/4 2606/6/4 2608/6/4
f 2608/6/4 2606/6/4 2609/6/4
f 2610/6/4 2611/6/4 2612/6/4
f 2612/6/4 2611/6/4 2613/6/4
f 2614/3/4 2615/3/4 2616/3/4
f 2616/3/4 2615/3/4 2617/3/4
f 2618/6/4 2619/6/4 2620/6/4
f 2620/6/4 2619/6/4 2621/6/4
f 2622/6/4 2623/6/4 2624/6/4
f 2624/6/4 2623/6/4 2625/6/4
f 2626/4/4 2627/4/4 2628/4/4
f 2628/4/4 2627/4/4 2629/4/4
f 2630/3/4 2631/3/4 2632/3/4
f 2632/3/4 2631/3/4 2633/3/4
f 2634/9/4 2635/9/4 2636/9/4
f 2636/9/4 2635/9/4 2637/9/4
f 2637/9/4 2635/9/4 2638/9/4
f 2641/3/4 2642/3/4 2643/3/4
f 2643/3/4 2642/3/4 2644/3/4
f 2643/4/4 2644/4/4 2646/4/4
f 2644/3/4 2645/3/4 2647/3/4
f 2646/4/4 2644/4/4 2647/4/4
f 2647/3/4 2645/3/4 2648/3/4
f 2639/5/4 2640/5/4 2649/5/4
f 2649/5/4 2640/5/4 2650/5/4
f 2651/3/4 2652/3/4 2653/3/4
f 2653/3/4 2652/3/4 2654/3/4
f 2655/6/4 2656/6/4 2657/6/4
f 2657/6/4 2656/6/4 2658/6/4
f 2659/9/4 2660/9/4 2661/9/4
f 2661/9/4 2660/9/4 2662/9/4
f 2663/4/4 2664/4/4 2665/4/4
f 2665/4/4 2664/4/4 2666/4/4
f 2667/6/4 2668/6/4 2669/6/4
f 2669/6/4 2668/6/4 2670/6/4
f 2674/3/4 2675/3/4 2676/3/4
f 2676/3/4 2675/3/4 2677/3/4
f 2671/5/4 2672/5/4 2678/5/4
f 2672/5/4 2673/5/4 2678/5/4
f 2678/5/4 2673/5/4 2679/5/4
f 2680/9/4 2681/9/4 2682/9/4
f 2682/9/4 2681/9/4 2683/9/4
f 2684/5/4 2685/5/4 2687/5/4
f 2688/4/4 2689/4/4 2690/4/4
f 2690/4/4 2689/4/4 2691/4/4
f 2687/5/4 2685/5/4 2692/5/4
f 2686/5/4 2687/5/4 2692/5/4
f 2686/5/4 2692/5/4 2693/5/4
f 2693/5/4 2692/5/4 2694/5/4
f 2695/4/4 2696/4/4 2697/4/4
f 2697/4/4 2696/4/4 2698/4/4
f 2699/9/4 2700/9/4 2702/9/4
f 2700/6/4 2701/6/4 2703/6/4
f 2702/9/4 2700/9/4 2703/9/4
f 2703/6/4 2701/6/4 2704/6/4
f 2705/6/4 2706/6/4 2708/6/4
f 2708/6/4 2706/6/4 2709/6/4
f 2709/6/4 2706/6/4 2710/6/4
f 2707/9/4 2708/9/4 2711/9/4
f 2708/6/4 2709/6/4 2711/6/4
f 2711/6/4 2709/6/4 2712/6/4
f 2707/9/4 2711/9/4 2713/9/4
f 2713/9/4 2711/9/4 2714/9/4
f 2715/6/4 2716/6/4 2717/6/4
f 2717/6/4 2716/6/4 2718/6/4
f 2719/4/4 2720/4/4 2721/4/4
f 2721/4/4 2720/4/4 2722/4/4
f 2723/6/4 2724/6/4 2725/6/4
f 2725/6/4 2724/6/4 2726/6/4
f 2727/4/4 2728/4/4 2729/4/4
f 2729/4/4 2728/4/4 2730/4/4
f 2733/6/4 2734/6/4 2735/6/4
f 2735/6/4 2734/6/4 2736/6/4
f 2731/5/4 2732/5/4 2738/5/4
f 2739/3/4 2740/3/4 2741/3/4
f 2741/3/4 2740/3/4 2742/3/4
f 2737/5/4 2738/5/4 2743/5/4
f 2738/5/4 2732/5/4 2743/5/4
f 2745/3/4 2746/3/4 2747/3/4
f 2747/3/4 2746/3/4 2748/3/4
f 2737/5/4 2743/5/4 2749/5/4
f 2743/5/4 2744/5/4 2749/5/4
f 2749/5/4 2744/5/4 2750/5/4
f 2751/8/4 2752/8/4 2753/8/4
f 2753/8/4 2752/8/4 2754/8/4
f 2755/3/4 2756/3/4 2757/3/4
f 2757/3/4 2756/3/4 2758/3/4
f 2759/3/4 2760/3/4 2761/3/4
f 2761/3/4 2760/3/4 2762/3/4
f 2763/4/4 2764/4/4 2765/4/4
f 2765/4/4 2764/4/4 2766/4/4
f 2763/4/4 2765/4/4 2767/4/4
f 2767/4/4 2765/4/4 2768/4/4
f 2771/3/4 2772/3/4 2773/3/4
f 2773/3/4 2772/3/4 2774/3/4
f 2769/5/4 2770/5/4 2775/5/4
f 2775/5/4 2770/5/4 2776/5/4
f 2777/3/4 2778/3/4 2780/3/4
f 2780/3/4 2778/3/4 2781/3/4
f 2782/5/4 2783/5/4 2785/5/4
f 2779/3/4 2780/3/4 2786/3/4
f 2786/3/4 2780/3/4 2787/3/4
f 2784/5/4 2785/5/4 2788/5/4
f 2788/5/4 2785/5/4 2789/5/4
f 2785/5/4 2783/5/4 2790/5/4
f 2789/5/4 2785/5/4 2790/5/4
f 2791/4/4 2792/4/4 2793/4/4
f 2791/4/4 2793/4/4 2794/4/4
f 2794/4/4 2793/4/4 2795/4/4
f 2796/3/4 2797/3/4 2798/3/4
f 2798/3/4 2797/3/4 2799/3/4
f 2800/4/4 2801/4/4 2802/4/4
f 2802/4/4 2801/4/4 2803/4/4
f 2804/3/4 2805/3/4 2806/3/4
f 2806/3/4 2805/3/4 2807/3/4
f 2808/4/4 2809/4/4 2810/4/4
f 2810/4/4 2809/4/4 2811/4/4
f 2812/6/4 2813/6/4 2814/6/4
f 2814/6/4 2813/6/4 2815/6/4
f 2816/4/4 2817/4/4 2818/4/4
f 2818/4/4 2817/4/4 2819/4/4
f 2820/3/4 2821/3/4 2822/3/4
f 2822/3/4 2821/3/4 2823/3/4
f 2824/3/4 2825/3/4 2828/3/4
f 2828/3/4 2825/3/4 2829/3/4
f 2826/5/4 2827/5/4 2830/5/4
f 2826/5/4 2830/5/4 2831/5/4
f 2831/5/4 2830/5/4 2832/5/4
f 2833/3/4 2834/3/4 2835/3/4
f 2835/3/4 2834/3/4 2836/3/4
f 2837/6/4 2838/6/4 2839/6/4
f 2839/6/4 2838/6/4 2840/6/4
f 2841/3/4 2842/3/4 2843/3/4
f 2843/3/4 2842/3/4 2844/3/4
f 2845/4/4 2846/4/4 2848/4/4
f 2846/3/4 2847/3/4 2849/3/4
f 2848/4/4 2846/4/4 2849/4/4
f 2849/3/4 2847/3/4 2850/3/4
f 2848/6/4 2849/6/4 2851/6/4
f 2851/6/4 2849/6/4 2852/6/4
f 2852/3/4 2853/3/4 2854/3/4
f 2854/3/4 2853/3/4 2855/3/4
f 2856/3/4 2857/3/4 2858/3/4
f 2858/3/4 2857/3/4 2859/3/4
f 2860/6/4 2861/6/4 2862/6/4
f 2862/6/4 2861/6/4 2863/6/4
f 2864/3/4 2865/3/4 2866/3/4
f 2866/3/4 2865/3/4 2867/3/4
f 2868/4/4 2869/4/4 2870/4/4
f 2870/4/4 2869/4/4 2871/4/4
f 2872/3/4 2873/3/4 2875/3/4
f 2875/3/4 2873/3/4 2876/3/4
f 2874/3/4 2875/3/4 2877/3/4
f 2877/3/4 2875/3/4 2878/3/4
f 2879/6/4 2880/6/4 2881/6/4
f 2881/6/4 2880/6/4 2882/6/4
f 2883/5/4 2884/5/4 2885/5/4
f 2885/5/4 2884/5/4 2886/5/4
f 2885/5/4 2886/5/4 2888/5/4
f 2886/4/4 2887/4/4 2889/4/4
f 2888/5/4 2886/5/4 2889/5/4
f 2889/4/4 2887/4/4 2890/4/4
f 2888/5/4 2889/5/4 2891/5/4
f 2888/5/4 2891/5/4 2893/5/4
f 2893/5/4 2891/5/4 2894/5/4
f 2891/4/4 2892/4/4 2895/4/4
f 2894/5/4 2891/5/4 2895/5/4
f 2895/4/4 2892/4/4 2896/4/4
f 2894/5/4 2895/5/4 2897/5/4
f 2894/5/4 2897/5/4 2899/5/4
f 2897/4/4 2898/4/4 2899/4/4
f 2899/4/4 2898/4/4 2900/4/4
f 2894/5/4 2899/5/4 2901/5/4
f 2901/5/4 2899/5/4 2902/5/4
f 2903/6/4 2904/6/4 2905/6/4
f 2905/6/4 2904/6/4 2906/6/4
f 2907/6/4 2908/6/4 2909/6/4
f 2909/6/4 2908/6/4 2910/6/4
f 2913/5/4 2914/5/4 2915/5/4
f 2911/6/4 2912/6/4 2916/6/4
f 2916/6/4 2912/6/4 2917/6/4
f 2915/5/4 2914/5/4 2918/5/4
f 2918/5/4 2914/5/4 2919/5/4
f 2920/6/4 2921/6/4 2924/6/4
f 2924/6/4 2921/6/4 2925/6/4
f 2922/10/4 2923/10/4 2926/10/4
f 2926/10/4 2923/10/4 2927/10/4
f 2928/10/4 2929/10/4 2930/10/4
f 2930/10/4 2929/10/4 2931/10/4
f 2932/6/4 2933/6/4 2934/6/4
f 2934/6/4 2933/6/4 2935/6/4
f 2936/8/4 2937/8/4 2938/8/4
f 2938/8/4 2937/8/4 2939/8/4
f 2940/8/4 2941/8/4 2943/8/4
f 2941/9/4 2942/9/4 2944/9/4
f 2943/8/4 2941/8/4 2944/8/4
f 2944/9/4 2942/9/4 2945/9/4
f 2946/9/4 2947/9/4 2948/9/4
f 2948/9/4 2947/9/4 2949/9/4
f 2948/10/4 2949/10/4 2950/10/4
f 2950/10/4 2949/10/4 2951/10/4
f 2952/9/4 2953/9/4 2954/9/4
f 2954/9/4 2953/9/4 2955/9/4
f 2956/10/4 2957/10/4 2958/10/4
f 2958/10/4 2957/10/4 2959/10/4
f 2960/9/4 2961/9/4 2962/9/4
f 2962/9/4 2961/9/4 2963/9/4
f 2964/9/4 2965/9/4 2966/9/4
f 2966/9/4 2965/9/4 2967/9/4
f 2968/9/4 2969/9/4 2971/9/4
f 2969/8/4 2970/8/4 2972/8/4
f 2971/9/4 2969/9/4 2972/9/4
f 2972/8/4 2970/8/4 2973/8/4
f 2973/8/4 2970/8/4 2974/8/4
f 2975/9/4 2976/9/4 2977/9/4
f 2977/9/4 2976/9/4 2978/9/4
f 2979/8/4 2980/8/4 2983/8/4
f 2981/9/4 2982/9/4 2984/9/4
f 2982/9/4 2983/9/4 2984/9/4
f 2983/8/4 2980/8/4 2985/8/4
f 2984/9/4 2983/9/4 2985/9/4
f 2985/8/4 2980/8/4 2986/8/4
f 2987/9/4 2988/9/4 2989/9/4
f 2989/9/4 2988/9/4 2990/9/4
f 2991/10/4 2992/10/4 2993/10/4
f 2993/10/4 2992/10/4 2994/10/4
f 2995/9/4 2996/9/4 2997/9/4
f 2997/9/4 2996/9/4 2998/9/4
f 2999/9/4 3000/9/4 3001/9/4
f 3001/9/4 3000/9/4 3002/9/4
f 3003/9/4 3004/9/4 3005/9/4
f 3005/9/4 3004/9/4 3006/9/4
f 3007/9/4 3008/9/4 3009/9/4
f 3009/9/4 3008/9/4 3010/9/4
f 3007/9/4 3009/9/4 3011/9/4
f 3007/9/4 3011/9/4 3014/9/4
f 3011/9/4 3012/9/4 3014/9/4
f 3012/10/4 3013/10/4 3015/10/4
f 3014/9/4 3012/9/4 3015/9/4
f 3015/10/4 3013/10/4 3016/10/4
f 3017/9/4 3018/9/4 3020/9/4
f 3018/8/4 3019/8/4 3021/8/4
f 3020/9/4 3018/9/4 3021/9/4
f 3021/8/4 3019/8/4 3022/8/4
f 3027/10/5 3024/10/5 3023/10/5
f 3028/10/5 3024/10/5 3027/10/5
f 3029/10/5 3026/10/5 3025/10/5
f 3030/10/5 3026/10/5 3029/10/5
f 3035/10/5 3032/10/5 3031/10/5
f 3036/10/5 3032/10/5 3035/10/5
f 3037/10/5 3034/10/5 3033/10/5
f 3038/10/5 3034/10/5 3037/10/5
f 3041/10/5 3040/10/5 3039/10/5
f 3042/10/5 3040/10/5 3041/10/5
f 3043/10/5 3040/10/5 3042/10/5
f 3044/10/5 3040/10/5 3043/10/5
f 3045/10/5 3041/10/5 3039/10/5
f 3046/10/5 3043/10/5 3042/10/5
f 3047/10/5 3043/10/5 3046/10/5
f 3048/10/5 3040/10/5 3044/10/5
f 3049/10/5 3045/10/5 3039/10/5
f 3049/10/5 3046/10/5 3045/10/5
f 3050/10/5 3046/10/5 3049/10/5
f 3051/10/5 3048/10/5 3047/10/5
f 3052/10/5 3040/10/5 3048/10/5
f 3052/10/5 3048/10/5 3051/10/5
f 3053/10/5 3049/10/5 3039/10/5
f 3054/10/5 3051/10/5 3050/10/5
f 3055/10/5 3051/10/5 3054/10/5
f 3056/10/5 3040/10/5 3052/10/5
f 3057/10/5 3055/10/5 3054/10/5
f 3057/10/5 3056/10/5 3055/10/5
f 3057/10/5 3053/10/5 3039/10/5
f 3057/10/5 3054/10/5 3053/10/5
f 3058/10/5 3040/10/5 3056/10/5
f 3058/10/5 3056/10/5 3057/10/5
f 3059/8/5 3058/8/5 3057/8/5
f 3060/8/5 3058/8/5 3059/8/5
f 3065/8/5 3063/8/5 3062/8/5
f 3065/10/5 3064/10/5 3063/10/5
f 3066/10/5 3064/10/5 3065/10/5
f 3067/8/5 3065/8/5 3062/8/5
f 3068/8/5 3065/8/5 3067/8/5
f 3069/2/5 3066/2/5 3065/2/5
f 3069/8/5 3065/8/5 3068/8/5
f 3070/2/5 3066/2/5 3069/2/5
f 3073/10/5 3072/10/5 3071/10/5
f 3074/10/5 3072/10/5 3073/10/5
f 3075/8/5 3069/8/5 3068/8/5
f 3075/10/5 3070/10/5 3069/10/5
f 3076/10/5 3070/10/5 3075/10/5
f 3077/8/5 3075/8/5 3068/8/5
f 3077/1/5 3076/1/5 3075/1/5
f 3078/1/5 3076/1/5 3077/1/5
f 3079/10/5 3062/10/5 3061/10/5
f 3079/8/5 3067/8/5 3062/8/5
f 3080/8/5 3067/8/5 3079/8/5
f 3081/10/5 3080/10/5 3079/10/5
f 3082/8/5 3078/8/5 3077/8/5
f 3082/8/5 3077/8/5 3068/8/5
f 3083/10/5 3081/10/5 3079/10/5
f 3083/10/5 3079/10/5 3061/10/5
f 3084/10/5 3081/10/5 3083/10/5
f 3085/8/5 3078/8/5 3082/8/5
f 3086/8/5 3084/8/5 3083/8/5
f 3086/8/5 3085/8/5 3084/8/5
f 3087/8/5 3078/8/5 3085/8/5
f 3087/8/5 3085/8/5 3086/8/5
f 3091/9/5 3089/9/5 3088/9/5
f 3091/10/5 3090/10/5 3089/10/5
f 3092/10/5 3090/10/5 3091/10/5
f 3093/10/5 3090/10/5 3092/10/5
f 3094/10/5 3090/10/5 3093/10/5
f 3095/10/5 3090/10/5 3094/10/5
f 3096/10/5 3090/10/5 3095/10/5
f 3097/10/5 3090/10/5 3096/10/5
f 3098/2/5 3097/2/5 3096/2/5
f 3099/2/5 3097/2/5 3098/2/5
f 3100/10/5 3099/10/5 3098/10/5
f 3101/10/5 3099/10/5 3100/10/5
f 3102/1/5 3101/1/5 3100/1/5
f 3103/1/5 3101/1/5 3102/1/5
f 3104/10/5 3103/10/5 3102/10/5
f 3105/9/5 3091/9/5 3088/9/5
f 3106/10/5 3103/10/5 3104/10/5
f 3107/9/5 3105/9/5 3088/9/5
f 3108/10/5 3103/10/5 3106/10/5
f 3109/9/5 3107/9/5 3088/9/5
f 3110/10/5 3108/10/5 3107/10/5
f 3110/9/5 3107/9/5 3109/9/5
f 3111/10/5 3103/10/5 3108/10/5
f 3111/10/5 3108/10/5 3110/10/5
f 3116/9/5 3113/9/5 3112/9/5
f 3116/10/5 3114/10/5 3113/10/5
f 3117/10/5 3114/10/5 3116/10/5
f 3118/9/5 3115/9/5 3114/9/5
f 3118/10/5 3114/10/5 3117/10/5
f 3119/9/5 3115/9/5 3118/9/5
f 3120/9/5 3115/9/5 3119/9/5
f 3121/2/5 3120/2/5 3119/2/5
f 3122/2/5 3120/2/5 3121/2/5
f 3123/9/5 3122/9/5 3121/9/5
f 3124/9/5 3122/9/5 3123/9/5
f 3125/1/5 3124/1/5 3123/1/5
f 3126/1/5 3124/1/5 3125/1/5
f 3127/9/5 3126/9/5 3125/9/5
f 3128/9/5 3116/9/5 3112/9/5
f 3129/9/5 3116/9/5 3128/9/5
f 3130/9/5 3126/9/5 3127/9/5
f 3131/9/5 3126/9/5 3130/9/5
f 3132/10/5 3129/10/5 3128/10/5
f 3133/10/5 3129/10/5 3132/10/5
f 3134/10/5 3131/10/5 3130/10/5
f 3135/10/5 3131/10/5 3134/10/5
f 3136/9/5 3133/9/5 3132/9/5
f 3138/9/5 3135/9/5 3134/9/5
f 3139/9/5 3137/9/5 3136/9/5
f 3139/9/5 3138/9/5 3137/9/5
f 3139/9/5 3136/9/5 3132/9/5
f 3140/9/5 3135/9/5 3138/9/5
f 3140/9/5 3138/9/5 3139/9/5
f 3143/9/5 3142/9/5 3141/9/5
f 3144/9/5 3142/9/5 3143/9/5
f 3145/9/5 3142/9/5 3144/9/5
f 3146/9/5 3142/9/5 3145/9/5
f 3147/9/5 3142/9/5 3146/9/5
f 3148/9/5 3142/9/5 3147/9/5
f 3149/9/5 3142/9/5 3148/9/5
f 3150/2/5 3149/2/5 3148/2/5
f 3151/2/5 3149/2/5 3150/2/5
f 3152/9/5 3151/9/5 3150/9/5
f 3153/9/5 3151/9/5 3152/9/5
f 3154/1/5 3153/1/5 3152/1/5
f 3155/1/5 3153/1/5 3154/1/5
f 3156/9/5 3155/9/5 3154/9/5
f 3157/9/5 3143/9/5 3141/9/5
f 3158/9/5 3155/9/5 3156/9/5
f 3159/9/5 3157/9/5 3141/9/5
f 3160/9/5 3157/9/5 3159/9/5
f 3161/9/5 3155/9/5 3158/9/5
f 3162/9/5 3155/9/5 3161/9/5
f 3163/10/5 3160/10/5 3159/10/5
f 3164/10/5 3162/10/5 3161/10/5
f 3165/10/5 3163/10/5 3159/10/5
f 3166/10/5 3162/10/5 3164/10/5
f 3167/10/5 3165/10/5 3159/10/5
f 3167/10/5 3166/10/5 3165/10/5
f 3168/10/5 3162/10/5 3166/10/5
f 3168/10/5 3166/10/5 3167/10/5
f 3171/9/5 3170/9/5 3169/9/5
f 3172/9/5 3170/9/5 3171/9/5
f 3173/9/5 3170/9/5 3172/9/5
f 3174/9/5 3170/9/5 3173/9/5
f 3175/2/5 3174/2/5 3173/2/5
f 3176/2/5 3174/2/5 3175/2/5
f 3179/5/5 3178/5/5 3177/5/5
f 3180/5/5 3178/5/5 3179/5/5
f 3181/5/5 3178/5/5 3180/5/5
f 3182/5/5 3178/5/5 3181/5/5
f 3183/9/5 3176/9/5 3175/9/5
f 3184/9/5 3176/9/5 3183/9/5
f 3185/1/5 3184/1/5 3183/1/5
f 3186/1/5 3184/1/5 3185/1/5
f 3187/9/5 3186/9/5 3185/9/5
f 3188/9/5 3171/9/5 3169/9/5
f 3189/9/5 3186/9/5 3187/9/5
f 3190/9/5 3188/9/5 3169/9/5
f 3191/9/5 3188/9/5 3190/9/5
f 3192/9/5 3186/9/5 3189/9/5
f 3193/9/5 3186/9/5 3192/9/5
f 3194/10/5 3191/10/5 3190/10/5
f 3195/10/5 3191/10/5 3194/10/5
f 3196/10/5 3193/10/5 3192/10/5
f 3197/10/5 3193/10/5 3196/10/5
f 3198/9/5 3195/9/5 3194/9/5
f 3198/9/5 3196/9/5 3195/9/5
f 3198/9/5 3197/9/5 3196/9/5
f 3199/9/5 3197/9/5 3198/9/5
f 3206/5/5 3201/5/5 3200/5/5
f 3206/5/5 3205/5/5 3204/5/5
f 3206/5/5 3204/5/5 3203/5/5
f 3206/5/5 3203/5/5 3202/5/5
f 3206/5/5 3202/5/5 3201/5/5
f 3207/5/5 3205/5/5 3206/5/5
f 3208/5/5 3206/5/5 3200/5/5
f 3209/5/5 3206/5/5 3208/5/5
f 3210/5/5 3206/5/5 3209/5/5
f 3213/5/5 3212/5/5 3211/5/5
f 3214/5/5 3212/5/5 3213/5/5
f 3217/5/5 3216/5/5 3215/5/5
f 3219/5/5 3217/5/5 3215/5/5
f 3219/5/5 3218/5/5 3217/5/5
f 3220/5/5 3218/5/5 3219/5/5
f 3221/5/5 3219/5/5 3215/5/5
f 3222/5/5 3219/5/5 3221/5/5
f 3225/9/5 3224/9/5 3223/9/5
f 3226/9/5 3224/9/5 3225/9/5
f 3227/9/5 3224/9/5 3226/9/5
f 3228/9/5 3224/9/5 3227/9/5
f 3229/9/5 3224/9/5 3228/9/5
f 3230/2/5 3229/2/5 3228/2/5
f 3231/2/5 3229/2/5 3230/2/5
f 3234/5/5 3233/5/5 3232/5/5
f 3236/9/5 3231/9/5 3230/9/5
f 3237/9/5 3231/9/5 3236/9/5
f 3238/5/5 3235/5/5 3234/5/5
f 3238/5/5 3234/5/5 3232/5/5
f 3239/5/5 3235/5/5 3238/5/5
f 3242/1/5 3237/1/5 3236/1/5
f 3243/1/5 3237/1/5 3242/1/5
f 3244/5/5 3241/5/5 3240/5/5
f 3245/5/5 3241/5/5 3244/5/5
f 3248/9/5 3243/9/5 3242/9/5
f 3249/5/5 3247/5/5 3246/5/5
f 3251/5/5 3249/5/5 3246/5/5
f 3251/5/5 3250/5/5 3249/5/5
f 3252/5/5 3250/5/5 3251/5/5
f 3253/5/5 3250/5/5 3252/5/5
f 3254/5/5 3250/5/5 3253/5/5
f 3255/9/5 3225/9/5 3223/9/5
f 3256/9/5 3243/9/5 3248/9/5
f 3257/9/5 3255/9/5 3223/9/5
f 3258/9/5 3255/9/5 3257/9/5
f 3259/9/5 3243/9/5 3256/9/5
f 3260/9/5 3243/9/5 3259/9/5
f 3261/10/5 3258/10/5 3257/10/5
f 3262/10/5 3260/10/5 3259/10/5
f 3263/10/5 3261/10/5 3257/10/5
f 3264/10/5 3261/10/5 3263/10/5
f 3265/10/5 3260/10/5 3262/10/5
f 3266/10/5 3260/10/5 3265/10/5
f 3267/9/5 3264/9/5 3263/9/5
f 3267/9/5 3265/9/5 3264/9/5
f 3267/9/5 3266/9/5 3265/9/5
f 3268/9/5 3266/9/5 3267/9/5
f 3274/5/5 3272/5/5 3271/5/5
f 3275/5/5 3274/5/5 3273/5/5
f 3276/5/5 3274/5/5 3275/5/5
f 3277/6/5 3270/6/5 3269/6/5
f 3278/6/5 3277/6/5 3269/6/5
f 3279/6/5 3277/6/5 3278/6/5
f 3280/5/5 3279/5/5 3278/5/5
f 3281/5/5 3274/5/5 3276/5/5
f 3282/5/5 3274/5/5 3281/5/5
f 3285/5/5 3284/5/5 3283/5/5
f 3286/5/5 3284/5/5 3285/5/5
f 3287/5/5 3274/5/5 3282/5/5
f 3288/5/5 3272/5/5 3274/5/5
f 3288/5/5 3274/5/5 3287/5/5
f 3289/5/5 3287/5/5 3282/5/5
f 3289/6/5 3288/6/5 3287/6/5
f 3290/6/5 3288/6/5 3289/6/5
f 3291/5/5 3279/5/5 3280/5/5
f 3292/6/5 3288/6/5 3290/6/5
f 3292/5/5 3290/5/5 3289/5/5
f 3293/6/5 3288/6/5 3292/6/5
f 3294/5/5 3279/5/5 3291/5/5
f 3296/5/5 3289/5/5 3282/5/5
f 3296/5/5 3292/5/5 3289/5/5
f 3296/5/5 3293/5/5 3292/5/5
f 3297/5/5 3279/5/5 3294/5/5
f 3298/5/5 3279/5/5 3297/5/5
f 3300/5/5 3296/5/5 3295/5/5
f 3300/5/5 3293/5/5 3296/5/5
f 3301/5/5 3293/5/5 3300/5/5
f 3302/5/5 3299/5/5 3298/5/5
f 3302/5/5 3298/5/5 3297/5/5
f 3303/5/5 3299/5/5 3302/5/5
f 3304/5/5 3299/5/5 3303/5/5
f 3305/5/5 3299/5/5 3304/5/5
f 3306/5/5 3300/5/5 3295/5/5
f 3307/5/5 3300/5/5 3306/5/5
f 3310/9/5 3309/9/5 3308/9/5
f 3311/9/5 3309/9/5 3310/9/5
f 3312/9/5 3309/9/5 3311/9/5
f 3313/9/5 3309/9/5 3312/9/5
f 3314/2/5 3313/2/5 3312/2/5
f 3315/2/5 3313/2/5 3314/2/5
f 3316/9/5 3315/9/5 3314/9/5
f 3317/9/5 3315/9/5 3316/9/5
f 3318/1/5 3317/1/5 3316/1/5
f 3319/1/5 3317/1/5 3318/1/5
f 3320/9/5 3319/9/5 3318/9/5
f 3321/9/5 3310/9/5 3308/9/5
f 3322/9/5 3319/9/5 3320/9/5
f 3323/9/5 3321/9/5 3308/9/5
f 3324/9/5 3321/9/5 3323/9/5
f 3325/9/5 3319/9/5 3322/9/5
f 3326/9/5 3319/9/5 3325/9/5
f 3327/10/5 3324/10/5 3323/10/5
f 3328/10/5 3326/10/5 3325/10/5
f 3329/10/5 3327/10/5 3323/10/5
f 3330/10/5 3327/10/5 3329/10/5
f 3331/10/5 3326/10/5 3328/10/5
f 3332/10/5 3326/10/5 3331/10/5
f 3333/9/5 3330/9/5 3329/9/5
f 3333/9/5 3331/9/5 3330/9/5
f 3333/9/5 3332/9/5 3331/9/5
f 3334/9/5 3332/9/5 3333/9/5
f 3339/9/5 3336/9/5 3335/9/5
f 3340/1/5 3337/1/5 3336/1/5
f 3340/9/5 3336/9/5 3339/9/5
f 3341/9/5 3338/9/5 3337/9/5
f 3341/1/5 3337/1/5 3340/1/5
f 3342/9/5 3338/9/5 3341/9/5
f 3343/9/5 3338/9/5 3342/9/5
f 3344/9/5 3338/9/5 3343/9/5
f 3345/9/5 3338/9/5 3344/9/5
f 3346/2/5 3345/2/5 3344/2/5
f 3347/2/5 3345/2/5 3346/2/5
f 3348/9/5 3347/9/5 3346/9/5
f 3349/9/5 3347/9/5 3348/9/5
f 3350/1/5 3349/1/5 3348/1/5
f 3351/1/5 3349/1/5 3350/1/5
f 3352/9/5 3351/9/5 3350/9/5
f 3353/9/5 3339/9/5 3335/9/5
f 3354/9/5 3339/9/5 3353/9/5
f 3355/9/5 3351/9/5 3352/9/5
f 3356/9/5 3351/9/5 3355/9/5
f 3357/10/5 3354/10/5 3353/10/5
f 3358/10/5 3356/10/5 3355/10/5
f 3359/10/5 3357/10/5 3353/10/5
f 3360/10/5 3357/10/5 3359/10/5
f 3361/10/5 3356/10/5 3358/10/5
f 3362/10/5 3356/10/5 3361/10/5
f 3363/9/5 3360/9/5 3359/9/5
f 3363/9/5 3361/9/5 3360/9/5
f 3363/9/5 3362/9/5 3361/9/5
f 3364/9/5 3362/9/5 3363/9/5
f 3368/6/5 3366/6/5 3365/6/5
f 3369/6/5 3366/6/5 3368/6/5
f 3371/9/5 3368/9/5 3367/9/5
f 3372/9/5 3368/9/5 3371/9/5
f 3373/6/5 3370/6/5 3369/6/5
f 3374/6/5 3370/6/5 3373/6/5
f 3377/9/5 3376/9/5 3375/9/5
f 3378/9/5 3376/9/5 3377/9/5
f 3383/9/5 3380/9/5 3379/9/5
f 3384/1/5 3381/1/5 3380/1/5
f 3384/9/5 3380/9/5 3383/9/5
f 3385/9/5 3382/9/5 3381/9/5
f 3385/1/5 3381/1/5 3384/1/5
f 3386/9/5 3382/9/5 3385/9/5
f 3387/9/5 3382/9/5 3386/9/5
f 3388/9/5 3382/9/5 3387/9/5
f 3389/9/5 3382/9/5 3388/9/5
f 3390/9/5 3382/9/5 3389/9/5
f 3391/9/5 3382/9/5 3390/9/5
f 3392/2/5 3391/2/5 3390/2/5
f 3393/2/5 3391/2/5 3392/2/5
f 3394/9/5 3393/9/5 3392/9/5
f 3395/9/5 3393/9/5 3394/9/5
f 3396/1/5 3395/1/5 3394/1/5
f 3397/1/5 3395/1/5 3396/1/5
f 3398/9/5 3397/9/5 3396/9/5
f 3401/6/5 3400/6/5 3399/6/5
f 3402/6/5 3400/6/5 3401/6/5
f 3405/6/5 3404/6/5 3403/6/5
f 3406/6/5 3404/6/5 3405/6/5
f 3409/6/5 3408/6/5 3407/6/5
f 3410/6/5 3408/6/5 3409/6/5
f 3411/9/5 3383/9/5 3379/9/5
f 3412/9/5 3397/9/5 3398/9/5
f 3413/9/5 3411/9/5 3379/9/5
f 3414/9/5 3411/9/5 3413/9/5
f 3415/9/5 3397/9/5 3412/9/5
f 3416/9/5 3397/9/5 3415/9/5
f 3417/10/5 3414/10/5 3413/10/5
f 3418/10/5 3416/10/5 3415/10/5
f 3419/10/5 3417/10/5 3413/10/5
f 3420/10/5 3416/10/5 3418/10/5
f 3421/10/5 3419/10/5 3413/10/5
f 3421/10/5 3420/10/5 3419/10/5
f 3422/10/5 3416/10/5 3420/10/5
f 3422/10/5 3420/10/5 3421/10/5
f 3427/6/5 3424/6/5 3423/6/5
f 3428/6/5 3424/6/5 3427/6/5
f 3429/6/5 3426/6/5 3425/6/5
f 3430/6/5 3426/6/5 3429/6/5
f 3433/9/5 3432/9/5 3431/9/5
f 3434/9/5 3432/9/5 3433/9/5
f 3435/9/5 3432/9/5 3434/9/5
f 3436/9/5 3432/9/5 3435/9/5
f 3437/2/5 3436/2/5 3435/2/5
f 3438/2/5 3436/2/5 3437/2/5
f 3439/2/5 3436/2/5 3438/2/5
f 3440/9/5 3439/9/5 3438/9/5
f 3441/9/5 3439/9/5 3440/9/5
f 3442/1/5 3441/1/5 3440/1/5
f 3443/1/5 3441/1/5 3442/1/5
f 3444/9/5 3443/9/5 3442/9/5
f 3447/6/5 3446/6/5 3445/6/5
f 3448/6/5 3446/6/5 3447/6/5
f 3449/9/5 3433/9/5 3431/9/5
f 3450/9/5 3443/9/5 3444/9/5
f 3451/9/5 3449/9/5 3431/9/5
f 3452/9/5 3449/9/5 3451/9/5
f 3453/9/5 3443/9/5 3450/9/5
f 3454/9/5 3443/9/5 3453/9/5
f 3455/10/5 3452/10/5 3451/10/5
f 3456/10/5 3452/10/5 3455/10/5
f 3457/10/5 3454/10/5 3453/10/5
f 3458/10/5 3454/10/5 3457/10/5
f 3459/9/5 3456/9/5 3455/9/5
f 3459/9/5 3457/9/5 3456/9/5
f 3459/9/5 3458/9/5 3457/9/5
f 3460/9/5 3458/9/5 3459/9/5
f 3463/9/5 3462/9/5 3461/9/5
f 3464/9/5 3462/9/5 3463/9/5
f 3467/4/5 3466/4/5 3465/4/5
f 3468/4/5 3466/4/5 3467/4/5
f 3469/9/5 3463/9/5 3461/9/5
f 3470/9/5 3463/9/5 3469/9/5
f 3471/9/5 3462/9/5 3464/9/5
f 3472/9/5 3462/9/5 3471/9/5
f 3473/10/5 3470/10/5 3469/10/5
f 3474/10/5 3472/10/5 3471/10/5
f 3475/10/5 3473/10/5 3469/10/5
f 3476/10/5 3473/10/5 3475/10/5
f 3477/10/5 3472/10/5 3474/10/5
f 3478/10/5 3472/10/5 3477/10/5
f 3479/9/5 3476/9/5 3475/9/5
f 3479/9/5 3477/9/5 3476/9/5
f 3479/9/5 3478/9/5 3477/9/5
f 3480/9/5 3478/9/5 3479/9/5
f 3483/6/5 3482/6/5 3481/6/5
f 3484/6/5 3482/6/5 3483/6/5
f 3487/3/5 3486/3/5 3485/3/5
f 3488/3/5 3486/3/5 3487/3/5
f 3491/4/5 3490/4/5 3489/4/5
f 3492/4/5 3490/4/5 3491/4/5
f 3495/6/5 3494/6/5 3493/6/5
f 3496/6/5 3494/6/5 3495/6/5
f 3499/9/5 3498/9/5 3497/9/5
f 3500/9/5 3498/9/5 3499/9/5
f 3501/9/5 3499/9/5 3497/9/5
f 3502/9/5 3498/9/5 3500/9/5
f 3503/9/5 3501/9/5 3497/9/5
f 3504/9/5 3501/9/5 3503/9/5
f 3505/9/5 3498/9/5 3502/9/5
f 3506/9/5 3498/9/5 3505/9/5
f 3507/10/5 3504/10/5 3503/10/5
f 3508/10/5 3506/10/5 3505/10/5
f 3509/10/5 3507/10/5 3503/10/5
f 3510/10/5 3507/10/5 3509/10/5
f 3511/10/5 3506/10/5 3508/10/5
f 3512/10/5 3506/10/5 3511/10/5
f 3513/9/5 3510/9/5 3509/9/5
f 3513/9/5 3511/9/5 3510/9/5
f 3513/9/5 3512/9/5 3511/9/5
f 3514/9/5 3512/9/5 3513/9/5
f 3519/9/5 3516/9/5 3515/9/5
f 3520/1/5 3517/1/5 3516/1/5
f 3520/9/5 3516/9/5 3519/9/5
f 3521/9/5 3518/9/5 3517/9/5
f 3521/1/5 3517/1/5 3520/1/5
f 3522/9/5 3518/9/5 3521/9/5
f 3523/9/5 3519/9/5 3515/9/5
f 3524/9/5 3518/9/5 3522/9/5
f 3525/9/5 3523/9/5 3515/9/5
f 3526/9/5 3518/9/5 3524/9/5
f 3527/9/5 3518/9/5 3526/9/5
f 3528/9/5 3525/9/5 3515/9/5
f 3529/10/5 3527/10/5 3526/10/5
f 3530/10/5 3527/10/5 3529/10/5
f 3531/9/5 3528/9/5 3515/9/5
f 3531/9/5 3529/9/5 3528/9/5
f 3531/9/5 3530/9/5 3529/9/5
f 3532/9/5 3530/9/5 3531/9/5
f 3535/9/5 3534/9/5 3533/9/5
f 3536/9/5 3534/9/5 3535/9/5
f 3541/9/5 3540/9/5 3539/9/5
f 3542/9/5 3540/9/5 3541/9/5
f 3543/1/5 3542/1/5 3541/1/5
f 3544/1/5 3542/1/5 3543/1/5
f 3545/9/5 3538/9/5 3537/9/5
f 3546/9/5 3538/9/5 3545/9/5
f 3547/9/5 3544/9/5 3543/9/5
f 3548/9/5 3544/9/5 3547/9/5
f 3551/9/5 3550/9/5 3549/9/5
f 3552/9/5 3550/9/5 3551/9/5
f 3553/5/6 3554/5/6 3558/5/6
f 3558/5/6 3554/5/6 3559/5/6
f 3559/5/6 3554/5/6 3560/5/6
f 3555/5/6 3556/5/6 3563/5/6
f 3556/10/6 3557/10/6 3564/10/6
f 3563/5/6 3556/5/6 3564/5/6
f 3561/5/6 3562/5/6 3566/5/6
f 3565/5/6 3566/5/6 3567/5/6
f 3566/5/6 3562/5/6 3568/5/6
f 3567/5/6 3566/5/6 3568/5/6
f 3569/5/6 3570/5/6 3571/5/6
f 3571/5/6 3570/5/6 3572/5/6
f 3564/10/6 3557/10/6 3573/10/6
f 3573/10/6 3557/10/6 3574/10/6
f 3575/7/6 3576/7/6 3582/7/6
f 3576/2/6 3577/2/6 3583/2/6
f 3582/7/6 3576/7/6 3583/7/6
f 3577/7/6 3578/7/6 3584/7/6
f 3583/2/6 3577/2/6 3584/2/6
f 3584/7/6 3578/7/6 3585/7/6
f 3578/2/6 3579/2/6 3586/2/6
f 3585/7/6 3578/7/6 3586/7/6
f 3582/2/6 3583/2/6 3587/2/6
f 3584/7/6 3585/7/6 3587/7/6
f 3583/7/6 3584/7/6 3587/7/6
f 3587/7/6 3585/7/6 3588/7/6
f 3585/2/6 3586/2/6 3589/2/6
f 3588/7/6 3585/7/6 3589/7/6
f 3580/7/6 3581/7/6 3590/7/6
f 3589/2/6 3586/2/6 3590/2/6
f 3586/2/6 3579/2/6 3590/2/6
f 3579/7/6 3580/7/6 3590/7/6
f 3590/7/6 3581/7/6 3591/7/6
f 3575/7/6 3582/7/6 3592/7/6
f 3582/2/6 3587/2/6 3593/2/6
f 3592/7/6 3582/7/6 3593/7/6
f 3593/2/6 3587/2/6 3594/2/6
f 3592/2/6 3593/2/6 3595/2/6
f 3595/2/6 3593/2/6 3596/2/6
f 3593/7/6 3594/7/6 3597/7/6
f 3596/2/6 3593/2/6 3597/2/6
f 3596/7/6 3597/7/6 3598/7/6
f 3597/7/6 3594/7/6 3599/7/6
f 3598/7/6 3597/7/6 3599/7/6
f 3598/2/6 3599/2/6 3600/2/6
f 3600/2/6 3599/2/6 3601/2/6
f 3602/7/6 3603/7/6 3604/7/6
f 3604/7/6 3603/7/6 3605/7/6
f 3606/7/6 3607/7/6 3608/7/6
f 3606/7/6 3608/7/6 3610/7/6
f 3608/5/6 3609/5/6 3610/5/6
f 3610/5/6 3609/5/6 3611/5/6
f 3611/5/6 3609/5/6 3612/5/6
f 3612/5/6 3609/5/6 3613/5/6
f 3606/7/6 3610/7/6 3616/7/6
f 3610/7/6 3611/7/6 3616/7/6
f 3611/2/6 3612/2/6 3617/2/6
f 3616/7/6 3611/7/6 3617/7/6
f 3612/7/6 3613/7/6 3618/7/6
f 3617/2/6 3612/2/6 3618/2/6
f 3618/7/6 3613/7/6 3619/7/6
f 3614/7/6 3615/7/6 3620/7/6
f 3620/7/6 3615/7/6 3621/7/6
f 3622/7/6 3623/7/6 3624/7/6
f 3624/7/6 3623/7/6 3625/7/6
f 3625/7/6 3623/7/6 3626/7/6
f 3626/7/6 3623/7/6 3627/7/6
f 3627/7/6 3623/7/6 3630/7/6
f 3630/7/6 3623/7/6 3631/7/6
f 3627/7/6 3630/7/6 3632/7/6
f 3630/3/6 3631/3/6 3632/3/6
f 3632/3/6 3631/3/6 3633/3/6
f 3628/5/6 3629/5/6 3634/5/6
f 3633/3/6 3631/3/6 3635/3/6
f 3632/7/6 3633/7/6 3635/7/6
f 3635/3/6 3631/3/6 3636/3/6
f 3628/5/6 3634/5/6 3637/5/6
f 3637/5/6 3634/5/6 3638/5/6
f 3627/7/6 3632/7/6 3639/7/6
f 3632/7/6 3635/7/6 3639/7/6
f 3635/7/6 3636/7/6 3639/7/6
f 3639/7/6 3636/7/6 3645/7/6
f 3642/7/6 3643/7/6 3646/7/6
f 3644/7/6 3645/7/6 3647/7/6
f 3640/7/6 3641/7/6 3648/7/6
f 3641/2/6 3642/2/6 3649/2/6
f 3648/7/6 3641/7/6 3649/7/6
f 3642/7/6 3646/7/6 3650/7/6
f 3649/2/6 3642/2/6 3650/2/6
f 3646/7/6 3647/7/6 3650/7/6
f 3640/7/6 3648/7/6 3651/7/6
f 3648/2/6 3649/2/6 3652/2/6
f 3651/7/6 3648/7/6 3652/7/6
f 3649/7/6 3650/7/6 3653/7/6
f 3652/2/6 3649/2/6 3653/2/6
f 3640/7/6 3651/7/6 3654/7/6
f 3651/2/6 3652/2/6 3655/2/6
f 3654/7/6 3651/7/6 3655/7/6
f 3652/7/6 3653/7/6 3656/7/6
f 3655/2/6 3652/2/6 3656/2/6
f 3653/7/6 3650/7/6 3657/7/6
f 3656/7/6 3653/7/6 3657/7/6
f 3647/7/6 3645/7/6 3657/7/6
f 3650/7/6 3647/7/6 3657/7/6
f 3645/7/6 3636/7/6 3657/7/6
f 3660/7/6 3661/7/6 3662/7/6
f 3658/6/6 3659/6/6 3663/6/6
f 3658/6/6 3663/6/6 3664/6/6
f 3664/6/6 3663/6/6 3665/6/6
f 3664/7/6 3665/7/6 3666/7/6
f 3666/7/6 3665/7/6 3667/7/6
f 3667/7/6 3665/7/6 3668/7/6
f 3669/5/6 3670/5/6 3671/5/6
f 3671/5/6 3670/5/6 3672/5/6
f 3662/7/6 3661/7/6 3673/7/6
f 3673/7/6 3661/7/6 3674/7/6
f 3667/1/6 3668/1/6 3675/1/6
f 3673/3/6 3674/3/6 3676/3/6
f 3676/3/6 3674/3/6 3677/3/6
f 3675/1/6 3668/1/6 3678/1/6
f 3678/1/6 3668/1/6 3679/1/6
f 3678/7/6 3679/7/6 3680/7/6
f 3681/5/6 3682/5/6 3683/5/6
f 3683/5/6 3682/5/6 3684/5/6
f 3680/7/6 3679/7/6 3685/7/6
f 3685/7/6 3679/7/6 3686/7/6
f 3686/7/6 3679/7/6 3687/7/6
f 3686/1/6 3687/1/6 3688/1/6
f 3676/7/6 3677/7/6 3693/7/6
f 3693/7/6 3677/7/6 3694/7/6
f 3686/1/6 3688/1/6 3695/1/6
f 3688/1/6 3689/1/6 3695/1/6
f 3689/7/6 3690/7/6 3696/7/6
f 3695/1/6 3689/1/6 3696/1/6
f 3696/7/6 3690/7/6 3697/7/6
f 3697/7/6 3690/7/6 3698/7/6
f 3691/7/6 3692/7/6 3699/7/6
f 3699/7/6 3692/7/6 3700/7/6
f 3701/5/6 3702/5/6 3704/5/6
f 3704/5/6 3702/5/6 3705/5/6
f 3703/5/6 3704/5/6 3707/5/6
f 3707/5/6 3704/5/6 3708/5/6
f 3705/5/6 3706/5/6 3709/5/6
f 3709/5/6 3706/5/6 3710/5/6
f 3711/5/6 3712/5/6 3713/5/6
f 3713/5/6 3712/5/6 3714/5/6
f 3715/6/6 3716/6/6 3718/6/6
f 3716/8/6 3717/8/6 3719/8/6
f 3718/6/6 3716/6/6 3719/6/6
f 3719/8/6 3717/8/6 3720/8/6
f 3721/8/6 3722/8/6 3723/8/6
f 3723/8/6 3722/8/6 3724/8/6
f 3725/9/6 3726/9/6 3729/9/6
f 3729/9/6 3726/9/6 3730/9/6
f 3727/9/6 3728/9/6 3731/9/6
f 3731/9/6 3728/9/6 3732/9/6
f 3733/9/6 3734/9/6 3737/9/6
f 3737/9/6 3734/9/6 3738/9/6
f 3735/6/6 3736/6/6 3739/6/6
f 3739/6/6 3736/6/6 3740/6/6
f 3741/6/6 3742/6/6 3745/6/6
f 3745/6/6 3742/6/6 3746/6/6
f 3743/6/6 3744/6/6 3748/6/6
f 3748/6/6 3744/6/6 3749/6/6
f 3749/6/6 3750/6/6 3753/6/6
f 3753/6/6 3750/6/6 3754/6/6
f 3746/6/6 3747/6/6 3756/6/6
f 3749/6/6 3753/6/6 3757/6/6
f 3751/5/6 3752/5/6 3758/5/6
f 3758/5/6 3752/5/6 3759/5/6
f 3749/6/6 3757/6/6 3760/6/6
f 3760/6/6 3757/6/6 3761/6/6
f 3755/6/6 3756/6/6 3762/6/6
f 3756/6/6 3747/6/6 3763/6/6
f 3762/6/6 3756/6/6 3763/6/6
f 3763/6/6 3747/6/6 3764/6/6
f 3765/6/6 3766/6/6 3768/6/6
f 3768/6/6 3766/6/6 3769/6/6
f 3767/6/6 3768/6/6 3769/6/6
f 3767/6/6 3769/6/6 3771/6/6
f 3771/6/6 3769/6/6 3772/6/6
f 3772/6/6 3769/6/6 3773/6/6
f 3770/6/6 3771/6/6 3776/6/6
f 3771/6/6 3772/6/6 3776/6/6
f 3776/6/6 3772/6/6 3777/6/6
f 3777/6/6 3772/6/6 3778/6/6
f 3774/6/6 3775/6/6 3781/6/6
f 3781/6/6 3775/6/6 3782/6/6
f 3779/6/6 3780/6/6 3784/6/6
f 3784/6/6 3780/6/6 3785/6/6
f 3783/6/6 3784/6/6 3786/6/6
f 3783/6/6 3786/6/6 3789/6/6
f 3786/6/6 3787/6/6 3789/6/6
f 3789/6/6 3787/6/6 3790/6/6
f 3790/6/6 3787/6/6 3791/6/6
f 3788/6/6 3789/6/6 3793/6/6
f 3789/6/6 3790/6/6 3793/6/6
f 3793/6/6 3790/6/6 3794/6/6
f 3794/6/6 3790/6/6 3795/6/6
f 3792/6/6 3793/6/6 3797/6/6
f 3793/6/6 3794/6/6 3797/6/6
f 3797/6/6 3794/6/6 3798/6/6
f 3798/6/6 3794/6/6 3799/6/6
f 3796/6/6 3797/6/6 3800/6/6
f 3797/6/6 3798/6/6 3800/6/6
f 3800/6/6 3798/6/6 3801/6/6
f 3801/6/6 3798/6/6 3802/6/6
f 3803/5/6 3804/5/6 3805/5/6
f 3805/5/6 3804/5/6 3806/5/6
f 3807/6/6 3808/6/6 3816/6/6
f 3808/6/6 3809/6/6 3816/6/6
f 3809/3/6 3810/3/6 3817/3/6
f 3816/6/6 3809/6/6 3817/6/6
f 3817/3/6 3810/3/6 3818/3/6
f 3818/3/6 3810/3/6 3819/3/6
f 3813/3/6 3814/3/6 3820/3/6
f 3811/3/6 3812/3/6 3820/3/6
f 3812/3/6 3813/3/6 3820/3/6
f 3820/3/6 3814/3/6 3821/3/6
f 3807/6/6 3816/6/6 3822/6/6
f 3816/3/6 3817/3/6 3823/3/6
f 3822/6/6 3816/6/6 3823/6/6
f 3817/6/6 3818/6/6 3824/6/6
f 3823/3/6 3817/3/6 3824/3/6
f 3821/3/6 3814/3/6 3825/3/6
f 3814/6/6 3815/6/6 3826/6/6
f 3825/3/6 3814/3/6 3826/3/6
f 3807/6/6 3822/6/6 3827/6/6
f 3827/6/6 3822/6/6 3828/6/6
f 3828/6/6 3822/6/6 3829/6/6
f 3822/3/6 3823/3/6 3830/3/6
f 3829/6/6 3822/6/6 3830/6/6
f 3823/6/6 3824/6/6 3831/6/6
f 3830/3/6 3823/3/6 3831/3/6
f 3824/6/6 3818/6/6 3832/6/6
f 3831/6/6 3824/6/6 3832/6/6
f 3818/3/6 3819/3/6 3833/3/6
f 3832/6/6 3818/6/6 3833/6/6
f 3819/6/6 3820/6/6 3834/6/6
f 3833/3/6 3819/3/6 3834/3/6
f 3820/6/6 3821/6/6 3834/6/6
f 3834/6/6 3821/6/6 3835/6/6
f 3821/3/6 3825/3/6 3836/3/6
f 3835/6/6 3821/6/6 3836/6/6
f 3825/6/6 3826/6/6 3837/6/6
f 3836/3/6 3825/3/6 3837/3/6
f 3807/6/6 3827/6/6 3838/6/6
f 3838/6/6 3827/6/6 3839/6/6
f 3827/3/6 3828/3/6 3840/3/6
f 3839/6/6 3827/6/6 3840/6/6
f 3828/6/6 3829/6/6 3841/6/6
f 3829/3/6 3830/3/6 3841/3/6
f 3831/6/6 3832/6/6 3842/6/6
f 3841/3/6 3830/3/6 3842/3/6
f 3830/6/6 3831/6/6 3842/6/6
f 3842/6/6 3832/6/6 3843/6/6
f 3832/3/6 3833/3/6 3844/3/6
f 3843/6/6 3832/6/6 3844/6/6
f 3834/6/6 3835/6/6 3845/6/6
f 3844/3/6 3833/3/6 3845/3/6
f 3833/6/6 3834/6/6 3845/6/6
f 3845/6/6 3835/6/6 3846/6/6
f 3835/3/6 3836/3/6 3847/3/6
f 3846/6/6 3835/6/6 3847/6/6
f 3836/6/6 3837/6/6 3848/6/6
f 3847/3/6 3836/3/6 3848/3/6
f 3807/6/6 3838/6/6 3849/6/6
f 3849/6/6 3838/6/6 3850/6/6
f 3839/3/6 3840/3/6 3851/3/6
f 3851/3/6 3840/3/6 3852/3/6
f 3843/3/6 3844/3/6 3853/3/6
f 3842/6/6 3843/6/6 3853/6/6
f 3841/6/6 3842/6/6 3853/6/6
f 3845/6/6 3846/6/6 3854/6/6
f 3853/3/6 3844/3/6 3854/3/6
f 3844/6/6 3845/6/6 3854/6/6
f 3854/6/6 3846/6/6 3855/6/6
f 3846/3/6 3847/3/6 3856/3/6
f 3855/6/6 3846/6/6 3856/6/6
f 3807/6/6 3849/6/6 3857/6/6
f 3857/6/6 3849/6/6 3858/6/6
f 3851/6/6 3852/6/6 3859/6/6
f 3859/6/6 3852/6/6 3860/6/6
f 3852/3/6 3840/3/6 3861/3/6
f 3860/6/6 3852/6/6 3861/6/6
f 3840/3/6 3828/3/6 3862/3/6
f 3861/3/6 3840/3/6 3862/3/6
f 3828/6/6 3841/6/6 3863/6/6
f 3862/3/6 3828/3/6 3863/3/6
f 3841/6/6 3853/6/6 3863/6/6
f 3854/6/6 3855/6/6 3863/6/6
f 3853/6/6 3854/6/6 3863/6/6
f 3863/6/6 3855/6/6 3864/6/6
f 3864/6/6 3855/6/6 3865/6/6
f 3865/6/6 3855/6/6 3866/6/6
f 3855/3/6 3856/3/6 3867/3/6
f 3866/6/6 3855/6/6 3867/6/6
f 3856/3/6 3847/3/6 3868/3/6
f 3867/3/6 3856/3/6 3868/3/6
f 3847/6/6 3848/6/6 3869/6/6
f 3868/3/6 3847/3/6 3869/3/6
f 3807/6/6 3857/6/6 3870/6/6
f 3870/6/6 3857/6/6 3871/6/6
f 3859/4/6 3860/4/6 3872/4/6
f 3872/4/6 3860/4/6 3873/4/6
f 3861/3/6 3862/3/6 3874/3/6
f 3862/6/6 3863/6/6 3875/6/6
f 3874/3/6 3862/3/6 3875/3/6
f 3863/6/6 3864/6/6 3875/6/6
f 3875/6/6 3864/6/6 3876/6/6
f 3864/3/6 3865/3/6 3877/3/6
f 3876/6/6 3864/6/6 3877/6/6
f 3865/6/6 3866/6/6 3878/6/6
f 3877/3/6 3865/3/6 3878/3/6
f 3878/6/6 3866/6/6 3879/6/6
f 3867/3/6 3868/3/6 3880/3/6
f 3879/6/6 3866/6/6 3880/6/6
f 3866/3/6 3867/3/6 3880/3/6
f 3880/3/6 3868/3/6 3881/3/6
f 3868/6/6 3869/6/6 3882/6/6
f 3881/3/6 3868/3/6 3882/3/6
f 3869/6/6 3848/6/6 3883/6/6
f 3882/6/6 3869/6/6 3883/6/6
f 3872/3/6 3873/3/6 3884/3/6
f 3884/3/6 3873/3/6 3885/3/6
f 3875/4/6 3876/4/6 3886/4/6
f 3874/4/6 3875/4/6 3886/4/6
f 3886/4/6 3876/4/6 3887/4/6
f 3878/6/6 3879/6/6 3888/6/6
f 3888/6/6 3879/6/6 3889/6/6
f 3889/6/6 3879/6/6 3890/6/6
f 3890/6/6 3879/6/6 3891/6/6
f 3891/6/6 3879/6/6 3892/6/6
f 3892/6/6 3879/6/6 3893/6/6
f 3880/3/6 3881/3/6 3894/3/6
f 3893/6/6 3879/6/6 3894/6/6
f 3879/3/6 3880/3/6 3894/3/6
f 3894/3/6 3881/3/6 3895/3/6
f 3895/3/6 3881/3/6 3896/3/6
f 3881/6/6 3882/6/6 3897/6/6
f 3896/3/6 3881/3/6 3897/3/6
f 3882/3/6 3883/3/6 3898/3/6
f 3897/6/6 3882/6/6 3898/6/6
f 3807/6/6 3870/6/6 3899/6/6
f 3899/6/6 3870/6/6 3900/6/6
f 3891/3/6 3892/3/6 3903/3/6
f 3903/3/6 3892/3/6 3904/3/6
f 3892/6/6 3893/6/6 3905/6/6
f 3904/3/6 3892/3/6 3905/3/6
f 3905/6/6 3893/6/6 3906/6/6
f 3894/3/6 3895/3/6 3907/3/6
f 3906/6/6 3893/6/6 3907/6/6
f 3893/3/6 3894/3/6 3907/3/6
f 3907/3/6 3895/3/6 3908/3/6
f 3895/6/6 3896/6/6 3909/6/6
f 3908/3/6 3895/3/6 3909/3/6
f 3896/3/6 3897/3/6 3910/3/6
f 3909/6/6 3896/6/6 3910/6/6
f 3897/3/6 3898/3/6 3910/3/6
f 3910/3/6 3898/3/6 3911/3/6
f 3883/6/6 3848/6/6 3912/6/6
f 3911/3/6 3898/3/6 3912/3/6
f 3898/3/6 3883/3/6 3912/3/6
f 3901/4/6 3902/4/6 3914/4/6
f 3914/4/6 3902/4/6 3915/4/6
f 3903/4/6 3904/4/6 3922/4/6
f 3905/6/6 3906/6/6 3923/6/6
f 3904/6/6 3905/6/6 3923/6/6
f 3922/4/6 3904/4/6 3923/4/6
f 3923/6/6 3906/6/6 3924/6/6
f 3907/3/6 3908/3/6 3925/3/6
f 3924/6/6 3906/6/6 3925/6/6
f 3906/3/6 3907/3/6 3925/3/6
f 3925/3/6 3908/3/6 3926/3/6
f 3908/6/6 3909/6/6 3927/6/6
f 3926/3/6 3908/3/6 3927/3/6
f 3910/3/6 3911/3/6 3928/3/6
f 3927/6/6 3909/6/6 3928/6/6
f 3909/3/6 3910/3/6 3928/3/6
f 3928/3/6 3911/3/6 3929/3/6
f 3911/6/6 3912/6/6 3930/6/6
f 3929/3/6 3911/3/6 3930/3/6
f 3807/6/6 3899/6/6 3931/6/6
f 3931/6/6 3899/6/6 3932/6/6
f 3913/4/6 3914/4/6 3934/4/6
f 3934/4/6 3914/4/6 3935/4/6
f 3915/3/6 3916/3/6 3936/3/6
f 3916/4/6 3917/4/6 3937/4/6
f 3936/3/6 3916/3/6 3937/3/6
f 3937/4/6 3917/4/6 3938/4/6
f 3918/4/6 3919/4/6 3939/4/6
f 3920/6/6 3921/6/6 3940/6/6
f 3922/6/6 3923/6/6 3940/6/6
f 3939/4/6 3919/4/6 3940/4/6
f 3921/6/6 3922/6/6 3940/6/6
f 3919/6/6 3920/6/6 3940/6/6
f 3926/3/6 3927/3/6 3941/3/6
f 3927/3/6 3928/3/6 3941/3/6
f 3928/3/6 3929/3/6 3941/3/6
f 3941/3/6 3929/3/6 3942/3/6
f 3942/3/6 3929/3/6 3943/3/6
f 3943/3/6 3929/3/6 3944/3/6
f 3929/6/6 3930/6/6 3945/6/6
f 3944/3/6 3929/3/6 3945/3/6
f 3930/6/6 3912/6/6 3946/6/6
f 3945/6/6 3930/6/6 3946/6/6
f 3933/3/6 3934/3/6 3948/3/6
f 3948/3/6 3934/3/6 3949/3/6
f 3935/3/6 3936/3/6 3950/3/6
f 3938/4/6 3939/4/6 3951/4/6
f 3936/4/6 3937/4/6 3951/4/6
f 3950/3/6 3936/3/6 3951/3/6
f 3937/4/6 3938/4/6 3951/4/6
f 3951/4/6 3939/4/6 3952/4/6
f 3952/4/6 3939/4/6 3953/4/6
f 3939/6/6 3940/6/6 3954/6/6
f 3953/4/6 3939/4/6 3954/4/6
f 3942/3/6 3943/3/6 3955/3/6
f 3943/6/6 3944/6/6 3956/6/6
f 3955/3/6 3943/3/6 3956/3/6
f 3956/6/6 3944/6/6 3957/6/6
f 3944/3/6 3945/3/6 3958/3/6
f 3957/6/6 3944/6/6 3958/6/6
f 3945/3/6 3946/3/6 3958/3/6
f 3946/6/6 3912/6/6 3959/6/6
f 3958/3/6 3946/3/6 3959/3/6
f 3959/6/6 3912/6/6 3960/6/6
f 3949/3/6 3950/3/6 3961/3/6
f 3961/3/6 3950/3/6 3962/3/6
f 3951/3/6 3952/3/6 3963/3/6
f 3952/4/6 3953/4/6 3964/4/6
f 3963/3/6 3952/3/6 3964/3/6
f 3953/6/6 3954/6/6 3965/6/6
f 3964/4/6 3953/4/6 3965/4/6
f 3940/6/6 3923/6/6 3966/6/6
f 3965/6/6 3954/6/6 3966/6/6
f 3954/6/6 3940/6/6 3966/6/6
f 3966/6/6 3923/6/6 3967/6/6
f 3959/3/6 3960/3/6 3970/3/6
f 3957/3/6 3958/3/6 3970/3/6
f 3958/3/6 3959/3/6 3970/3/6
f 3970/3/6 3960/3/6 3971/3/6
f 3971/3/6 3960/3/6 3972/3/6
f 3960/6/6 3912/6/6 3973/6/6
f 3972/3/6 3960/3/6 3973/3/6
f 3912/6/6 3848/6/6 3974/6/6
f 3973/6/6 3912/6/6 3974/6/6
f 3947/3/6 3948/3/6 3975/3/6
f 3975/3/6 3948/3/6 3976/3/6
f 3964/3/6 3965/3/6 3977/3/6
f 3965/6/6 3966/6/6 3977/6/6
f 3977/6/6 3966/6/6 3978/6/6
f 3968/6/6 3969/6/6 3980/6/6
f 3970/4/6 3971/4/6 3981/4/6
f 3969/4/6 3970/4/6 3981/4/6
f 3980/6/6 3969/6/6 3981/6/6
f 3981/4/6 3971/4/6 3982/4/6
f 3972/3/6 3973/3/6 3983/3/6
f 3973/3/6 3974/3/6 3983/3/6
f 3983/3/6 3974/3/6 3984/3/6
f 3984/3/6 3974/3/6 3985/3/6
f 3974/6/6 3848/6/6 3986/6/6
f 3985/3/6 3974/3/6 3986/3/6
f 3986/6/6 3848/6/6 3987/6/6
f 3975/4/6 3976/4/6 3988/4/6
f 3988/4/6 3976/4/6 3989/4/6
f 3964/3/6 3977/3/6 3991/3/6
f 3977/3/6 3978/3/6 3991/3/6
f 3978/6/6 3966/6/6 3992/6/6
f 3991/3/6 3978/3/6 3992/3/6
f 3992/6/6 3966/6/6 3993/6/6
f 3980/6/6 3981/6/6 3996/6/6
f 3979/6/6 3980/6/6 3996/6/6
f 3996/6/6 3981/6/6 3997/6/6
f 3997/6/6 3981/6/6 3998/6/6
f 3983/4/6 3984/4/6 3999/4/6
f 3984/6/6 3985/6/6 4000/6/6
f 3999/4/6 3984/4/6 4000/4/6
f 3986/3/6 3987/3/6 4001/3/6
f 4000/6/6 3985/6/6 4001/6/6
f 3985/3/6 3986/3/6 4001/3/6
f 4001/3/6 3987/3/6 4002/3/6
f 3990/6/6 3991/6/6 4005/6/6
f 3994/6/6 3995/6/6 4005/6/6
f 3992/6/6 3993/6/6 4005/6/6
f 3991/6/6 3992/6/6 4005/6/6
f 3993/6/6 3994/6/6 4005/6/6
f 4005/6/6 3995/6/6 4006/6/6
f 4006/6/6 3995/6/6 4007/6/6
f 4007/6/6 3995/6/6 4008/6/6
f 3979/6/6 3996/6/6 4009/6/6
f 3996/3/6 3997/3/6 4010/3/6
f 4009/6/6 3996/6/6 4010/6/6
f 4010/3/6 3997/3/6 4011/3/6
f 4001/6/6 4002/6/6 4012/6/6
f 4002/3/6 3987/3/6 4013/3/6
f 4012/6/6 4002/6/6 4013/6/6
f 3987/6/6 3848/6/6 4014/6/6
f 4013/3/6 3987/3/6 4014/3/6
f 4003/4/6 4004/4/6 4016/4/6
f 4016/4/6 4004/4/6 4017/4/6
f 4005/6/6 4006/6/6 4018/6/6
f 4017/4/6 4004/4/6 4018/4/6
f 4004/6/6 4005/6/6 4018/6/6
f 4010/4/6 4011/4/6 4019/4/6
f 4019/4/6 4011/4/6 4020/4/6
f 4013/4/6 4014/4/6 4024/4/6
f 4014/6/6 3848/6/6 4025/6/6
f 4024/4/6 4014/4/6 4025/4/6
f 3848/6/6 3837/6/6 4026/6/6
f 4025/6/6 3848/6/6 4026/6/6
f 4016/4/6 4017/4/6 4027/4/6
f 4015/4/6 4016/4/6 4027/4/6
f 4027/4/6 4017/4/6 4028/4/6
f 4017/6/6 4018/6/6 4029/6/6
f 4028/4/6 4017/4/6 4029/4/6
f 4018/6/6 4006/6/6 4030/6/6
f 4029/6/6 4018/6/6 4030/6/6
f 4030/6/6 4006/6/6 4031/6/6
f 4031/6/6 4006/6/6 4032/6/6
f 4022/4/6 4023/4/6 4034/4/6
f 4021/4/6 4022/4/6 4034/4/6
f 4034/4/6 4023/4/6 4035/4/6
f 4035/4/6 4023/4/6 4036/4/6
f 4025/4/6 4026/4/6 4038/4/6
f 4026/6/6 3837/6/6 4039/6/6
f 4038/4/6 4026/4/6 4039/4/6
f 3837/6/6 3826/6/6 4040/6/6
f 4039/6/6 3837/6/6 4040/6/6
f 4030/6/6 4031/6/6 4045/6/6
f 4045/6/6 4031/6/6 4046/6/6
f 4031/8/6 4032/8/6 4047/8/6
f 4046/6/6 4031/6/6 4047/6/6
f 4047/8/6 4032/8/6 4048/8/6
f 4033/4/6 4034/4/6 4049/4/6
f 4034/4/6 4035/4/6 4049/4/6
f 4049/4/6 4035/4/6 4050/4/6
f 4036/3/6 4037/3/6 4051/3/6
f 4037/4/6 4038/4/6 4052/4/6
f 4038/4/6 4039/4/6 4052/4/6
f 4051/3/6 4037/3/6 4052/3/6
f 4039/4/6 4040/4/6 4052/4/6
f 4052/4/6 4040/4/6 4053/4/6
f 4053/4/6 4040/4/6 4054/4/6
f 4042/6/6 4043/6/6 4055/6/6
f 4041/6/6 4042/6/6 4055/6/6
f 4044/4/6 4045/4/6 4056/4/6
f 4056/4/6 4045/4/6 4057/4/6
f 4053/6/6 4054/6/6 4064/6/6
f 4052/4/6 4053/4/6 4064/4/6
f 4054/4/6 4040/4/6 4065/4/6
f 4064/6/6 4054/6/6 4065/6/6
f 4041/6/6 4055/6/6 4066/6/6
f 4055/4/6 4056/4/6 4067/4/6
f 4066/6/6 4055/6/6 4067/6/6
f 4057/3/6 4058/3/6 4069/3/6
f 4059/3/6 4060/3/6 4071/3/6
f 4060/4/6 4061/4/6 4072/4/6
f 4062/4/6 4063/4/6 4073/4/6
f 4073/4/6 4063/4/6 4074/4/6
f 4050/3/6 4051/3/6 4076/3/6
f 4076/3/6 4051/3/6 4077/3/6
f 4065/4/6 4040/4/6 4078/4/6
f 4064/4/6 4065/4/6 4078/4/6
f 4040/6/6 3826/6/6 4079/6/6
f 4078/4/6 4040/4/6 4079/4/6
f 4067/4/6 4056/4/6 4081/4/6
f 4068/3/6 4069/3/6 4082/3/6
f 4069/3/6 4058/3/6 4083/3/6
f 4082/3/6 4069/3/6 4083/3/6
f 4060/4/6 4072/4/6 4085/4/6
f 4070/3/6 4071/3/6 4085/3/6
f 4071/3/6 4060/3/6 4085/3/6
f 4073/6/6 4074/6/6 4086/6/6
f 4085/4/6 4072/4/6 4086/4/6
f 4072/6/6 4073/6/6 4086/6/6
f 4086/6/6 4074/6/6 4087/6/6
f 4087/6/6 4074/6/6 4088/6/6
f 4052/4/6 4064/4/6 4090/4/6
f 4064/4/6 4078/4/6 4090/4/6
f 4090/4/6 4078/4/6 4091/4/6
f 4080/6/6 4081/6/6 4093/6/6
f 4081/4/6 4056/4/6 4094/4/6
f 4093/6/6 4081/6/6 4094/6/6
f 4094/4/6 4056/4/6 4095/4/6
f 4083/3/6 4084/3/6 4097/3/6
f 4097/3/6 4084/3/6 4098/3/6
f 4070/3/6 4085/3/6 4099/3/6
f 4099/3/6 4085/3/6 4100/3/6
f 4085/8/6 4086/8/6 4101/8/6
f 4100/3/6 4085/3/6 4101/3/6
f 4086/4/6 4087/4/6 4102/4/6
f 4101/8/6 4086/8/6 4102/8/6
f 4088/6/6 4089/6/6 4103/6/6
f 4102/4/6 4087/4/6 4103/4/6
f 4087/6/6 4088/6/6 4103/6/6
f 4103/6/6 4089/6/6 4104/6/6
f 4075/3/6 4076/3/6 4108/3/6
f 4108/3/6 4076/3/6 4109/3/6
f 4091/4/6 4078/4/6 4112/4/6
f 4078/6/6 4079/6/6 4113/6/6
f 4112/4/6 4078/4/6 4113/4/6
f 4095/6/6 4096/6/6 4114/6/6
f 4092/6/6 4093/6/6 4114/6/6
f 4093/6/6 4094/6/6 4114/6/6
f 4094/6/6 4095/6/6 4114/6/6
f 4097/6/6 4098/6/6 4116/6/6
f 4098/3/6 4099/3/6 4117/3/6
f 4116/6/6 4098/6/6 4117/6/6
f 4117/3/6 4099/3/6 4118/3/6
f 4099/6/6 4100/6/6 4119/6/6
f 4118/3/6 4099/3/6 4119/3/6
f 4105/4/6 4106/4/6 4120/4/6
f 4107/3/6 4108/3/6 4123/3/6
f 4108/6/6 4109/6/6 4124/6/6
f 4123/3/6 4108/3/6 4124/3/6
f 4109/3/6 4110/3/6 4125/3/6
f 4124/6/6 4109/6/6 4125/6/6
f 4110/4/6 4111/4/6 4126/4/6
f 4125/3/6 4110/3/6 4126/3/6
f 4126/4/6 4111/4/6 4127/4/6
f 4112/6/6 4113/6/6 4128/6/6
f 4092/6/6 4114/6/6 4129/6/6
f 4115/3/6 4116/3/6 4130/3/6
f 4116/4/6 4117/4/6 4131/4/6
f 4130/3/6 4116/3/6 4131/3/6
f 4117/3/6 4118/3/6 4132/3/6
f 4131/4/6 4117/4/6 4132/4/6
f 4118/6/6 4119/6/6 4133/6/6
f 4132/3/6 4118/3/6 4133/3/6
f 4119/6/6 4100/6/6 4134/6/6
f 4133/6/6 4119/6/6 4134/6/6
f 4100/3/6 4101/3/6 4135/3/6
f 4134/6/6 4100/6/6 4135/6/6
f 4101/4/6 4102/4/6 4136/4/6
f 4135/3/6 4101/3/6 4136/3/6
f 4102/6/6 4103/6/6 4137/6/6
f 4136/4/6 4102/4/6 4137/4/6
f 4103/6/6 4104/6/6 4137/6/6
f 4104/6/6 4105/6/6 4137/6/6
f 4120/4/6 4121/4/6 4138/4/6
f 4137/6/6 4105/6/6 4138/6/6
f 4105/4/6 4120/4/6 4138/4/6
f 4138/4/6 4121/4/6 4139/4/6
f 4124/3/6 4125/3/6 4140/3/6
f 4123/3/6 4124/3/6 4140/3/6
f 4122/3/6 4123/3/6 4140/3/6
f 4140/3/6 4125/3/6 4141/3/6
f 4141/3/6 4125/3/6 4142/3/6
f 4142/3/6 4125/3/6 4143/3/6
f 4127/4/6 4128/4/6 4145/4/6
f 4128/6/6 4113/6/6 4146/6/6
f 4145/4/6 4128/4/6 4146/4/6
f 4092/6/6 4129/6/6 4147/6/6
f 4147/6/6 4129/6/6 4148/6/6
f 4130/3/6 4131/3/6 4149/3/6
f 4148/6/6 4129/6/6 4149/6/6
f 4129/3/6 4130/3/6 4149/3/6
f 4149/3/6 4131/3/6 4150/3/6
f 4131/6/6 4132/6/6 4151/6/6
f 4150/3/6 4131/3/6 4151/3/6
f 4151/6/6 4132/6/6 4152/6/6
f 4134/4/6 4135/4/6 4153/4/6
f 4135/4/6 4136/4/6 4153/4/6
f 4153/4/6 4136/4/6 4154/4/6
f 4138/6/6 4139/6/6 4155/6/6
f 4154/4/6 4136/4/6 4155/4/6
f 4137/6/6 4138/6/6 4155/6/6
f 4136/6/6 4137/6/6 4155/6/6
f 4155/6/6 4139/6/6 4156/6/6
f 4156/6/6 4139/6/6 4157/6/6
f 4140/6/6 4141/6/6 4158/6/6
f 4141/8/6 4142/8/6 4159/8/6
f 4158/6/6 4141/6/6 4159/6/6
f 4143/6/6 4144/6/6 4160/6/6
f 4159/8/6 4142/8/6 4160/8/6
f 4145/6/6 4146/6/6 4160/6/6
f 4144/6/6 4145/6/6 4160/6/6
f 4142/6/6 4143/6/6 4160/6/6
f 4092/6/6 4147/6/6 4162/6/6
f 4147/4/6 4148/4/6 4163/4/6
f 4148/8/6 4149/8/6 4163/8/6
f 4149/3/6 4150/3/6 4164/3/6
f 4163/8/6 4149/8/6 4164/8/6
f 4150/6/6 4151/6/6 4165/6/6
f 4164/3/6 4150/3/6 4165/3/6
f 4151/4/6 4152/4/6 4166/4/6
f 4165/6/6 4151/6/6 4166/6/6
f 4153/4/6 4154/4/6 4166/4/6
f 4152/4/6 4153/4/6 4166/4/6
f 4166/4/6 4154/4/6 4167/4/6
f 4155/4/6 4156/4/6 4168/4/6
f 4158/6/6 4159/6/6 4169/6/6
f 4159/6/6 4160/6/6 4169/6/6
f 4168/4/6 4156/4/6 4169/4/6
f 4156/6/6 4157/6/6 4169/6/6
f 4157/6/6 4158/6/6 4169/6/6
f 4161/6/6 4162/6/6 4170/6/6
f 4162/6/6 4147/6/6 4171/6/6
f 4170/6/6 4162/6/6 4171/6/6
f 4147/4/6 4163/4/6 4172/4/6
f 4163/3/6 4164/3/6 4173/3/6
f 4172/4/6 4163/4/6 4173/4/6
f 4167/6/6 4168/6/6 4174/6/6
f 4164/6/6 4165/6/6 4174/6/6
f 4166/6/6 4167/6/6 4174/6/6
f 4169/6/6 4160/6/6 4174/6/6
f 4168/6/6 4169/6/6 4174/6/6
f 4165/6/6 4166/6/6 4174/6/6
f 4174/6/6 4160/6/6 4175/6/6
f 4147/4/6 4172/4/6 4176/4/6
f 4171/6/6 4147/6/6 4176/6/6
f 4176/4/6 4172/4/6 4177/4/6
f 4174/3/6 4175/3/6 4178/3/6
f 4164/6/6 4174/6/6 4178/6/6
f 4175/6/6 4160/6/6 4179/6/6
f 4178/3/6 4175/3/6 4179/3/6
f 4179/6/6 4160/6/6 4180/6/6
f 4160/6/6 4146/6/6 4181/6/6
f 4180/6/6 4160/6/6 4181/6/6
f 4181/6/6 4146/6/6 4182/6/6
f 4146/6/6 4113/6/6 4183/6/6
f 4182/6/6 4146/6/6 4183/6/6
f 4113/6/6 4079/6/6 4184/6/6
f 4183/6/6 4113/6/6 4184/6/6
f 4171/6/6 4176/6/6 4186/6/6
f 4173/3/6 4164/3/6 4187/3/6
f 4164/6/6 4178/6/6 4188/6/6
f 4187/3/6 4164/3/6 4188/3/6
f 4188/6/6 4178/6/6 4189/6/6
f 4189/6/6 4178/6/6 4190/6/6
f 4190/6/6 4178/6/6 4191/6/6
f 4191/6/6 4178/6/6 4192/6/6
f 4192/6/6 4178/6/6 4193/6/6
f 4193/6/6 4178/6/6 4194/6/6
f 4194/6/6 4178/6/6 4195/6/6
f 4195/6/6 4178/6/6 4196/6/6
f 4196/6/6 4178/6/6 4197/6/6
f 4197/6/6 4178/6/6 4198/6/6
f 4179/3/6 4180/3/6 4199/3/6
f 4180/6/6 4181/6/6 4200/6/6
f 4199/3/6 4180/3/6 4200/3/6
f 4181/3/6 4182/3/6 4201/3/6
f 4200/6/6 4181/6/6 4201/6/6
f 4182/6/6 4183/6/6 4202/6/6
f 4201/3/6 4182/3/6 4202/3/6
f 4183/3/6 4184/3/6 4203/3/6
f 4202/6/6 4183/6/6 4203/6/6
f 4184/6/6 4079/6/6 4204/6/6
f 4203/3/6 4184/3/6 4204/3/6
f 4079/6/6 3826/6/6 4205/6/6
f 4204/6/6 4079/6/6 4205/6/6
f 3826/6/6 3815/6/6 4206/6/6
f 4205/6/6 3826/6/6 4206/6/6
f 4185/6/6 4186/6/6 4207/6/6
f 4186/6/6 4176/6/6 4208/6/6
f 4207/6/6 4186/6/6 4208/6/6
f 4208/6/6 4176/6/6 4209/6/6
f 4209/6/6 4176/6/6 4210/6/6
f 4188/4/6 4189/4/6 4213/4/6
f 4189/6/6 4190/6/6 4214/6/6
f 4213/4/6 4189/4/6 4214/4/6
f 4214/6/6 4190/6/6 4215/6/6
f 4215/6/6 4190/6/6 4216/6/6
f 4190/4/6 4191/4/6 4217/4/6
f 4216/6/6 4190/6/6 4217/6/6
f 4191/6/6 4192/6/6 4218/6/6
f 4217/4/6 4191/4/6 4218/4/6
f 4192/3/6 4193/3/6 4219/3/6
f 4218/6/6 4192/6/6 4219/6/6
f 4219/3/6 4193/3/6 4220/3/6
f 4194/3/6 4195/3/6 4221/3/6
f 4221/3/6 4195/3/6 4222/3/6
f 4195/6/6 4196/6/6 4223/6/6
f 4222/3/6 4195/3/6 4223/3/6
f 4223/6/6 4196/6/6 4224/6/6
f 4224/6/6 4196/6/6 4225/6/6
f 4203/3/6 4204/3/6 4227/3/6
f 4202/3/6 4203/3/6 4227/3/6
f 4208/6/6 4209/6/6 4228/6/6
f 4228/6/6 4209/6/6 4229/6/6
f 4211/4/6 4212/4/6 4230/4/6
f 4213/3/6 4214/3/6 4231/3/6
f 4230/4/6 4212/4/6 4231/4/6
f 4212/3/6 4213/3/6 4231/3/6
f 4231/3/6 4214/3/6 4232/3/6
f 4232/3/6 4214/3/6 4233/3/6
f 4226/3/6 4227/3/6 4234/3/6
f 4234/3/6 4227/3/6 4235/3/6
f 4205/5/6 4206/5/6 4236/5/6
f 4236/5/6 4206/5/6 4237/5/6
f 4230/4/6 4231/4/6 4238/4/6
f 4238/4/6 4231/4/6 4239/4/6
f 4232/3/6 4233/3/6 4240/3/6
f 4240/3/6 4233/3/6 4241/3/6
f 4239/4/6 4240/4/6 4242/4/6
f 4242/4/6 4240/4/6 4243/4/6
f 4235/3/6 4227/3/6 4244/3/6
f 4227/3/6 4204/3/6 4244/3/6
f 4244/3/6 4204/3/6 4245/3/6
f 4237/5/6 4206/5/6 4247/5/6
f 4235/3/6 4244/3/6 4250/3/6
f 4250/3/6 4244/3/6 4251/3/6
f 4246/5/6 4247/5/6 4253/5/6
f 4248/4/6 4249/4/6 4255/4/6
f 4255/4/6 4249/4/6 4256/4/6
f 4235/3/6 4250/3/6 4257/3/6
f 4257/3/6 4250/3/6 4258/3/6
f 4252/5/6 4253/5/6 4260/5/6
f 4254/4/6 4255/4/6 4262/4/6
f 4255/6/6 4256/6/6 4263/6/6
f 4262/4/6 4255/4/6 4263/4/6
f 4259/5/6 4260/5/6 4265/5/6
f 4261/4/6 4262/4/6 4269/4/6
f 4262/6/6 4263/6/6 4270/6/6
f 4269/4/6 4262/4/6 4270/4/6
f 4263/6/6 4256/6/6 4271/6/6
f 4270/6/6 4263/6/6 4271/6/6
f 4264/5/6 4265/5/6 4276/5/6
f 4247/5/6 4206/5/6 4277/5/6
f 4253/5/6 4247/5/6 4277/5/6
f 4276/5/6 4265/5/6 4277/5/6
f 4260/5/6 4253/5/6 4277/5/6
f 4265/5/6 4260/5/6 4277/5/6
f 4267/6/6 4268/6/6 4279/6/6
f 4266/6/6 4267/6/6 4279/6/6
f 4268/4/6 4269/4/6 4280/4/6
f 4279/6/6 4268/6/6 4280/6/6
f 4269/6/6 4270/6/6 4281/6/6
f 4280/4/6 4269/4/6 4281/4/6
f 4270/6/6 4271/6/6 4281/6/6
f 4271/6/6 4272/6/6 4281/6/6
f 4281/6/6 4272/6/6 4282/6/6
f 4272/4/6 4273/4/6 4283/4/6
f 4282/6/6 4272/6/6 4283/6/6
f 4273/6/6 4274/6/6 4284/6/6
f 4283/4/6 4273/4/6 4284/4/6
f 4284/6/6 4274/6/6 4285/6/6
f 4274/4/6 4275/4/6 4286/4/6
f 4285/6/6 4274/6/6 4286/6/6
f 4279/6/6 4280/6/6 4288/6/6
f 4278/6/6 4279/6/6 4288/6/6
f 4281/6/6 4282/6/6 4288/6/6
f 4280/6/6 4281/6/6 4288/6/6
f 4288/6/6 4282/6/6 4289/6/6
f 4282/4/6 4283/4/6 4290/4/6
f 4289/6/6 4282/6/6 4290/6/6
f 4283/6/6 4284/6/6 4291/6/6
f 4290/4/6 4283/4/6 4291/4/6
f 4284/6/6 4285/6/6 4291/6/6
f 4291/6/6 4285/6/6 4292/6/6
f 4285/4/6 4286/4/6 4293/4/6
f 4292/6/6 4285/6/6 4293/6/6
f 4286/4/6 4275/4/6 4294/4/6
f 4293/4/6 4286/4/6 4294/4/6
f 4275/6/6 4276/6/6 4295/6/6
f 4294/4/6 4275/4/6 4295/4/6
f 4276/6/6 4277/6/6 4295/6/6
f 4288/6/6 4289/6/6 4297/6/6
f 4287/6/6 4288/6/6 4297/6/6
f 4297/6/6 4289/6/6 4298/6/6
f 4289/4/6 4290/4/6 4299/4/6
f 4298/6/6 4289/6/6 4299/6/6
f 4291/6/6 4292/6/6 4300/6/6
f 4299/4/6 4290/4/6 4300/4/6
f 4290/6/6 4291/6/6 4300/6/6
f 4292/4/6 4293/4/6 4301/4/6
f 4300/6/6 4292/6/6 4301/6/6
f 4293/4/6 4294/4/6 4301/4/6
f 4294/6/6 4295/6/6 4302/6/6
f 4301/4/6 4294/4/6 4302/4/6
f 4297/6/6 4298/6/6 4304/6/6
f 4296/6/6 4297/6/6 4304/6/6
f 4298/3/6 4299/3/6 4305/3/6
f 4304/6/6 4298/6/6 4305/6/6
f 4305/3/6 4299/3/6 4306/3/6
f 4299/4/6 4300/4/6 4307/4/6
f 4306/3/6 4299/3/6 4307/3/6
f 4300/4/6 4301/4/6 4307/4/6
f 4301/6/6 4302/6/6 4308/6/6
f 4307/4/6 4301/4/6 4308/4/6
f 4303/6/6 4304/6/6 4309/6/6
f 4304/6/6 4305/6/6 4309/6/6
f 4309/6/6 4305/6/6 4310/6/6
f 4305/4/6 4306/4/6 4311/4/6
f 4310/6/6 4305/6/6 4311/6/6
f 4307/6/6 4308/6/6 4312/6/6
f 4311/4/6 4306/4/6 4312/4/6
f 4306/6/6 4307/6/6 4312/6/6
f 4310/6/6 4311/6/6 4313/6/6
f 4311/6/6 4312/6/6 4313/6/6
f 4312/6/6 4308/6/6 4314/6/6
f 4313/6/6 4312/6/6 4314/6/6
f 4308/6/6 4302/6/6 4314/6/6
f 4314/6/6 4302/6/6 4315/6/6
f 4295/6/6 4277/6/6 4316/6/6
f 4315/6/6 4302/6/6 4316/6/6
f 4302/6/6 4295/6/6 4316/6/6
f 4316/6/6 4277/6/6 4317/6/6
f 4317/6/6 4277/6/6 4318/6/6
f 4319/3/6 4320/3/6 4323/3/6
f 4323/3/6 4320/3/6 4324/3/6
f 4321/3/6 4322/3/6 4325/3/6
f 4325/3/6 4322/3/6 4326/3/6
f 4326/3/6 4322/3/6 4327/3/6
f 4325/3/6 4326/3/6 4332/3/6
f 4332/3/6 4326/3/6 4333/3/6
f 4328/4/6 4329/4/6 4335/4/6
f 4329/6/6 4330/6/6 4336/6/6
f 4335/4/6 4329/4/6 4336/4/6
f 4330/3/6 4331/3/6 4337/3/6
f 4336/6/6 4330/6/6 4337/6/6
f 4333/3/6 4334/3/6 4339/3/6
f 4332/3/6 4333/3/6 4339/3/6
f 4335/6/6 4336/6/6 4340/6/6
f 4334/6/6 4335/6/6 4340/6/6
f 4339/3/6 4334/3/6 4340/3/6
f 4340/6/6 4336/6/6 4341/6/6
f 4336/4/6 4337/4/6 4342/4/6
f 4341/6/6 4336/6/6 4342/6/6
f 4337/3/6 4331/3/6 4343/3/6
f 4342/4/6 4337/4/6 4343/4/6
f 4343/3/6 4331/3/6 4344/3/6
f 4338/3/6 4339/3/6 4350/3/6
f 4350/3/6 4339/3/6 4351/3/6
f 4340/6/6 4341/6/6 4352/6/6
f 4352/6/6 4341/6/6 4353/6/6
f 4347/3/6 4348/3/6 4354/3/6
f 4349/3/6 4350/3/6 4357/3/6
f 4357/3/6 4350/3/6 4358/3/6
f 4345/3/6 4346/3/6 4360/3/6
f 4354/3/6 4355/3/6 4361/3/6
f 4347/3/6 4354/3/6 4361/3/6
f 4361/3/6 4355/3/6 4362/3/6
f 4356/3/6 4357/3/6 4364/3/6
f 4358/3/6 4359/3/6 4365/3/6
f 4365/3/6 4359/3/6 4366/3/6
f 4345/3/6 4360/3/6 4369/3/6
f 4369/3/6 4360/3/6 4370/3/6
f 4361/6/6 4362/6/6 4371/6/6
f 4362/3/6 4363/3/6 4372/3/6
f 4371/6/6 4362/6/6 4372/6/6
f 4372/3/6 4363/3/6 4373/3/6
f 4373/3/6 4363/3/6 4374/3/6
f 4370/6/6 4371/6/6 4377/6/6
f 4369/6/6 4370/6/6 4377/6/6
f 4372/6/6 4373/6/6 4377/6/6
f 4371/6/6 4372/6/6 4377/6/6
f 4377/6/6 4373/6/6 4378/6/6
f 4375/3/6 4376/3/6 4380/3/6
f 4380/3/6 4376/3/6 4381/3/6
f 4356/3/6 4364/3/6 4383/3/6
f 4366/3/6 4367/3/6 4383/3/6
f 4364/3/6 4365/3/6 4383/3/6
f 4365/3/6 4366/3/6 4383/3/6
f 4383/3/6 4367/3/6 4384/3/6
f 4384/3/6 4367/3/6 4385/3/6
f 4368/3/6 4369/3/6 4386/3/6
f 4369/6/6 4377/6/6 4387/6/6
f 4386/3/6 4369/3/6 4387/3/6
f 4387/6/6 4377/6/6 4388/6/6
f 4379/3/6 4380/3/6 4390/3/6
f 4380/4/6 4381/4/6 4391/4/6
f 4390/3/6 4380/3/6 4391/3/6
f 4391/4/6 4381/4/6 4392/4/6
f 4382/3/6 4383/3/6 4394/3/6
f 4383/3/6 4384/3/6 4394/3/6
f 4394/3/6 4384/3/6 4395/3/6
f 4388/6/6 4377/6/6 4398/6/6
f 4398/6/6 4377/6/6 4399/6/6
f 4389/3/6 4390/3/6 4401/3/6
f 4391/6/6 4392/6/6 4402/6/6
f 4401/3/6 4390/3/6 4402/3/6
f 4390/6/6 4391/6/6 4402/6/6
f 4392/4/6 4393/4/6 4403/4/6
f 4402/6/6 4392/6/6 4403/6/6
f 4403/4/6 4393/4/6 4404/4/6
f 4404/4/6 4393/4/6 4405/4/6
f 4382/3/6 4394/3/6 4406/3/6
f 4406/3/6 4394/3/6 4407/3/6
f 4399/6/6 4400/6/6 4408/6/6
f 4398/6/6 4399/6/6 4408/6/6
f 4397/6/6 4398/6/6 4408/6/6
f 4401/6/6 4402/6/6 4409/6/6
f 4403/6/6 4404/6/6 4409/6/6
f 4402/6/6 4403/6/6 4409/6/6
f 4409/6/6 4404/6/6 4410/6/6
f 4404/4/6 4405/4/6 4411/4/6
f 4410/6/6 4404/6/6 4411/6/6
f 4411/4/6 4405/4/6 4412/4/6
f 4409/6/6 4410/6/6 4417/6/6
f 4408/6/6 4409/6/6 4417/6/6
f 4417/6/6 4410/6/6 4418/6/6
f 4412/3/6 4413/3/6 4419/3/6
f 4413/4/6 4414/4/6 4420/4/6
f 4419/3/6 4413/3/6 4420/3/6
f 4420/4/6 4414/4/6 4421/4/6
f 4415/3/6 4416/3/6 4422/3/6
f 4422/3/6 4416/3/6 4423/3/6
f 4396/3/6 4397/3/6 4426/3/6
f 4397/6/6 4408/6/6 4427/6/6
f 4408/6/6 4417/6/6 4427/6/6
f 4426/3/6 4397/3/6 4427/3/6
f 4427/6/6 4417/6/6 4428/6/6
f 4423/3/6 4424/3/6 4430/3/6
f 4430/3/6 4424/3/6 4431/3/6
f 4431/3/6 4424/3/6 4432/3/6
f 4424/6/6 4425/6/6 4433/6/6
f 4432/3/6 4424/3/6 4433/3/6
f 4433/6/6 4425/6/6 4434/6/6
f 4425/3/6 4426/3/6 4435/3/6
f 4434/6/6 4425/6/6 4435/6/6
f 4426/4/6 4427/4/6 4436/4/6
f 4435/3/6 4426/3/6 4436/3/6
f 4428/6/6 4429/6/6 4437/6/6
f 4436/4/6 4427/4/6 4437/4/6
f 4427/6/6 4428/6/6 4437/6/6
f 4437/6/6 4429/6/6 4438/6/6
f 4438/6/6 4429/6/6 4439/6/6
f 4433/6/6 4434/6/6 4442/6/6
f 4432/6/6 4433/6/6 4442/6/6
f 4442/6/6 4434/6/6 4443/6/6
f 4436/4/6 4437/4/6 4444/4/6
f 4444/4/6 4437/4/6 4445/4/6
f 4438/4/6 4439/4/6 4446/4/6
f 4439/6/6 4429/6/6 4447/6/6
f 4446/4/6 4439/4/6 4447/4/6
f 4447/6/6 4429/6/6 4448/6/6
f 4448/6/6 4429/6/6 4449/6/6
f 4440/6/6 4441/6/6 4450/6/6
f 4450/6/6 4441/6/6 4451/6/6
f 4431/3/6 4432/3/6 4453/3/6
f 4432/6/6 4442/6/6 4454/6/6
f 4453/3/6 4432/3/6 4454/3/6
f 4447/6/6 4448/6/6 4455/6/6
f 4446/6/6 4447/6/6 4455/6/6
f 4455/6/6 4448/6/6 4456/6/6
f 4452/3/6 4453/3/6 4459/3/6
f 4459/3/6 4453/3/6 4460/3/6
f 4454/6/6 4442/6/6 4461/6/6
f 4461/6/6 4442/6/6 4462/6/6
f 4456/6/6 4448/6/6 4463/6/6
f 4463/6/6 4448/6/6 4464/6/6
f 4464/6/6 4448/6/6 4465/6/6
f 4465/6/6 4448/6/6 4466/6/6
f 4459/4/6 4460/4/6 4467/4/6
f 4460/3/6 4453/3/6 4468/3/6
f 4467/4/6 4460/4/6 4468/4/6
f 4468/3/6 4453/3/6 4469/3/6
f 4464/6/6 4465/6/6 4470/6/6
f 4470/6/6 4465/6/6 4471/6/6
f 4471/6/6 4465/6/6 4472/6/6
f 4472/6/6 4465/6/6 4473/6/6
f 4457/4/6 4458/4/6 4476/4/6
f 4476/4/6 4458/4/6 4477/4/6
f 4467/3/6 4468/3/6 4478/3/6
f 4478/3/6 4468/3/6 4479/3/6
f 4474/3/6 4475/3/6 4482/3/6
f 4482/3/6 4475/3/6 4483/3/6
f 4480/3/6 4481/3/6 4484/3/6
f 4484/3/6 4481/3/6 4485/3/6
f 4471/6/6 4472/6/6 4488/6/6
f 4488/6/6 4472/6/6 4489/6/6
f 4486/3/6 4487/3/6 4490/3/6
f 4490/3/6 4487/3/6 4491/3/6
f 4492/3/6 4493/3/6 4500/3/6
f 4500/3/6 4493/3/6 4501/3/6
f 4494/3/6 4495/3/6 4506/3/6
f 4506/3/6 4495/3/6 4507/3/6
f 4496/3/6 4497/3/6 4511/3/6
f 4511/3/6 4497/3/6 4512/3/6
f 4498/4/6 4499/4/6 4515/4/6
f 4499/3/6 4500/3/6 4516/3/6
f 4515/4/6 4499/4/6 4516/4/6
f 4500/4/6 4501/4/6 4517/4/6
f 4516/3/6 4500/3/6 4517/3/6
f 4501/6/6 4502/6/6 4518/6/6
f 4517/4/6 4501/4/6 4518/4/6
f 4502/3/6 4503/3/6 4519/3/6
f 4518/6/6 4502/6/6 4519/6/6
f 4519/3/6 4503/3/6 4520/3/6
f 4508/3/6 4509/3/6 4523/3/6
f 4509/4/6 4510/4/6 4524/4/6
f 4523/3/6 4509/3/6 4524/3/6
f 4524/4/6 4510/4/6 4525/4/6
f 4511/4/6 4512/4/6 4526/4/6
f 4512/3/6 4513/3/6 4527/3/6
f 4526/4/6 4512/4/6 4527/4/6
f 4513/6/6 4514/6/6 4528/6/6
f 4527/3/6 4513/3/6 4528/3/6
f 4528/6/6 4514/6/6 4529/6/6
f 4514/4/6 4515/4/6 4530/4/6
f 4529/6/6 4514/6/6 4530/6/6
f 4530/4/6 4515/4/6 4531/4/6
f 4531/4/6 4515/4/6 4532/4/6
f 4516/3/6 4517/3/6 4533/3/6
f 4517/6/6 4518/6/6 4534/6/6
f 4533/3/6 4517/3/6 4534/3/6
f 4518/3/6 4519/3/6 4535/3/6
f 4534/6/6 4518/6/6 4535/6/6
f 4535/3/6 4519/3/6 4536/3/6
f 4504/3/6 4505/3/6 4538/3/6
f 4521/4/6 4522/4/6 4540/4/6
f 4540/4/6 4522/4/6 4541/4/6
f 4536/5/6 4537/5/6 4545/5/6
f 4535/5/6 4536/5/6 4545/5/6
f 4544/5/6 4545/5/6 4547/5/6
f 4538/3/6 4539/3/6 4549/3/6
f 4504/3/6 4538/3/6 4549/3/6
f 4549/3/6 4539/3/6 4550/3/6
f 4550/3/6 4539/3/6 4551/3/6
f 4542/4/6 4543/4/6 4552/4/6
f 4552/4/6 4543/4/6 4553/4/6
f 4548/3/6 4549/3/6 4555/3/6
f 4549/3/6 4550/3/6 4555/3/6
f 4555/3/6 4550/3/6 4556/3/6
f 4556/3/6 4550/3/6 4557/3/6
f 4546/5/6 4547/5/6 4563/5/6
f 4547/5/6 4545/5/6 4564/5/6
f 4563/5/6 4547/5/6 4564/5/6
f 4545/5/6 4537/5/6 4564/5/6
f 4554/3/6 4555/3/6 4565/3/6
f 4555/3/6 4556/3/6 4565/3/6
f 4565/3/6 4556/3/6 4566/3/6
f 4566/3/6 4556/3/6 4567/3/6
f 4558/5/6 4559/5/6 4568/5/6
f 4565/3/6 4566/3/6 4573/3/6
f 4564/3/6 4565/3/6 4573/3/6
f 4573/3/6 4566/3/6 4574/3/6
f 4568/5/6 4569/5/6 4575/5/6
f 4558/5/6 4568/5/6 4575/5/6
f 4575/5/6 4569/5/6 4576/5/6
f 4570/5/6 4571/5/6 4577/5/6
f 4577/5/6 4571/5/6 4578/5/6
f 4561/5/6 4562/5/6 4579/5/6
f 4560/5/6 4561/5/6 4579/5/6
f 4579/5/6 4562/5/6 4580/5/6
f 4572/5/6 4573/5/6 4581/5/6
f 4581/5/6 4573/5/6 4582/5/6
f 4583/6/6 4584/6/6 4585/6/6
f 4585/6/6 4584/6/6 4586/6/6
f 4587/6/6 4588/6/6 4590/6/6
f 4589/6/6 4590/6/6 4592/6/6
f 4591/6/6 4592/6/6 4594/6/6
f 4590/6/6 4588/6/6 4595/6/6
f 4593/6/6 4594/6/6 4595/6/6
f 4594/6/6 4592/6/6 4595/6/6
f 4592/6/6 4590/6/6 4595/6/6
f 4593/6/6 4595/6/6 4600/6/6
f 4595/6/6 4596/6/6 4600/6/6
f 4600/6/6 4596/6/6 4601/6/6
f 4601/6/6 4596/6/6 4602/6/6
f 4597/3/6 4598/3/6 4603/3/6
f 4603/3/6 4598/3/6 4604/3/6
f 4599/6/6 4600/6/6 4605/6/6
f 4600/6/6 4601/6/6 4605/6/6
f 4605/6/6 4601/6/6 4606/6/6
f 4599/6/6 4605/6/6 4610/6/6
f 4610/6/6 4605/6/6 4611/6/6
f 4611/6/6 4605/6/6 4612/6/6
f 4609/6/6 4610/6/6 4613/6/6
f 4610/6/6 4611/6/6 4613/6/6
f 4613/6/6 4611/6/6 4614/6/6
f 4607/3/6 4608/3/6 4615/3/6
f 4615/3/6 4608/3/6 4616/3/6
f 4615/6/6 4616/6/6 4617/6/6
f 4617/6/6 4616/6/6 4618/6/6
f 4619/3/6 4620/3/6 4621/3/6
f 4621/3/6 4620/3/6 4622/3/6
f 4609/6/6 4613/6/6 4623/6/6
f 4623/6/6 4613/6/6 4624/6/6
f 4624/6/6 4613/6/6 4625/6/6
f 4625/6/6 4613/6/6 4626/6/6
f 4609/6/6 4623/6/6 4628/6/6
f 4623/3/6 4624/3/6 4628/3/6
f 4624/6/6 4625/6/6 4629/6/6
f 4628/3/6 4624/3/6 4629/3/6
f 4626/3/6 4627/3/6 4630/3/6
f 4629/6/6 4625/6/6 4630/6/6
f 4625/3/6 4626/3/6 4630/3/6
f 4630/3/6 4627/3/6 4631/3/6
f 4628/6/6 4629/6/6 4632/6/6
f 4609/6/6 4628/6/6 4632/6/6
f 4629/6/6 4630/6/6 4632/6/6
f 4632/6/6 4630/6/6 4633/6/6
f 4609/6/6 4632/6/6 4634/6/6
f 4634/6/6 4632/6/6 4635/6/6
f 4636/3/6 4637/3/6 4638/3/6
f 4638/3/6 4637/3/6 4639/3/6
f 4609/6/6 4634/6/6 4640/6/6
f 4640/6/6 4634/6/6 4641/6/6
f 4609/6/6 4640/6/6 4642/6/6
f 4609/6/6 4642/6/6 4644/6/6
f 4642/6/6 4643/6/6 4644/6/6
f 4644/6/6 4643/6/6 4645/6/6
f 4645/6/6 4643/6/6 4646/6/6
f 4646/6/6 4643/6/6 4647/6/6
f 4645/6/6 4646/6/6 4649/6/6
f 4649/6/6 4646/6/6 4650/6/6
f 4649/6/6 4650/6/6 4656/6/6
f 4648/6/6 4649/6/6 4656/6/6
f 4650/6/6 4651/6/6 4656/6/6
f 4652/6/6 4653/6/6 4660/6/6
f 4660/6/6 4653/6/6 4661/6/6
f 4654/3/6 4655/3/6 4664/3/6
f 4664/3/6 4655/3/6 4665/3/6
f 4658/3/6 4659/3/6 4667/3/6
f 4667/3/6 4659/3/6 4668/3/6
f 4660/6/6 4661/6/6 4669/6/6
f 4669/6/6 4661/6/6 4670/6/6
f 4670/6/6 4661/6/6 4671/6/6
f 4661/3/6 4662/3/6 4672/3/6
f 4671/6/6 4661/6/6 4672/6/6
f 4672/3/6 4662/3/6 4673/3/6
f 4673/3/6 4662/3/6 4674/3/6
f 4662/4/6 4663/4/6 4675/4/6
f 4674/3/6 4662/3/6 4675/3/6
f 4675/4/6 4663/4/6 4676/4/6
f 4663/6/6 4664/6/6 4677/6/6
f 4676/4/6 4663/4/6 4677/4/6
f 4677/6/6 4664/6/6 4678/6/6
f 4665/3/6 4666/3/6 4679/3/6
f 4679/3/6 4666/3/6 4680/3/6
f 4648/6/6 4656/6/6 4681/6/6
f 4656/6/6 4657/6/6 4681/6/6
f 4681/6/6 4657/6/6 4682/6/6
f 4668/3/6 4669/3/6 4683/3/6
f 4669/3/6 4670/3/6 4683/3/6
f 4670/6/6 4671/6/6 4684/6/6
f 4683/3/6 4670/3/6 4684/3/6
f 4671/3/6 4672/3/6 4685/3/6
f 4684/6/6 4671/6/6 4685/6/6
f 4672/4/6 4673/4/6 4686/4/6
f 4685/3/6 4672/3/6 4686/3/6
f 4673/6/6 4674/6/6 4687/6/6
f 4686/4/6 4673/4/6 4687/4/6
f 4674/4/6 4675/4/6 4688/4/6
f 4687/6/6 4674/6/6 4688/6/6
f 4688/4/6 4675/4/6 4689/4/6
f 4677/6/6 4678/6/6 4690/6/6
f 4676/6/6 4677/6/6 4690/6/6
f 4690/6/6 4678/6/6 4691/6/6
f 4678/4/6 4679/4/6 4692/4/6
f 4691/6/6 4678/6/6 4692/6/6
f 4692/4/6 4679/4/6 4693/4/6
f 4682/6/6 4657/6/6 4695/6/6
f 4695/6/6 4657/6/6 4696/6/6
f 4696/6/6 4657/6/6 4697/6/6
f 4668/3/6 4683/3/6 4699/3/6
f 4683/6/6 4684/6/6 4700/6/6
f 4699/3/6 4683/3/6 4700/3/6
f 4700/6/6 4684/6/6 4701/6/6
f 4685/3/6 4686/3/6 4702/3/6
f 4701/6/6 4684/6/6 4702/6/6
f 4684/3/6 4685/3/6 4702/3/6
f 4702/3/6 4686/3/6 4703/3/6
f 4703/3/6 4686/3/6 4704/3/6
f 4704/3/6 4686/3/6 4705/3/6
f 4688/4/6 4689/4/6 4706/4/6
f 4687/4/6 4688/4/6 4706/4/6
f 4706/4/6 4689/4/6 4707/4/6
f 4690/6/6 4691/6/6 4708/6/6
f 4707/4/6 4689/4/6 4708/4/6
f 4689/6/6 4690/6/6 4708/6/6
f 4691/4/6 4692/4/6 4709/4/6
f 4708/6/6 4691/6/6 4709/6/6
f 4709/4/6 4692/4/6 4710/4/6
f 4694/6/6 4695/6/6 4711/6/6
f 4695/6/6 4696/6/6 4711/6/6
f 4711/6/6 4696/6/6 4712/6/6
f 4698/3/6 4699/3/6 4713/3/6
f 4700/6/6 4701/6/6 4714/6/6
f 4713/3/6 4699/3/6 4714/3/6
f 4699/6/6 4700/6/6 4714/6/6
f 4702/3/6 4703/3/6 4715/3/6
f 4714/6/6 4701/6/6 4715/6/6
f 4701/3/6 4702/3/6 4715/3/6
f 4703/6/6 4704/6/6 4716/6/6
f 4715/3/6 4703/3/6 4716/3/6
f 4704/4/6 4705/4/6 4717/4/6
f 4716/6/6 4704/6/6 4717/6/6
f 4705/4/6 4706/4/6 4717/4/6
f 4717/4/6 4706/4/6 4718/4/6
f 4718/4/6 4706/4/6 4719/4/6
f 4708/6/6 4709/6/6 4720/6/6
f 4707/6/6 4708/6/6 4720/6/6
f 4720/6/6 4709/6/6 4721/6/6
f 4694/6/6 4711/6/6 4724/6/6
f 4724/6/6 4711/6/6 4725/6/6
f 4714/3/6 4715/3/6 4726/3/6
f 4715/6/6 4716/6/6 4727/6/6
f 4726/3/6 4715/3/6 4727/3/6
f 4716/4/6 4717/4/6 4728/4/6
f 4727/6/6 4716/6/6 4728/6/6
f 4717/6/6 4718/6/6 4729/6/6
f 4728/4/6 4717/4/6 4729/4/6
f 4718/4/6 4719/4/6 4730/4/6
f 4729/6/6 4718/6/6 4730/6/6
f 4721/4/6 4722/4/6 4731/4/6
f 4722/3/6 4723/3/6 4731/3/6
f 4731/3/6 4723/3/6 4732/3/6
f 4694/6/6 4724/6/6 4733/6/6
f 4733/6/6 4724/6/6 4734/6/6
f 4727/4/6 4728/4/6 4735/4/6
f 4735/4/6 4728/4/6 4736/4/6
f 4729/4/6 4730/4/6 4737/4/6
f 4730/4/6 4719/4/6 4738/4/6
f 4737/4/6 4730/4/6 4738/4/6
f 4721/4/6 4731/4/6 4739/4/6
f 4739/4/6 4731/4/6 4740/4/6
f 4694/6/6 4733/6/6 4741/6/6
f 4741/6/6 4733/6/6 4742/6/6
f 4694/6/6 4741/6/6 4743/6/6
f 4743/6/6 4741/6/6 4744/6/6
f 4694/6/6 4743/6/6 4745/6/6
f 4745/6/6 4743/6/6 4746/6/6
f 4694/6/6 4745/6/6 4747/6/6
f 4747/6/6 4745/6/6 4748/6/6
f 4749/4/6 4750/4/6 4751/4/6
f 4751/4/6 4750/4/6 4752/4/6
f 4753/3/6 4754/3/6 4758/3/6
f 4758/3/6 4754/3/6 4759/3/6
f 4755/3/6 4756/3/6 4762/3/6
f 4762/3/6 4756/3/6 4763/3/6
f 4760/3/6 4761/3/6 4768/3/6
f 4768/3/6 4761/3/6 4769/3/6
f 4764/4/6 4765/4/6 4770/4/6
f 4770/4/6 4765/4/6 4771/4/6
f 4757/3/6 4758/3/6 4772/3/6
f 4772/3/6 4758/3/6 4773/3/6
f 4766/3/6 4767/3/6 4774/3/6
f 4774/3/6 4767/3/6 4775/3/6
f 4775/3/6 4776/3/6 4779/3/6
f 4779/3/6 4776/3/6 4780/3/6
f 4777/3/6 4778/3/6 4781/3/6
f 4781/3/6 4778/3/6 4782/3/6
f 4783/10/6 4784/10/6 4790/10/6
f 4784/10/6 4785/10/6 4790/10/6
f 4785/10/6 4786/10/6 4790/10/6
f 4790/10/6 4786/10/6 4791/10/6
f 4791/10/6 4786/10/6 4792/10/6
f 4792/10/6 4786/10/6 4793/10/6
f 4787/2/6 4788/2/6 4794/2/6
f 4793/10/6 4786/10/6 4794/10/6
f 4786/2/6 4787/2/6 4794/2/6
f 4788/10/6 4789/10/6 4795/10/6
f 4794/2/6 4788/2/6 4795/2/6
f 4795/10/6 4789/10/6 4796/10/6
f 4783/10/6 4790/10/6 4797/10/6
f 4790/1/6 4791/1/6 4798/1/6
f 4797/10/6 4790/10/6 4798/10/6
f 4791/10/6 4792/10/6 4799/10/6
f 4798/1/6 4791/1/6 4799/1/6
f 4799/10/6 4792/10/6 4800/10/6
f 4800/10/6 4792/10/6 4801/10/6
f 4792/1/6 4793/1/6 4802/1/6
f 4801/10/6 4792/10/6 4802/10/6
f 4793/2/6 4794/2/6 4803/2/6
f 4802/1/6 4793/1/6 4803/1/6
f 4794/10/6 4795/10/6 4804/10/6
f 4803/2/6 4794/2/6 4804/2/6
f 4795/2/6 4796/2/6 4805/2/6
f 4804/10/6 4795/10/6 4805/10/6
f 4796/10/6 4789/10/6 4806/10/6
f 4805/2/6 4796/2/6 4806/2/6
f 4806/10/6 4789/10/6 4807/10/6
f 4800/3/6 4801/3/6 4808/3/6
f 4808/3/6 4801/3/6 4809/3/6
f 4783/10/6 4797/10/6 4810/10/6
f 4783/10/6 4810/10/6 4812/10/6
f 4810/4/6 4811/4/6 4812/4/6
f 4812/4/6 4811/4/6 4813/4/6
f 4783/10/6 4812/10/6 4814/10/6
f 4807/10/6 4789/10/6 4817/10/6
f 4815/2/6 4816/2/6 4818/2/6
f 4814/10/6 4815/10/6 4818/10/6
f 4816/10/6 4817/10/6 4819/10/6
f 4818/2/6 4816/2/6 4819/2/6
f 4814/10/6 4818/10/6 4820/10/6
f 4783/10/6 4814/10/6 4820/10/6
f 4818/10/6 4819/10/6 4820/10/6
f 4819/10/6 4817/10/6 4821/10/6
f 4820/10/6 4819/10/6 4821/10/6
f 4817/10/6 4789/10/6 4821/10/6
f 4822/10/6 4823/10/6 4824/10/6
f 4824/10/6 4823/10/6 4825/10/6
f 4825/10/6 4823/10/6 4826/10/6
f 4826/10/6 4823/10/6 4827/10/6
f 4822/10/6 4824/10/6 4828/10/6
f 4824/1/6 4825/1/6 4829/1/6
f 4828/10/6 4824/10/6 4829/10/6
f 4825/10/6 4826/10/6 4830/10/6
f 4829/1/6 4825/1/6 4830/1/6
f 4826/1/6 4827/1/6 4831/1/6
f 4830/10/6 4826/10/6 4831/10/6
f 4827/10/6 4823/10/6 4832/10/6
f 4831/1/6 4827/1/6 4832/1/6
f 4832/10/6 4823/10/6 4833/10/6
f 4822/10/6 4828/10/6 4834/10/6
f 4833/10/6 4823/10/6 4835/10/6
f 4835/10/6 4823/10/6 4836/10/6
f 4834/10/6 4835/10/6 4837/10/6
f 4835/1/6 4836/1/6 4838/1/6
f 4837/10/6 4835/10/6 4838/10/6
f 4836/10/6 4823/10/6 4839/10/6
f 4838/1/6 4836/1/6 4839/1/6
f 4822/10/6 4834/10/6 4840/10/6
f 4834/10/6 4837/10/6 4840/10/6
f 4837/1/6 4838/1/6 4841/1/6
f 4840/10/6 4837/10/6 4841/10/6
f 4838/10/6 4839/10/6 4842/10/6
f 4841/1/6 4838/1/6 4842/1/6
f 4839/10/6 4823/10/6 4843/10/6
f 4842/10/6 4839/10/6 4843/10/6
f 4844/9/6 4845/9/6 4846/9/6
f 4846/9/6 4845/9/6 4847/9/6
f 4844/9/6 4846/9/6 4848/9/6
f 4847/9/6 4845/9/6 4849/9/6
f 4844/9/6 4848/9/6 4850/9/6
f 4848/9/6 4849/9/6 4850/9/6
f 4849/9/6 4845/9/6 4851/9/6
f 4850/9/6 4849/9/6 4851/9/6
f 4854/9/6 4855/9/6 4857/9/6
f 4855/1/6 4856/1/6 4857/1/6
f 4857/1/6 4856/1/6 4858/1/6
f 4852/9/6 4853/9/6 4859/9/6
f 4859/9/6 4853/9/6 4860/9/6
f 4854/9/6 4857/9/6 4861/9/6
f 4857/9/6 4858/9/6 4861/9/6
f 4858/1/6 4856/1/6 4862/1/6
f 4861/9/6 4858/9/6 4862/9/6
f 4862/1/6 4856/1/6 4863/1/6
f 4864/9/6 4865/9/6 4866/9/6
f 4866/9/6 4865/9/6 4867/9/6
f 4864/9/6 4866/9/6 4868/9/6
f 4867/9/6 4865/9/6 4869/9/6
f 4864/9/6 4868/9/6 4870/9/6
f 4868/9/6 4869/9/6 4870/9/6
f 4869/9/6 4865/9/6 4871/9/6
f 4870/9/6 4869/9/6 4871/9/6
f 4872/9/6 4873/9/6 4876/9/6
f 4876/9/6 4873/9/6 4877/9/6
f 4874/10/6 4875/10/6 4878/10/6
f 4878/10/6 4875/10/6 4879/10/6
f 4880/8/6 4881/8/6 4883/8/6
f 4883/8/6 4881/8/6 4884/8/6
f 4882/8/6 4883/8/6 4886/8/6
f 4884/8/6 4885/8/6 4886/8/6
f 4883/8/6 4884/8/6 4886/8/6
f 4886/8/6 4885/8/6 4887/8/6
f 4887/8/6 4885/8/6 4888/8/6
f 4888/8/6 4885/8/6 4889/8/6
f 4887/8/6 4888/8/6 4890/8/6
f 4888/10/6 4889/10/6 4890/10/6
f 4890/10/6 4889/10/6 4891/10/6
f 4887/8/6 4890/8/6 4892/8/6
f 4890/8/6 4891/8/6 4892/8/6
f 4892/8/6 4891/8/6 4893/8/6
f 4887/8/6 4892/8/6 4894/8/6
f 4892/10/6 4893/10/6 4895/10/6
f 4894/8/6 4892/8/6 4895/8/6
f 4895/10/6 4893/10/6 4896/10/6
f 4887/8/6 4894/8/6 4897/8/6
f 4894/1/6 4895/1/6 4898/1/6
f 4897/8/6 4894/8/6 4898/8/6
f 4895/8/6 4896/8/6 4899/8/6
f 4898/1/6 4895/1/6 4899/1/6
f 4887/8/6 4897/8/6 4900/8/6
f 4897/1/6 4898/1/6 4901/1/6
f 4900/8/6 4897/8/6 4901/8/6
f 4898/8/6 4899/8/6 4902/8/6
f 4901/1/6 4898/1/6 4902/1/6
f 4887/8/6 4900/8/6 4903/8/6
f 4900/1/6 4901/1/6 4904/1/6
f 4903/8/6 4900/8/6 4904/8/6
f 4901/8/6 4902/8/6 4905/8/6
f 4904/1/6 4901/1/6 4905/1/6
f 4887/8/6 4903/8/6 4906/8/6
f 4903/1/6 4904/1/6 4907/1/6
f 4906/8/6 4903/8/6 4907/8/6
f 4904/8/6 4905/8/6 4908/8/6
f 4907/1/6 4904/1/6 4908/1/6
f 4887/8/6 4906/8/6 4909/8/6
f 4906/1/6 4907/1/6 4909/1/6
f 4907/8/6 4908/8/6 4910/8/6
f 4909/1/6 4907/1/6 4910/1/6
f 4882/8/6 4886/8/6 4911/8/6
f 4887/8/6 4909/8/6 4912/8/6
f 4909/8/6 4910/8/6 4912/8/6
f 4882/8/6 4911/8/6 4913/8/6
f 4911/8/6 4912/8/6 4913/8/6
f 4913/8/6 4912/8/6 4914/8/6
f 4912/8/6 4910/8/6 4915/8/6
f 4914/8/6 4912/8/6 4915/8/6
f 4910/8/6 4908/8/6 4916/8/6
f 4915/8/6 4910/8/6 4916/8/6
f 4899/8/6 4896/8/6 4916/8/6
f 4902/8/6 4899/8/6 4916/8/6
f 4905/8/6 4902/8/6 4916/8/6
f 4908/8/6 4905/8/6 4916/8/6
f 4914/8/6 4915/8/6 4917/8/6
f 4917/8/6 4915/8/6 4918/8/6
