# MagicaVoxel @ Ephtracy

# group
o 

# material
mtllib magic potion.mtl
usemtl palette

# normals
vn -1 0 0
vn 1 0 0
vn 0 0 1
vn 0 0 -1
vn 0 -1 0
vn 0 1 0

# texcoords
vt 0.263672 0.5
vt 0.357422 0.5
vt 0.654297 0.5
vt 0.720703 0.5
vt 0.767578 0.5
vt 0.771484 0.5
vt 0.958984 0.5
vt 0.962891 0.5
vt 0.990234 0.5
vt 0.994141 0.5

# verts
v -3.8 4.6 3.2
v -3.8 4.6 -3.2
v -3.8 4.9 3.2
v -3.8 4.9 -3.2
v -3.7 4.4 3.6
v -3.7 4.4 -3.8
v -3.7 4.6 3.2
v -3.7 4.6 -3.2
v -3.7 4.8 3.6
v -3.7 4.8 3.2
v -3.7 4.8 -3.2
v -3.7 4.8 -3.8
v -3.6 4.2 3.5
v -3.6 4.2 -3.3
v -3.6 4.2 -3.6
v -3.6 4.2 -3.7
v -3.6 4.4 3.5
v -3.6 4.4 -3.3
v -3.6 4.4 -3.6
v -3.6 4.4 -3.7
v -3.5 4 3.4
v -3.5 4 -3.2
v -3.5 4 -3.5
v -3.5 4 -3.6
v -3.5 4.2 3.4
v -3.5 4.2 -3.2
v -3.5 4.2 -3.3
v -3.5 4.2 -3.5
v -3.5 4.2 -3.6
v -3.4 3.8 3.3
v -3.4 3.8 -3.1
v -3.4 3.8 -3.4
v -3.4 3.8 -3.5
v -3.4 3.9 -3.1
v -3.4 3.9 -3.2
v -3.4 4 3.3
v -3.4 4 -3.2
v -3.4 4 -3.4
v -3.4 4 -3.5
v -3.3 3.6 3.2
v -3.3 3.6 -3
v -3.3 3.6 -3.4
v -3.3 3.8 3.2
v -3.3 3.8 -3
v -3.3 3.8 -3.1
v -3.3 3.8 -3.4
v -3.2 3.4 3.1
v -3.2 3.4 -2.8
v -3.2 3.4 -3.2
v -3.2 3.4 -3.3
v -3.2 3.6 3.1
v -3.2 3.6 -2.8
v -3.2 3.6 -3
v -3.2 3.6 -3.2
v -3.2 3.6 -3.3
v -3.2 4.6 3.7
v -3.2 4.6 3.6
v -3.2 4.6 -3.8
v -3.2 4.6 -3.9
v -3.2 4.8 3.6
v -3.2 4.8 3.2
v -3.2 4.8 -3.2
v -3.2 4.8 -3.8
v -3.2 4.9 3.7
v -3.2 4.9 3.2
v -3.2 4.9 -3.2
v -3.2 4.9 -3.9
v -3.1 3.2 3
v -3.1 3.2 -2.8
v -3.1 3.2 -3.1
v -3.1 3.2 -3.2
v -3.1 3.4 3
v -3.1 3.4 -2.8
v -3.1 3.4 -3.1
v -3.1 3.4 -3.2
v -3 3 2.9
v -3 3 -2.7
v -3 3 -3
v -3 3 -3.1
v -3 3.2 2.9
v -3 3.2 -2.7
v -3 3.2 -2.8
v -3 3.2 -3
v -3 3.2 -3.1
v -2.9 2.8 2.8
v -2.9 2.8 -2.6
v -2.9 2.8 -2.9
v -2.9 2.8 -3
v -2.9 3 2.8
v -2.9 3 -2.6
v -2.9 3 -2.7
v -2.9 3 -2.9
v -2.9 3 -3
v -2.8 2.6 2.7
v -2.8 2.6 -2.5
v -2.8 2.6 -2.9
v -2.8 2.8 2.7
v -2.8 2.8 -2.5
v -2.8 2.8 -2.6
v -2.8 2.8 -2.9
v -2.7 2.4 2.6
v -2.7 2.4 -2.4
v -2.7 2.4 -2.6
v -2.7 2.4 -2.8
v -2.7 2.6 2.6
v -2.7 2.6 -2.4
v -2.7 2.6 -2.5
v -2.7 2.6 -2.6
v -2.7 2.6 -2.8
v -2.6 2.2 2.5
v -2.6 2.2 -2.7
v -2.6 2.4 2.5
v -2.6 2.4 -2.4
v -2.6 2.4 -2.6
v -2.6 2.4 -2.7
v -2.5 2 2.4
v -2.5 2 -2.5
v -2.5 2 -2.6
v -2.5 2.1 -2.5
v -2.5 2.1 -2.6
v -2.5 2.2 2.4
v -2.5 2.2 -2.5
v -2.5 2.2 -2.6
v -2.2 1.9 2.2
v -2.2 1.9 -2.4
v -2.2 1.9 -2.5
v -2.2 2 2.2
v -2.2 2 -2.2
v -2.2 2 -2.4
v -2.2 2 -2.5
v -2.1 1.1 -1
v -2.1 1.1 -2
v -2.1 1.9 -1
v -2.1 1.9 -2
v -2.1 4 0.0999999
v -2.1 4 -0.1
v -2.1 4.1 1.3
v -2.1 4.1 1.1
v -2.1 4.3 1.3
v -2.1 4.3 1.1
v -2.1 4.3 0.0999999
v -2.1 4.3 -0.1
v -2 1.1 2
v -2 1.1 1
v -2 1.9 2
v -2 1.9 1
v -2 4.1 1.5
v -2 4.1 1.3
v -2 4.3 1.5
v -2 4.3 1.3
v -1.9 3 2
v -1.9 3 1.6
v -1.9 3 1.5
v -1.9 3 0.5
v -1.9 3 -0.6
v -1.9 3 -1.8
v -1.9 3 -1.9
v -1.9 3.1 2
v -1.9 3.1 1.6
v -1.9 3.1 1.5
v -1.9 3.1 -1.9
v -1.9 4.1 1.6
v -1.9 4.1 1.5
v -1.9 4.3 1.6
v -1.9 4.3 1.5
v -1.8 4.1 1.7
v -1.8 4.1 1.6
v -1.8 4.3 1.7
v -1.8 4.3 1.6
v -1.6 4 0.5
v -1.6 4 0.4
v -1.6 4 -2.1
v -1.6 4 -2.2
v -1.6 4.1 1.8
v -1.6 4.1 1.7
v -1.6 4.1 -2.1
v -1.6 4.1 -2.2
v -1.6 4.3 1.8
v -1.6 4.3 1.7
v -1.6 4.3 0.5
v -1.6 4.3 0.4
v -1.5 4 0.7
v -1.5 4 0.5
v -1.5 4.2 -1.3
v -1.5 4.2 -1.4
v -1.5 4.3 0.7
v -1.5 4.3 0.5
v -1.5 4.3 -1.3
v -1.5 4.3 -1.4
v -1.4 4 -0.2
v -1.4 4 -0.3
v -1.4 4.1 -0.2
v -1.4 4.1 -0.3
v -1.4 4.2 -1.1
v -1.4 4.2 -1.3
v -1.4 4.3 -1.1
v -1.4 4.3 -1.3
v -1.3 4 0.8
v -1.3 4 0.7
v -1.3 4 0.5
v -1.3 4 0.4
v -1.3 4 0.0999999
v -1.3 4 0
v -1.3 4 -0.9
v -1.3 4 -1
v -1.3 4.1 0.0999999
v -1.3 4.1 0
v -1.3 4.1 -0.9
v -1.3 4.1 -1
v -1.3 4.2 0.4
v -1.3 4.3 0.8
v -1.3 4.3 0.7
v -1.3 4.3 0.5
v -1.3 4.3 0.4
v -1.2 4 0.6
v -1.2 4 0.5
v -1.2 4.1 0.0999999
v -1.2 4.1 0
v -1.2 4.2 0.0999999
v -1.2 4.2 0
v -1.2 4.3 0.6
v -1.2 4.3 0.5
v -1.1 4 0.8
v -1.1 4 0.7
v -1.1 4.1 0.8
v -1.1 4.1 0.7
v -1 4 -0.9
v -1 4 -1
v -1 4 -1.5
v -1 4 -1.6
v -1 4.1 1.6
v -1 4.1 1.5
v -1 4.1 1.4
v -1 4.1 1
v -1 4.1 0.8
v -1 4.1 0.7
v -1 4.1 -0.9
v -1 4.1 -1
v -1 4.1 -1.5
v -1 4.1 -1.6
v -1 4.2 1.6
v -1 4.2 1.4
v -1 4.2 1
v -1 4.2 0.7
v -0.9 3 -1.9
v -0.9 3 -2
v -0.9 3.1 -1.9
v -0.9 3.1 -2
v -0.9 4 1.7
v -0.9 4 1.6
v -0.9 4 0.3
v -0.9 4 0.2
v -0.9 4 -0.6
v -0.9 4 -0.8
v -0.9 4 -0.9
v -0.9 4 -1.1
v -0.9 4 -1.2
v -0.9 4 -1.4
v -0.9 4 -1.5
v -0.9 4.1 1.7
v -0.9 4.1 1.6
v -0.9 4.1 1.1
v -0.9 4.1 1
v -0.9 4.1 0.3
v -0.9 4.1 0.2
v -0.9 4.1 -0.6
v -0.9 4.1 -0.8
v -0.9 4.1 -0.9
v -0.9 4.1 -1.1
v -0.9 4.1 -1.2
v -0.9 4.1 -1.4
v -0.9 4.1 -1.5
v -0.9 4.2 1.1
v -0.9 4.2 1
v -0.9 4.2 -0.8
v -0.9 4.2 -0.9
v -0.8 4 0.0999999
v -0.8 4 0
v -0.8 4 -0.1
v -0.8 4 -0.4
v -0.8 4 -0.5
v -0.8 4 -1
v -0.8 4 -1.1
v -0.8 4 -1.3
v -0.8 4 -1.4
v -0.8 4.1 1.2
v -0.8 4.1 1.1
v -0.8 4.1 1
v -0.8 4.1 0.9
v -0.8 4.1 0.0999999
v -0.8 4.1 0
v -0.8 4.1 -0.1
v -0.8 4.1 -0.2
v -0.8 4.1 -0.3
v -0.8 4.1 -0.4
v -0.8 4.1 -0.5
v -0.8 4.1 -1
v -0.8 4.1 -1.1
v -0.8 4.1 -1.2
v -0.8 4.1 -1.3
v -0.8 4.1 -1.4
v -0.8 4.2 1.2
v -0.8 4.2 1.1
v -0.8 4.2 1
v -0.8 4.2 0.9
v -0.8 4.2 0
v -0.8 4.2 -0.1
v -0.8 4.2 -0.2
v -0.8 4.2 -0.3
v -0.8 4.2 -1.1
v -0.8 4.2 -1.3
v -0.7 3.5 -0.7
v -0.7 3.5 -0.8
v -0.7 3.6 -0.7
v -0.7 3.6 -0.8
v -0.7 3.7 -0.7
v -0.7 3.7 -0.8
v -0.7 4 0.2
v -0.7 4 0.0999999
v -0.7 4 -1.2
v -0.7 4 -1.3
v -0.7 4.1 1.5
v -0.7 4.1 1.4
v -0.7 4.1 1.3
v -0.7 4.1 1.2
v -0.7 4.1 0.3
v -0.7 4.1 0.2
v -0.7 4.1 0.0999999
v -0.7 4.1 -0.9
v -0.7 4.1 -1
v -0.7 4.1 -1.1
v -0.7 4.1 -1.2
v -0.7 4.1 -1.3
v -0.7 4.1 -1.4
v -0.7 4.1 -1.6
v -0.7 4.2 1.5
v -0.7 4.2 1.4
v -0.7 4.2 1.3
v -0.7 4.2 1.2
v -0.7 4.2 0.3
v -0.7 4.2 0.2
v -0.7 4.2 -0.9
v -0.7 4.2 -1
v -0.7 4.2 -1.1
v -0.7 4.2 -1.3
v -0.7 4.2 -1.4
v -0.7 4.2 -1.6
v -0.7 4.3 -1
v -0.7 4.3 -1.1
v -0.7 4.3 -1.3
v -0.7 4.3 -1.4
v -0.7 4.4 -1.1
v -0.7 4.4 -1.3
v -0.6 4.1 0.2
v -0.6 4.1 0
v -0.6 4.2 1.4
v -0.6 4.2 1.3
v -0.6 4.2 0.2
v -0.6 4.2 0
v -0.6 4.2 -1.4
v -0.6 4.2 -1.5
v -0.6 4.3 1.4
v -0.6 4.3 1.3
v -0.6 4.3 -1
v -0.6 4.3 -1.1
v -0.6 4.3 -1.4
v -0.6 4.3 -1.5
v -0.6 4.4 -1
v -0.6 4.4 -1.1
v -0.5 4.1 1.2
v -0.5 4.1 1.1
v -0.5 4.1 0
v -0.5 4.1 -0.1
v -0.5 4.1 -0.3
v -0.5 4.1 -0.4
v -0.5 4.2 1.2
v -0.5 4.2 1.1
v -0.5 4.2 0
v -0.5 4.2 -0.1
v -0.5 4.2 -0.3
v -0.5 4.2 -0.4
v -0.5 4.2 -0.9
v -0.5 4.2 -1
v -0.5 4.3 -0.9
v -0.5 4.3 -1
v -0.4 4 1.6
v -0.4 4 1.5
v -0.4 4 0.9
v -0.4 4 0.8
v -0.4 4.1 1.6
v -0.4 4.1 1.5
v -0.4 4.1 0.9
v -0.4 4.1 0.8
v -0.4 4.2 -1.5
v -0.4 4.2 -1.6
v -0.4 4.3 -1.5
v -0.4 4.3 -1.6
v -0.3 2.6 1
v -0.3 2.6 0.3
v -0.3 2.8 1
v -0.3 2.9 1
v -0.3 2.9 0.3
v -0.3 4 1.1
v -0.3 4 1
v -0.3 4 -1.8
v -0.3 4 -1.9
v -0.3 4.1 1.1
v -0.3 4.1 1
v -0.3 4.1 -1.8
v -0.3 4.1 -1.9
v -0.2 2.9 -0.1
v -0.2 2.9 -0.5
v -0.2 3 -0.1
v -0.2 3 -0.5
v -0.2 4 -0.1
v -0.2 4 -0.3
v -0.2 4.1 1.3
v -0.2 4.1 1.2
v -0.2 4.1 -0.1
v -0.2 4.1 -0.3
v -0.2 4.1 -0.4
v -0.2 4.1 -0.5
v -0.2 4.2 1.3
v -0.2 4.2 1.2
v -0.2 4.2 -0.4
v -0.2 4.2 -0.5
v -0.2 4.2 -1.4
v -0.2 4.2 -1.5
v -0.2 4.3 -1.4
v -0.2 4.3 -1.5
v -0.1 4 -1.7
v -0.1 4 -1.8
v -0.1 4.1 -1.7
v -0.1 4.1 -1.8
v -0.1 4.2 -1.3
v -0.1 4.2 -1.4
v -0.1 4.2 -1.5
v -0.1 4.2 -1.6
v -0.1 4.3 -1.3
v -0.1 4.3 -1.4
v -0.1 4.3 -1.5
v -0.1 4.3 -1.6
v 0 4 0.4
v 0 4 0.3
v 0 4 0
v 0 4 -0.1
v 0 4 -0.9
v 0 4 -1
v 0 4 -1.6
v 0 4 -1.7
v 0 4.1 0.9
v 0 4.1 0.7
v 0 4.1 0.6
v 0 4.1 0.4
v 0 4.1 0.3
v 0 4.1 0.2
v 0 4.1 0.0999999
v 0 4.1 0
v 0 4.1 -0.1
v 0 4.1 -0.8
v 0 4.1 -0.9
v 0 4.1 -1
v 0 4.1 -1.6
v 0 4.1 -1.7
v 0 4.2 0.9
v 0 4.2 0.7
v 0 4.2 0.6
v 0 4.2 0.3
v 0 4.2 0.2
v 0 4.2 0.0999999
v 0 4.2 -0.8
v 0 4.2 -0.9
v 0 4.2 -1.4
v 0 4.2 -1.5
v 0 4.3 -1.2
v 0 4.3 -1.3
v 0 4.3 -1.4
v 0 4.3 -1.5
v 0 4.4 -1.2
v 0 4.4 -1.3
v 0.0999999 2.6 -0.5
v 0.0999999 2.6 -0.8
v 0.0999999 2.6 -0.9
v 0.0999999 2.6 -1
v 0.0999999 2.8 -1
v 0.0999999 2.8 -1.1
v 0.0999999 2.8 -1.2
v 0.0999999 2.9 -1
v 0.0999999 2.9 -1.1
v 0.0999999 2.9 -1.2
v 0.0999999 2.9 -1.3
v 0.0999999 3 -0.5
v 0.0999999 3 -0.8
v 0.0999999 3 -0.9
v 0.0999999 3 -1
v 0.0999999 3 -1.1
v 0.0999999 3 -1.3
v 0.0999999 4.1 1.2
v 0.0999999 4.1 0.9
v 0.0999999 4.2 1.2
v 0.0999999 4.2 0.9
v 0.0999999 4.3 -1.3
v 0.0999999 4.3 -1.4
v 0.0999999 4.4 -1.3
v 0.0999999 4.4 -1.4
v 0.2 4.1 0.5
v 0.2 4.1 0.4
v 0.2 4.1 0.2
v 0.2 4.1 0.0999999
v 0.2 4.1 0
v 0.2 4.2 1.2
v 0.2 4.2 1
v 0.2 4.2 0.5
v 0.2 4.2 0.4
v 0.2 4.2 0.2
v 0.2 4.2 0.0999999
v 0.2 4.2 0
v 0.2 4.2 -1.1
v 0.2 4.2 -1.2
v 0.2 4.3 1.2
v 0.2 4.3 1
v 0.2 4.3 -1.1
v 0.2 4.3 -1.2
v 0.3 4.1 0
v 0.3 4.1 -0.1
v 0.3 4.2 0
v 0.3 4.2 -0.1
v 0.3 4.3 -1.1
v 0.3 4.3 -1.2
v 0.3 4.4 -1.1
v 0.3 4.4 -1.2
v 0.4 3.4 -0.8
v 0.4 3.4 -0.9
v 0.4 3.5 -0.8
v 0.4 3.5 -0.9
v 0.4 3.6 -0.9
v 0.4 3.6 -1
v 0.4 3.8 -0.9
v 0.4 3.8 -1
v 0.4 4.1 1
v 0.4 4.1 0.9
v 0.4 4.2 1
v 0.4 4.2 0.9
v 0.4 4.2 -1.2
v 0.4 4.2 -1.3
v 0.4 4.3 -1.2
v 0.4 4.3 -1.3
v 0.5 3.5 -0.9
v 0.5 3.5 -1
v 0.5 3.6 -0.9
v 0.5 3.6 -1
v 0.5 4.1 -0.1
v 0.5 4.1 -0.2
v 0.5 4.2 -0.1
v 0.5 4.2 -0.2
v 0.5 4.2 -1.4
v 0.5 4.2 -1.6
v 0.5 4.3 -1.3
v 0.5 4.3 -1.4
v 0.5 4.3 -1.6
v 0.5 4.4 -1.3
v 0.5 4.4 -1.4
v 0.6 3.9 -0.8
v 0.6 3.9 -0.9
v 0.6 4 -0.8
v 0.6 4 -0.9
v 0.6 4.1 0.7
v 0.6 4.1 0.6
v 0.6 4.1 0.5
v 0.6 4.1 -0.2
v 0.6 4.1 -0.3
v 0.6 4.1 -0.8
v 0.6 4.2 0.7
v 0.6 4.2 0.6
v 0.6 4.2 0.5
v 0.6 4.2 -0.2
v 0.6 4.2 -0.3
v 0.6 4.2 -0.8
v 0.6 4.2 -0.9
v 0.6 4.2 -1
v 0.6 4.3 -0.9
v 0.6 4.3 -1
v 0.6 4.3 -1.1
v 0.6 4.4 -1
v 0.6 4.4 -1.1
v 0.7 3.4 -0.3
v 0.7 3.4 -0.5
v 0.7 3.4 -0.9
v 0.7 3.4 -1
v 0.7 3.5 -0.3
v 0.7 3.5 -0.4
v 0.7 3.5 -0.5
v 0.7 3.5 -0.8
v 0.7 3.5 -0.9
v 0.7 3.5 -1
v 0.7 3.6 -0.8
v 0.7 3.6 -0.9
v 0.7 3.9 -0.8
v 0.7 3.9 -0.9
v 0.7 4.1 2.2
v 0.7 4.1 2.1
v 0.7 4.1 0.8
v 0.7 4.1 0.7
v 0.7 4.2 0.8
v 0.7 4.2 0.7
v 0.7 4.4 2.2
v 0.7 4.5 2.2
v 0.7 4.5 2.1
v 0.8 2.8 1.2
v 0.8 2.8 1
v 0.8 2.9 1.2
v 0.8 2.9 1
v 0.8 3 0.0999999
v 0.8 3 0
v 0.8 3.1 0.0999999
v 0.8 3.1 0
v 0.8 4.1 -0.7
v 0.8 4.1 -0.8
v 0.8 4.2 -0.7
v 0.8 4.2 -0.8
v 0.9 3.8 -0.7
v 0.9 3.8 -0.8
v 0.9 4 -0.7
v 0.9 4 -0.8
v 1 1.1 2
v 1 1.1 1
v 1 1.1 -1
v 1 1.1 -2
v 1 1.9 2
v 1 1.9 1
v 1 1.9 -1
v 1 1.9 -2
v 1 2 1
v 1 2 -1
v 1 2.6 1
v 1 2.6 -1
v 1 2.8 1
v 1 2.8 -1
v 1 3.4 -0.3
v 1 3.4 -0.4
v 1 3.6 -0.3
v 1 3.6 -0.4
v 1 3.6 -0.7
v 1 3.6 -0.8
v 1 3.8 -0.7
v 1 3.8 -0.8
v 1 4 -0.3
v 1 4.1 0.9
v 1 4.1 0.8
v 1 4.1 -0.3
v 1 4.1 -0.4
v 1 4.2 0.9
v 1 4.2 0.8
v 1.1 3.5 -0.7
v 1.1 3.5 -0.8
v 1.1 3.6 -0.7
v 1.1 3.6 -0.8
v 1.2 2.8 -1.1
v 1.2 2.8 -1.2
v 1.2 2.9 -1.1
v 1.2 2.9 -1.2
v 1.2 3 -1.9
v 1.2 3 -2
v 1.2 3.1 -1.9
v 1.2 3.1 -2
v 1.2 3.4 -0.4
v 1.2 3.4 -0.5
v 1.2 3.5 -0.4
v 1.2 3.5 -0.5
v 1.2 3.5 -0.6
v 1.2 3.6 -0.5
v 1.2 3.6 -0.6
v 1.2 3.7 -0.6
v 1.2 3.7 -0.8
v 1.2 4 -0.1
v 1.2 4 -0.2
v 1.2 4 -0.7
v 1.2 4 -0.8
v 1.2 4.1 -0.1
v 1.2 4.1 -0.2
v 1.2 4.1 -0.3
v 1.2 4.1 -0.5
v 1.2 4.1 -0.7
v 1.2 4.2 -0.2
v 1.2 4.2 -0.3
v 1.3 4 0.8
v 1.3 4 0.7
v 1.3 4 0.4
v 1.3 4 0.3
v 1.3 4.1 0.8
v 1.3 4.1 0.7
v 1.3 4.1 0.5
v 1.3 4.1 0.4
v 1.3 4.1 0.3
v 1.3 4.1 -1.3
v 1.3 4.1 -1.4
v 1.3 4.2 0.6
v 1.3 4.2 0.5
v 1.3 4.2 0.4
v 1.3 4.2 -0.2
v 1.3 4.2 -0.3
v 1.3 4.2 -1.3
v 1.3 4.2 -1.4
v 1.3 4.3 0.6
v 1.3 4.3 0.5
v 1.3 4.3 -0.2
v 1.3 4.3 -0.3
v 1.4 3.6 -0.7
v 1.4 3.6 -0.8
v 1.4 3.7 -0.7
v 1.4 3.7 -0.8
v 1.4 4 0.7
v 1.4 4 0.6
v 1.4 4 0.3
v 1.4 4 -0.1
v 1.4 4.1 0.7
v 1.4 4.1 0.6
v 1.4 4.1 0.3
v 1.4 4.1 0
v 1.4 4.1 -0.1
v 1.4 4.1 -0.2
v 1.4 4.2 0
v 1.4 4.2 -0.2
v 1.5 3.4 -0.3
v 1.5 3.4 -0.4
v 1.5 3.5 -0.3
v 1.5 3.5 -0.4
v 1.5 4.1 -1.2
v 1.5 4.1 -1.3
v 1.5 4.2 -1.2
v 1.5 4.2 -1.3
v 1.6 3.4 -0.4
v 1.6 3.4 -0.5
v 1.6 3.5 -0.4
v 1.6 3.5 -0.5
v 1.6 4 0.3
v 1.6 4 0.2
v 1.6 4.1 0.3
v 1.6 4.1 0.2
v 1.6 4.1 -0.8
v 1.6 4.1 -1.2
v 1.6 4.2 -0.8
v 1.6 4.2 -1.2
v 1.9 2.9 1.8
v 1.9 2.9 -0.3
v 1.9 2.9 -0.5
v 1.9 2.9 -1.9
v 1.9 3 1.8
v 1.9 3 -0.3
v 1.9 3 -0.5
v 1.9 3 -1.9
v 2 3 2
v 2 3 -0.3
v 2 3 -0.5
v 2 3 -1.9
v 2 3.1 2
v 2 3.1 -0.3
v 2 3.1 -0.5
v 2 3.1 -1.9
v 2.2 4.1 2.2
v 2.2 4.1 -0.8
v 2.2 4.1 -1.6
v 2.2 4.1 -2.2
v 2.2 4.4 2.2
v 2.2 4.4 -2.2
v 2.2 4.5 2.2
v 2.2 4.5 -2.2
v 2.4 4.5 2.4
v 2.4 4.5 -2.4
v 2.4 4.6 2.4
v 2.4 4.6 -2.4
v 2.6 4.6 2.6
v 2.6 4.6 -2.6
v 2.6 4.7 2.6
v 2.6 4.7 -2.6
v 2.8 4.7 2.8
v 2.8 4.7 -2.8
v 2.8 4.8 2.8
v 2.8 4.8 -2.8
v 3 4.8 3
v 3 4.8 -3
v 3 4.9 3
v 3 4.9 -3
v -3 4.8 3
v -3 4.8 -3
v -3 4.9 3
v -3 4.9 -3
v -2.8 4.7 2.8
v -2.8 4.7 -2.8
v -2.8 4.8 2.8
v -2.8 4.8 -2.8
v -2.6 4.6 2.6
v -2.6 4.6 -2.6
v -2.6 4.7 2.6
v -2.6 4.7 -2.6
v -2.4 4.5 2.4
v -2.4 4.5 -2.4
v -2.4 4.6 2.4
v -2.4 4.6 -2.4
v -2.2 4 0.0999999
v -2.2 4 -0.1
v -2.2 4.1 2.2
v -2.2 4.1 1.1
v -2.2 4.1 -2
v -2.2 4.1 -2.1
v -2.2 4.2 2.2
v -2.2 4.2 -2.1
v -2.2 4.2 -2.2
v -2.2 4.3 1.1
v -2.2 4.3 0.0999999
v -2.2 4.3 -0.1
v -2.2 4.3 -0.7
v -2.2 4.3 -0.9
v -2.2 4.3 -1.2
v -2.2 4.3 -1.3
v -2.2 4.3 -2
v -2.2 4.4 2.2
v -2.2 4.4 -0.7
v -2.2 4.4 -0.8
v -2.2 4.4 -0.9
v -2.2 4.4 -1.2
v -2.2 4.4 -1.3
v -2.2 4.4 -2.2
v -2.2 4.5 2.2
v -2.2 4.5 -0.7
v -2.2 4.5 -0.8
v -2.2 4.5 -2.2
v -2.1 4.3 -0.7
v -2.1 4.3 -0.9
v -2.1 4.3 -1.2
v -2.1 4.3 -1.3
v -2.1 4.4 -0.8
v -2.1 4.4 -0.9
v -2.1 4.4 -1.2
v -2.1 4.4 -1.3
v -2.1 4.5 -0.7
v -2.1 4.5 -0.8
v -2 3 2
v -2 3 1.5
v -2 3 1.3
v -2 3 0.5
v -2 3 -0.5
v -2 3 -0.6
v -2 3 -0.8
v -2 3 -1.4
v -2 3 -1.8
v -2 3 -2
v -2 3.1 2
v -2 3.1 1.5
v -2 3.1 1.3
v -2 3.1 -0.5
v -2 3.1 -0.8
v -2 3.1 -1.4
v -2 3.1 -2
v -2 4.1 -1.9
v -2 4.1 -2
v -2 4.3 -1.9
v -2 4.3 -2
v -1.8 4.1 -1.8
v -1.8 4.1 -1.9
v -1.8 4.3 -1.8
v -1.8 4.3 -1.9
v -1.7 4 0.7
v -1.7 4 0.4
v -1.7 4 -2.1
v -1.7 4 -2.2
v -1.7 4.1 -1.7
v -1.7 4.1 -1.8
v -1.7 4.1 -2.1
v -1.7 4.1 -2.2
v -1.7 4.3 0.7
v -1.7 4.3 0.4
v -1.7 4.3 -1.7
v -1.7 4.3 -1.8
v -1.6 4.1 -0.5
v -1.6 4.1 -0.6
v -1.6 4.1 -0.8
v -1.6 4.1 -0.9
v -1.6 4.1 -1.6
v -1.6 4.1 -1.7
v -1.6 4.1 -2.1
v -1.6 4.1 -2.2
v -1.6 4.2 -1.1
v -1.6 4.2 -1.4
v -1.6 4.2 -2.1
v -1.6 4.2 -2.2
v -1.6 4.3 -0.5
v -1.6 4.3 -0.6
v -1.6 4.3 -0.8
v -1.6 4.3 -0.9
v -1.6 4.3 -1.1
v -1.6 4.3 -1.4
v -1.6 4.3 -1.6
v -1.6 4.3 -1.7
v -1.5 4 0.5
v -1.5 4 0.4
v -1.5 4 -0.2
v -1.5 4 -0.3
v -1.5 4.1 -0.1
v -1.5 4.1 -0.2
v -1.5 4.1 -0.3
v -1.5 4.1 -0.5
v -1.5 4.1 -0.6
v -1.5 4.1 -0.8
v -1.5 4.3 0.5
v -1.5 4.3 0.4
v -1.5 4.3 -0.1
v -1.5 4.3 -0.5
v -1.5 4.3 -0.6
v -1.5 4.3 -0.8
v -1.4 4 0.8
v -1.4 4 0.7
v -1.4 4 0.6
v -1.4 4 0.5
v -1.4 4 0.0999999
v -1.4 4 0
v -1.4 4 -0.9
v -1.4 4 -1
v -1.4 4 -1.5
v -1.4 4 -1.6
v -1.4 4.1 0
v -1.4 4.1 -0.1
v -1.4 4.1 -0.9
v -1.4 4.1 -1.6
v -1.4 4.2 0.0999999
v -1.4 4.3 0.8
v -1.4 4.3 0.7
v -1.4 4.3 0.6
v -1.4 4.3 0.5
v -1.4 4.3 0.0999999
v -1.4 4.3 -0.1
v -1.4 4.3 -0.9
v -1.4 4.3 -1
v -1.4 4.3 -1.5
v -1.4 4.3 -1.6
v -1.3 4 -1.4
v -1.3 4 -1.5
v -1.3 4.3 -1.4
v -1.3 4.3 -1.5
v -1.2 2.8 1.2
v -1.2 2.8 0.9
v -1.2 2.8 0.8
v -1.2 2.8 0.7
v -1.2 2.8 0.4
v -1.2 2.8 0.3
v -1.2 2.8 -0.6
v -1.2 2.8 -0.8
v -1.2 2.8 -0.9
v -1.2 2.8 -1.2
v -1.2 2.9 1.2
v -1.2 2.9 0.8
v -1.2 2.9 0.3
v -1.2 2.9 -0.6
v -1.2 2.9 -0.8
v -1.2 2.9 -0.9
v -1.2 2.9 -1.2
v -1.2 4 0.8
v -1.2 4 0.7
v -1.2 4 -0.9
v -1.2 4 -1
v -1.2 4 -1.3
v -1.2 4 -1.4
v -1.2 4.1 0.3
v -1.2 4.1 0.0999999
v -1.2 4.1 -0.9
v -1.2 4.1 -1
v -1.2 4.2 0.3
v -1.2 4.2 0.0999999
v -1.2 4.3 0.8
v -1.2 4.3 0.7
v -1.2 4.3 0.3
v -1.2 4.3 0.0999999
v -1.2 4.3 -1.3
v -1.2 4.3 -1.4
v -1.1 4 1.7
v -1.1 4 1.6
v -1.1 4 -0.7
v -1.1 4 -0.9
v -1.1 4 -1.1
v -1.1 4 -1.3
v -1.1 4.1 1.8
v -1.1 4.1 1.7
v -1.1 4.1 1.6
v -1.1 4.1 1.5
v -1.1 4.1 1.4
v -1.1 4.1 1
v -1.1 4.1 0.8
v -1.1 4.1 0.5
v -1.1 4.1 0.4
v -1.1 4.1 -0.7
v -1.1 4.1 -0.9
v -1.1 4.2 0.7
v -1.1 4.2 0.5
v -1.1 4.2 0.4
v -1.1 4.2 -1
v -1.1 4.2 -1.1
v -1.1 4.3 1.8
v -1.1 4.3 1.4
v -1.1 4.3 1
v -1.1 4.3 0.8
v -1.1 4.3 0.7
v -1.1 4.3 0.4
v -1.1 4.3 -1
v -1.1 4.3 -1.3
v -1 1.1 2
v -1 1.1 1
v -1 1.1 -1
v -1 1.1 -2
v -1 1.9 2
v -1 1.9 1
v -1 1.9 -1
v -1 1.9 -2
v -1 2 1
v -1 2 -1
v -1 2.6 1
v -1 2.6 0.5
v -1 2.6 0.3
v -1 2.6 -0.6
v -1 2.6 -0.8
v -1 2.6 -0.9
v -1 2.6 -1
v -1 2.7 1
v -1 2.7 0.9
v -1 2.7 0.5
v -1 2.7 0.4
v -1 2.8 1
v -1 2.8 0.9
v -1 2.8 0.4
v -1 2.8 0.3
v -1 2.8 -0.6
v -1 2.8 -0.8
v -1 2.8 -0.9
v -1 2.8 -1
v -1 4 0.3
v -1 4 0.2
v -1 4 -0.6
v -1 4 -0.7
v -1 4.1 1.1
v -1 4.1 1
v -1 4.1 0.6
v -1 4.1 0.5
v -1 4.1 0.3
v -1 4.1 0.2
v -1 4.1 0.0999999
v -1 4.1 0
v -1 4.1 -0.6
v -1 4.1 -0.7
v -1 4.1 -1
v -1 4.1 -1.1
v -1 4.2 1
v -1 4.2 0.6
v -1 4.2 0.5
v -1 4.2 0.4
v -1 4.2 0.3
v -1 4.2 0.0999999
v -1 4.2 0
v -1 4.2 -1
v -1 4.2 -1.1
v -1 4.3 1.1
v -1 4.3 1
v -1 4.3 0.4
v -1 4.3 0.3
v -0.9 4 0.2
v -0.9 4 -0.1
v -0.9 4 -0.4
v -0.9 4 -0.5
v -0.9 4 -1
v -0.9 4 -1.1
v -0.9 4.1 1.6
v -0.9 4.1 1.5
v -0.9 4.1 1.4
v -0.9 4.1 1.2
v -0.9 4.1 1.1
v -0.9 4.1 1
v -0.9 4.1 0.9
v -0.9 4.1 0.2
v -0.9 4.1 -0.1
v -0.9 4.1 -0.4
v -0.9 4.1 -0.5
v -0.9 4.1 -1
v -0.9 4.1 -1.1
v -0.9 4.2 1.6
v -0.9 4.2 1.4
v -0.9 4.2 1.1
v -0.9 4.2 1
v -0.9 4.2 0.9
v -0.9 4.3 1.2
v -0.9 4.3 1.1
v -0.8 3.5 -0.7
v -0.8 3.5 -0.8
v -0.8 3.6 -0.7
v -0.8 3.6 -0.8
v -0.8 3.7 -0.7
v -0.8 3.7 -0.8
v -0.8 4.1 1.3
v -0.8 4.1 1.2
v -0.8 4.1 1.1
v -0.8 4.1 1
v -0.8 4.1 -0.8
v -0.8 4.1 -0.9
v -0.8 4.2 1.2
v -0.8 4.2 1.1
v -0.8 4.2 1
v -0.8 4.2 -0.8
v -0.8 4.2 -0.9
v -0.8 4.3 1.3
v -0.8 4.3 1.2
v -0.7 2.9 -0.1
v -0.7 2.9 -0.6
v -0.7 2.9 -0.8
v -0.7 2.9 -0.9
v -0.7 2.9 -1
v -0.7 2.9 -1.1
v -0.7 2.9 -1.2
v -0.7 2.9 -1.9
v -0.7 3 -0.1
v -0.7 3 -0.8
v -0.7 3 -0.9
v -0.7 3 -1
v -0.7 3 -1.1
v -0.7 3 -1.9
v -0.7 4.1 1.2
v -0.7 4.1 1.1
v -0.7 4.1 1
v -0.7 4.1 0.9
v -0.7 4.1 0.7
v -0.7 4.1 0.6
v -0.7 4.1 0.4
v -0.7 4.1 0.3
v -0.7 4.1 -0.2
v -0.7 4.1 -0.3
v -0.7 4.2 1.4
v -0.7 4.2 1.3
v -0.7 4.2 1.2
v -0.7 4.2 1.1
v -0.7 4.2 1
v -0.7 4.2 0.9
v -0.7 4.2 0.7
v -0.7 4.2 0.6
v -0.7 4.2 0.4
v -0.7 4.2 0.3
v -0.7 4.2 -0.2
v -0.7 4.2 -0.3
v -0.7 4.3 1.4
v -0.7 4.3 1.3
v -0.6 4 -1.8
v -0.6 4 -1.9
v -0.6 4.1 0.9
v -0.6 4.1 0.7
v -0.6 4.1 0
v -0.6 4.1 -0.1
v -0.6 4.1 -0.2
v -0.6 4.1 -1.8
v -0.6 4.1 -1.9
v -0.6 4.2 0.9
v -0.6 4.2 0.7
v -0.6 4.2 0
v -0.6 4.2 -0.2
v -0.6 4.3 -1.1
v -0.6 4.3 -1.3
v -0.6 4.4 -1.1
v -0.6 4.4 -1.3
v -0.5 4 1.6
v -0.5 4 1.5
v -0.5 4 0.9
v -0.5 4 0.8
v -0.5 4.1 1.6
v -0.5 4.1 1.5
v -0.5 4.1 1.4
v -0.5 4.1 0.9
v -0.5 4.1 0.8
v -0.5 4.2 1.5
v -0.5 4.2 1.4
v -0.5 4.3 -1
v -0.5 4.3 -1.1
v -0.5 4.4 -1
v -0.5 4.4 -1.1
v -0.4 4 1.1
v -0.4 4 1
v -0.4 4 -0.2
v -0.4 4 -0.3
v -0.4 4 -1.7
v -0.4 4 -1.8
v -0.4 4.1 1.2
v -0.4 4.1 1.1
v -0.4 4.1 1
v -0.4 4.1 -0.2
v -0.4 4.1 -0.3
v -0.4 4.1 -1.7
v -0.4 4.1 -1.8
v -0.4 4.2 1.4
v -0.4 4.2 1.3
v -0.4 4.2 1.2
v -0.4 4.2 1.1
v -0.4 4.2 -1.4
v -0.4 4.2 -1.5
v -0.4 4.3 1.4
v -0.4 4.3 1.3
v -0.4 4.3 -1.4
v -0.4 4.3 -1.5
v -0.3 4 -0.1
v -0.3 4 -0.2
v -0.3 4 -1.6
v -0.3 4 -1.7
v -0.3 4.1 1.3
v -0.3 4.1 1.2
v -0.3 4.1 0.0999999
v -0.3 4.1 -0.1
v -0.3 4.1 -0.2
v -0.3 4.1 -0.3
v -0.3 4.1 -0.4
v -0.3 4.1 -1.6
v -0.3 4.1 -1.7
v -0.3 4.2 1.3
v -0.3 4.2 1.2
v -0.3 4.2 0.0999999
v -0.3 4.2 -0.1
v -0.3 4.2 -0.3
v -0.3 4.2 -0.4
v -0.2 2.6 -0.5
v -0.2 2.6 -0.6
v -0.2 2.9 -0.5
v -0.2 2.9 -0.6
v -0.2 4.1 0.2
v -0.2 4.1 0.0999999
v -0.2 4.2 0.2
v -0.2 4.2 0.0999999
v -0.2 4.2 -1.3
v -0.2 4.2 -1.4
v -0.2 4.2 -1.5
v -0.2 4.2 -1.6
v -0.2 4.3 -1.3
v -0.2 4.3 -1.4
v -0.2 4.3 -1.5
v -0.2 4.3 -1.6
v -0.1 4 0.4
v -0.1 4 0.3
v -0.1 4 0
v -0.1 4 -0.1
v -0.1 4 -0.9
v -0.1 4 -1
v -0.1 4.1 0.4
v -0.1 4.1 0.3
v -0.1 4.1 0
v -0.1 4.1 -0.1
v -0.1 4.1 -0.4
v -0.1 4.1 -0.5
v -0.1 4.1 -0.9
v -0.1 4.1 -1
v -0.1 4.2 -0.4
v -0.1 4.2 -0.5
v -0.1 4.2 -1.4
v -0.1 4.2 -1.5
v -0.1 4.3 -1.4
v -0.1 4.3 -1.5
v 0 4.1 1.4
v 0 4.1 1.3
v 0 4.1 1.2
v 0 4.2 1.4
v 0 4.2 1.2
v 0 4.2 -0.9
v 0 4.2 -1
v 0 4.3 -0.9
v 0 4.3 -1
v 0.0999999 4.1 0.9
v 0.0999999 4.1 0.8
v 0.0999999 4.1 0.7
v 0.0999999 4.1 0.6
v 0.0999999 4.1 0.4
v 0.0999999 4.1 0.2
v 0.0999999 4.1 0.0999999
v 0.0999999 4.1 -0.8
v 0.0999999 4.1 -0.9
v 0.0999999 4.2 0.9
v 0.0999999 4.2 0.7
v 0.0999999 4.2 0.6
v 0.0999999 4.2 0.4
v 0.0999999 4.2 0.2
v 0.0999999 4.2 0.0999999
v 0.0999999 4.2 -0.8
v 0.0999999 4.2 -0.9
v 0.0999999 4.2 -1.1
v 0.0999999 4.2 -1.2
v 0.0999999 4.2 -1.4
v 0.0999999 4.2 -1.6
v 0.0999999 4.3 -1.1
v 0.0999999 4.3 -1.2
v 0.0999999 4.3 -1.3
v 0.0999999 4.3 -1.4
v 0.0999999 4.3 -1.6
v 0.0999999 4.4 -1.2
v 0.0999999 4.4 -1.3
v 0.2 4.1 1
v 0.2 4.1 0.9
v 0.2 4.2 1
v 0.2 4.2 0.9
v 0.2 4.3 -1.3
v 0.2 4.3 -1.4
v 0.2 4.4 -1.3
v 0.2 4.4 -1.4
v 0.3 3.4 -0.3
v 0.3 3.4 -0.5
v 0.3 3.4 -0.8
v 0.3 3.4 -0.9
v 0.3 3.5 -0.4
v 0.3 3.5 -0.5
v 0.3 3.5 -0.9
v 0.3 3.5 -1
v 0.3 3.6 -0.3
v 0.3 3.6 -0.4
v 0.3 3.6 -0.8
v 0.3 3.6 -1
v 0.3 3.8 -0.9
v 0.3 3.8 -1
v 0.3 4 -0.8
v 0.3 4 -0.9
v 0.3 4.1 -0.3
v 0.3 4.1 -0.4
v 0.3 4.1 -0.8
v 0.3 4.1 -0.9
v 0.3 4.2 1.2
v 0.3 4.2 1
v 0.3 4.2 -1.2
v 0.3 4.2 -1.3
v 0.3 4.3 1.2
v 0.3 4.3 1
v 0.3 4.3 -1.2
v 0.3 4.3 -1.3
v 0.4 4.1 1.2
v 0.4 4.1 1.1
v 0.4 4.2 1.2
v 0.4 4.2 1.1
v 0.4 4.3 -1.1
v 0.4 4.3 -1.2
v 0.4 4.4 -1.1
v 0.4 4.4 -1.2
v 0.5 4.1 1.1
v 0.5 4.1 1
v 0.5 4.2 1.1
v 0.5 4.2 1
v 0.6 2.9 1.8
v 0.6 2.9 1.7
v 0.6 3 0.0999999
v 0.6 3 0
v 0.6 3.1 1.8
v 0.6 3.1 1.7
v 0.6 3.1 0.0999999
v 0.6 3.1 0
v 0.6 3.4 -0.9
v 0.6 3.4 -1
v 0.6 3.5 -0.9
v 0.6 3.5 -1
v 0.6 4.2 -1.2
v 0.6 4.2 -1.4
v 0.6 4.2 -1.5
v 0.6 4.2 -1.6
v 0.6 4.3 -1.2
v 0.6 4.3 -1.3
v 0.6 4.3 -1.4
v 0.6 4.3 -1.5
v 0.6 4.3 -1.6
v 0.6 4.4 -1.3
v 0.6 4.4 -1.4
v 0.7 4.2 -0.9
v 0.7 4.2 -1
v 0.7 4.2 -1.1
v 0.7 4.2 -1.2
v 0.7 4.3 -0.9
v 0.7 4.3 -1
v 0.7 4.3 -1.1
v 0.7 4.3 -1.2
v 0.7 4.4 -1
v 0.7 4.4 -1.1
v 0.8 2.6 1
v 0.8 2.6 -0.5
v 0.8 2.8 1
v 0.8 2.8 -0.5
v 0.8 3 -1.1
v 0.8 3 -1.3
v 0.8 3 -1.9
v 0.8 3 -2
v 0.8 3.1 -1.1
v 0.8 3.1 -2
v 0.8 3.4 -0.3
v 0.8 3.4 -0.4
v 0.8 3.5 -0.3
v 0.8 3.5 -0.4
v 0.8 3.6 -0.7
v 0.8 3.6 -0.8
v 0.8 4 -0.7
v 0.8 4 -0.8
v 0.8 4.1 2.2
v 0.8 4.1 2.1
v 0.8 4.1 1
v 0.8 4.1 0.9
v 0.8 4.1 -0.2
v 0.8 4.1 -0.3
v 0.8 4.2 2.2
v 0.8 4.2 1
v 0.8 4.2 0.9
v 0.8 4.2 -0.2
v 0.8 4.2 -0.3
v 0.8 4.3 2.2
v 0.8 4.4 2.2
v 0.8 4.5 2.2
v 0.8 4.5 2.1
v 0.9 2.6 -0.5
v 0.9 2.6 -1
v 0.9 2.8 -0.5
v 0.9 2.8 -1
v 0.9 2.8 -1.1
v 0.9 2.8 -1.2
v 0.9 2.9 1.7
v 0.9 2.9 1.2
v 0.9 2.9 -1.2
v 0.9 2.9 -1.3
v 0.9 3 -1.1
v 0.9 3 -1.3
v 0.9 3.1 1.7
v 0.9 3.1 1.2
v 0.9 3.5 -0.7
v 0.9 3.5 -0.8
v 0.9 3.6 -0.7
v 0.9 3.6 -0.8
v 0.9 4.1 -0.7
v 0.9 4.1 -0.8
v 0.9 4.2 -0.7
v 0.9 4.2 -0.8
v 0.9 4.2 -1
v 0.9 4.2 -1.1
v 0.9 4.3 -1
v 0.9 4.3 -1.1
v 1 3.5 -0.5
v 1 3.5 -0.6
v 1 3.6 -0.5
v 1 3.6 -0.6
v 1 3.9 -0.7
v 1 3.9 -0.8
v 1 4 -0.7
v 1 4 -0.8
v 1 4.1 0.4
v 1 4.1 0.3
v 1 4.1 -0.1
v 1 4.1 -0.2
v 1 4.1 -0.5
v 1 4.1 -0.6
v 1 4.1 -0.9
v 1 4.1 -1
v 1 4.2 0.4
v 1 4.2 0.3
v 1 4.2 -0.1
v 1 4.2 -0.2
v 1 4.2 -0.9
v 1 4.2 -1
v 1.1 3.4 -0.4
v 1.1 3.4 -0.5
v 1.1 3.5 -0.4
v 1.1 3.5 -0.5
v 1.1 3.7 -0.6
v 1.1 3.7 -0.8
v 1.1 3.9 -0.7
v 1.1 3.9 -0.8
v 1.1 4 -0.1
v 1.1 4 -0.2
v 1.1 4 -0.7
v 1.1 4.1 0.9
v 1.1 4.1 0.8
v 1.1 4.1 0.7
v 1.1 4.1 0.5
v 1.1 4.1 0.4
v 1.1 4.1 0.0999999
v 1.1 4.1 -0.1
v 1.1 4.1 -0.2
v 1.1 4.1 -0.6
v 1.1 4.1 -0.7
v 1.1 4.1 -1
v 1.1 4.1 -1.4
v 1.1 4.1 -1.5
v 1.1 4.1 -1.6
v 1.1 4.2 0.9
v 1.1 4.2 0.8
v 1.1 4.2 0.7
v 1.1 4.2 0.5
v 1.1 4.2 0.4
v 1.1 4.2 0.0999999
v 1.1 4.2 -0.1
v 1.1 4.2 -1
v 1.1 4.2 -1.4
v 1.1 4.2 -1.5
v 1.1 4.2 -1.6
v 1.1 4.3 -1.4
v 1.1 4.3 -1.5
v 1.2 2.9 1.2
v 1.2 2.9 -1.1
v 1.2 3.1 1.2
v 1.2 3.1 -1.1
v 1.2 3.4 -0.3
v 1.2 3.4 -0.4
v 1.2 3.5 -0.3
v 1.2 3.5 -0.4
v 1.2 3.6 -0.7
v 1.2 3.6 -0.8
v 1.2 3.7 -0.7
v 1.2 3.7 -0.8
v 1.2 4 0.8
v 1.2 4 0.7
v 1.2 4 0.4
v 1.2 4 0.3
v 1.2 4 0.0999999
v 1.2 4 -0.1
v 1.2 4.1 0.8
v 1.2 4.1 0.7
v 1.2 4.1 0.4
v 1.2 4.1 0.3
v 1.2 4.1 0.0999999
v 1.2 4.1 -0.1
v 1.2 4.1 -0.8
v 1.2 4.1 -0.9
v 1.2 4.2 0.3
v 1.2 4.2 0.0999999
v 1.2 4.2 -0.8
v 1.2 4.2 -0.9
v 1.3 4 0.7
v 1.3 4 0.6
v 1.3 4 0.3
v 1.3 4 0.0999999
v 1.3 4.1 0.7
v 1.3 4.1 0.3
v 1.3 4.1 0.0999999
v 1.3 4.2 0.7
v 1.3 4.2 0.6
v 1.4 4.1 0.6
v 1.4 4.1 0.5
v 1.4 4.1 -0.2
v 1.4 4.1 -0.3
v 1.4 4.1 -1.4
v 1.4 4.1 -1.5
v 1.4 4.2 0.6
v 1.4 4.2 0.5
v 1.4 4.2 -0.2
v 1.4 4.2 -0.3
v 1.4 4.2 -1.4
v 1.4 4.2 -1.5
v 1.4 4.3 0.6
v 1.4 4.3 0.5
v 1.4 4.3 -0.2
v 1.4 4.3 -0.3
v 1.5 3.4 -0.4
v 1.5 3.4 -0.5
v 1.5 3.5 -0.4
v 1.5 3.5 -0.5
v 1.5 4 0.3
v 1.5 4 0.2
v 1.5 4.1 0.5
v 1.5 4.1 0.4
v 1.5 4.1 0.3
v 1.5 4.1 0.2
v 1.5 4.1 0
v 1.5 4.1 -0.1
v 1.5 4.1 -0.2
v 1.5 4.2 0.5
v 1.5 4.2 0.4
v 1.5 4.2 0
v 1.5 4.2 -0.2
v 1.6 4.1 -1.3
v 1.6 4.1 -1.4
v 1.6 4.2 -1.3
v 1.6 4.2 -1.4
v 1.7 4.1 -0.8
v 1.7 4.1 -1
v 1.7 4.1 -1.2
v 1.7 4.1 -1.3
v 1.7 4.2 -0.8
v 1.7 4.2 -1
v 1.7 4.2 -1.2
v 1.7 4.2 -1.3
v 1.8 4.1 -1
v 1.8 4.1 -1.2
v 1.8 4.2 -1
v 1.8 4.2 -1.2
v 1.9 3 2
v 1.9 3 1.8
v 1.9 3.1 2
v 1.9 3.1 1.8
v 2 1.1 2
v 2 1.1 1
v 2 1.1 -1
v 2 1.1 -2
v 2 1.9 2
v 2 1.9 1
v 2 1.9 -1
v 2 1.9 -2
v 2.2 1.9 2.2
v 2.2 1.9 -2.4
v 2.2 1.9 -2.5
v 2.2 2 2.2
v 2.2 2 -2.4
v 2.2 2 -2.5
v 2.5 2 2.4
v 2.5 2 2.3
v 2.5 2 2.2
v 2.5 2 -1.8
v 2.5 2 -1.9
v 2.5 2 -2.6
v 2.5 2.1 -1.9
v 2.5 2.1 -2.5
v 2.5 2.1 -2.6
v 2.5 2.2 2.4
v 2.5 2.2 2.3
v 2.5 2.2 2.2
v 2.5 2.2 2.1
v 2.5 2.2 -1.7
v 2.5 2.2 -1.8
v 2.5 2.2 -1.9
v 2.5 2.2 -2.5
v 2.5 2.2 -2.6
v 2.6 2.2 2.5
v 2.6 2.2 2.2
v 2.6 2.2 2.1
v 2.6 2.2 -1.7
v 2.6 2.2 -1.8
v 2.6 2.2 -2.7
v 2.6 2.4 2.5
v 2.6 2.4 2.2
v 2.6 2.4 2.1
v 2.6 2.4 -1.6
v 2.6 2.4 -1.7
v 2.6 2.4 -1.8
v 2.6 2.4 -2.4
v 2.6 2.4 -2.6
v 2.6 2.4 -2.7
v 2.7 2.4 2.6
v 2.7 2.4 2.2
v 2.7 2.4 2.1
v 2.7 2.4 -1.6
v 2.7 2.4 -1.7
v 2.7 2.4 -2.4
v 2.7 2.4 -2.6
v 2.7 2.4 -2.8
v 2.7 2.5 -1.5
v 2.7 2.5 -1.6
v 2.7 2.5 -1.7
v 2.7 2.6 2.6
v 2.7 2.6 2.2
v 2.7 2.6 2.1
v 2.7 2.6 2
v 2.7 2.6 -1.4
v 2.7 2.6 -1.5
v 2.7 2.6 -1.6
v 2.7 2.6 -2.4
v 2.7 2.6 -2.5
v 2.7 2.6 -2.6
v 2.7 2.6 -2.8
v 2.8 2.6 2.7
v 2.8 2.6 2.1
v 2.8 2.6 2
v 2.8 2.6 -1.4
v 2.8 2.6 -1.5
v 2.8 2.6 -2.5
v 2.8 2.6 -2.9
v 2.8 2.7 -1.2
v 2.8 2.7 -1.4
v 2.8 2.7 -1.5
v 2.8 2.8 2.7
v 2.8 2.8 2.1
v 2.8 2.8 2
v 2.8 2.8 -1.1
v 2.8 2.8 -1.2
v 2.8 2.8 -1.4
v 2.8 2.8 -2.5
v 2.8 2.8 -2.6
v 2.8 2.8 -2.9
v 2.9 2.8 2.8
v 2.9 2.8 2.1
v 2.9 2.8 2
v 2.9 2.8 -1.1
v 2.9 2.8 -1.2
v 2.9 2.8 -2.6
v 2.9 2.8 -2.9
v 2.9 2.8 -3
v 2.9 2.9 -0.9
v 2.9 2.9 -1.1
v 2.9 2.9 -1.2
v 2.9 3 2.8
v 2.9 3 2.1
v 2.9 3 2
v 2.9 3 1.9
v 2.9 3 -0.7
v 2.9 3 -0.9
v 2.9 3 -1.1
v 2.9 3 -2.6
v 2.9 3 -2.7
v 2.9 3 -2.9
v 2.9 3 -3
v 3 3 2.9
v 3 3 2
v 3 3 1.9
v 3 3 -0.7
v 3 3 -0.9
v 3 3 -2.7
v 3 3 -3
v 3 3 -3.1
v 3 3.1 -0.6
v 3 3.1 -0.7
v 3 3.1 -0.9
v 3 3.2 2.9
v 3 3.2 2
v 3 3.2 1.9
v 3 3.2 -0.4
v 3 3.2 -0.6
v 3 3.2 -0.7
v 3 3.2 -2.7
v 3 3.2 -2.8
v 3 3.2 -3
v 3 3.2 -3.1
v 3.1 3.2 3
v 3.1 3.2 2
v 3.1 3.2 1.9
v 3.1 3.2 -0.4
v 3.1 3.2 -0.6
v 3.1 3.2 -2.8
v 3.1 3.2 -3.1
v 3.1 3.2 -3.2
v 3.1 3.3 -0.2
v 3.1 3.3 -0.4
v 3.1 3.3 -0.6
v 3.1 3.4 3
v 3.1 3.4 2
v 3.1 3.4 1.9
v 3.1 3.4 1.8
v 3.1 3.4 0
v 3.1 3.4 -0.2
v 3.1 3.4 -0.4
v 3.1 3.4 -2.8
v 3.1 3.4 -3.1
v 3.1 3.4 -3.2
v 3.2 3.4 3.1
v 3.2 3.4 1.9
v 3.2 3.4 1.8
v 3.2 3.4 0
v 3.2 3.4 -0.2
v 3.2 3.4 -2.8
v 3.2 3.4 -3.2
v 3.2 3.4 -3.3
v 3.2 3.5 2.2
v 3.2 3.5 2.1
v 3.2 3.5 0.3
v 3.2 3.5 0
v 3.2 3.5 -0.2
v 3.2 3.6 3.1
v 3.2 3.6 2.2
v 3.2 3.6 2.1
v 3.2 3.6 1.9
v 3.2 3.6 1.8
v 3.2 3.6 1.7
v 3.2 3.6 0.5
v 3.2 3.6 0.3
v 3.2 3.6 0
v 3.2 3.6 -2.8
v 3.2 3.6 -3
v 3.2 3.6 -3.2
v 3.2 3.6 -3.3
v 3.2 4.6 3.7
v 3.2 4.6 3.6
v 3.2 4.6 -3.8
v 3.2 4.6 -3.9
v 3.2 4.7 3.6
v 3.2 4.7 -3.8
v 3.2 4.8 3.6
v 3.2 4.8 3.2
v 3.2 4.8 -3.2
v 3.2 4.8 -3.8
v 3.2 4.9 3.7
v 3.2 4.9 3.2
v 3.2 4.9 -3.2
v 3.2 4.9 -3.9
v 3.3 3.6 3.2
v 3.3 3.6 1.8
v 3.3 3.6 1.7
v 3.3 3.6 0.5
v 3.3 3.6 0.3
v 3.3 3.6 -3
v 3.3 3.6 -3.4
v 3.3 3.7 0.7
v 3.3 3.7 0.5
v 3.3 3.7 0.3
v 3.3 3.8 3.2
v 3.3 3.8 1.8
v 3.3 3.8 1.7
v 3.3 3.8 1.6
v 3.3 3.8 0.9
v 3.3 3.8 0.7
v 3.3 3.8 0.5
v 3.3 3.8 -3
v 3.3 3.8 -3.1
v 3.3 3.8 -3.4
v 3.4 3.8 3.3
v 3.4 3.8 1.8
v 3.4 3.8 1.6
v 3.4 3.8 0.9
v 3.4 3.8 0.7
v 3.4 3.8 -3.1
v 3.4 3.8 -3.4
v 3.4 3.8 -3.5
v 3.4 3.9 1.8
v 3.4 3.9 1.6
v 3.4 3.9 0.9
v 3.4 3.9 0.7
v 3.4 3.9 -3.1
v 3.4 3.9 -3.2
v 3.4 4 3.3
v 3.4 4 -3.2
v 3.4 4 -3.4
v 3.4 4 -3.5
v 3.5 4 3.4
v 3.5 4 -3.2
v 3.5 4 -3.5
v 3.5 4 -3.6
v 3.5 4.2 3.4
v 3.5 4.2 -3.2
v 3.5 4.2 -3.3
v 3.5 4.2 -3.5
v 3.5 4.2 -3.6
v 3.6 4.2 3.5
v 3.6 4.2 -3.3
v 3.6 4.2 -3.6
v 3.6 4.2 -3.7
v 3.6 4.4 3.5
v 3.6 4.4 -3.3
v 3.6 4.4 -3.6
v 3.6 4.4 -3.7
v 3.7 4.4 3.6
v 3.7 4.4 -3.6
v 3.7 4.4 -3.7
v 3.7 4.4 -3.8
v 3.7 4.5 3.3
v 3.7 4.5 3.2
v 3.7 4.6 3.6
v 3.7 4.6 3.3
v 3.7 4.6 3.2
v 3.7 4.6 0.8
v 3.7 4.6 0.4
v 3.7 4.6 -3.2
v 3.7 4.6 -3.6
v 3.7 4.6 -3.7
v 3.7 4.7 3.3
v 3.7 4.7 3.2
v 3.7 4.7 -3.2
v 3.7 4.7 -3.8
v 3.7 4.8 3.6
v 3.7 4.8 3.2
v 3.7 4.8 -3.2
v 3.7 4.8 -3.8
v 3.8 4.6 3.2
v 3.8 4.6 0.8
v 3.8 4.6 0.4
v 3.8 4.6 -3.2
v 3.8 4.7 0.8
v 3.8 4.7 0.4
v 3.8 4.8 0.8
v 3.8 4.8 0.4
v 3.8 4.8 -0.7
v 3.8 4.8 -1
v 3.8 4.9 3.2
v 3.8 4.9 0.8
v 3.8 4.9 0.4
v 3.8 4.9 -0.7
v 3.8 4.9 -1
v 3.8 4.9 -3.2
v -3.2 4.6 3.7
v -3.2 4.9 3.7
v 3.2 4.6 3.7
v 3.2 4.9 3.7
v -3.7 4.4 3.6
v -3.7 4.8 3.6
v -3.2 4.6 3.6
v -3.2 4.8 3.6
v 3.2 4.4 3.6
v 3.2 4.5 3.6
v 3.2 4.6 3.6
v 3.2 4.7 3.6
v 3.2 4.8 3.6
v 3.3 4.4 3.6
v 3.3 4.5 3.6
v 3.3 4.6 3.6
v 3.3 4.7 3.6
v 3.3 4.8 3.6
v 3.5 4.5 3.6
v 3.5 4.6 3.6
v 3.5 4.7 3.6
v 3.7 4.4 3.6
v 3.7 4.6 3.6
v 3.7 4.8 3.6
v -3.6 4.2 3.5
v -3.6 4.4 3.5
v 3.2 4.4 3.5
v 3.3 4.4 3.5
v 3.6 4.2 3.5
v 3.6 4.4 3.5
v -3.5 4 3.4
v -3.5 4.2 3.4
v 3.5 4 3.4
v 3.5 4.2 3.4
v -3.4 3.8 3.3
v -3.4 4 3.3
v 3.4 3.8 3.3
v 3.4 4 3.3
v -3.8 4.6 3.2
v -3.8 4.9 3.2
v -3.7 4.6 3.2
v -3.7 4.8 3.2
v -3.3 3.6 3.2
v -3.3 3.8 3.2
v -3.2 4.8 3.2
v -3.2 4.9 3.2
v 1.5 3.6 3.2
v 1.5 3.7 3.2
v 2 3.6 3.2
v 2 3.7 3.2
v 3.2 4.8 3.2
v 3.2 4.9 3.2
v 3.3 3.6 3.2
v 3.3 3.8 3.2
v 3.6 4.8 3.2
v 3.7 4.6 3.2
v 3.7 4.7 3.2
v 3.7 4.8 3.2
v 3.8 4.6 3.2
v 3.8 4.9 3.2
v -3.2 3.4 3.1
v -3.2 3.6 3.1
v 1.3 3.4 3.1
v 1.3 3.5 3.1
v 1.5 3.4 3.1
v 1.5 3.5 3.1
v 1.5 3.6 3.1
v 2 3.6 3.1
v 3.2 3.4 3.1
v 3.2 3.6 3.1
v -3.1 3.2 3
v -3.1 3.4 3
v 1.3 3.4 3
v 1.5 3.4 3
v 3.1 3.2 3
v 3.1 3.4 3
v -3 3 2.9
v -3 3.2 2.9
v 3 3 2.9
v 3 3.2 2.9
v -2.9 2.8 2.8
v -2.9 3 2.8
v 2.9 2.8 2.8
v 2.9 3 2.8
v -2.8 2.6 2.7
v -2.8 2.8 2.7
v 2.8 2.6 2.7
v 2.8 2.8 2.7
v -2.7 2.4 2.6
v -2.7 2.6 2.6
v -2.6 2.4 2.6
v -2.6 2.6 2.6
v 2.6 2.4 2.6
v 2.6 2.6 2.6
v 2.7 2.4 2.6
v 2.7 2.6 2.6
v -2.6 2.2 2.5
v -2.6 2.4 2.5
v -2.5 2.2 2.5
v -2.5 2.4 2.5
v 2.6 2.2 2.5
v 2.6 2.4 2.5
v -2.5 2 2.4
v -2.5 2.2 2.4
v -2.4 2 2.4
v -2.4 2.1 2.4
v -2.4 2.2 2.4
v 2.4 2 2.4
v 2.4 2.1 2.4
v 2.4 2.2 2.4
v 2.5 2 2.4
v 2.5 2.2 2.4
v -2.2 1.9 2.2
v -2.2 2 2.2
v 2.2 1.9 2.2
v 2.2 2 2.2
v -2 1.1 2
v -2 1.9 2
v -1 1.1 2
v -1 1.9 2
v 1 1.1 2
v 1 1.9 2
v 2 1.1 2
v 2 1.9 2
v -1.6 4.1 1.8
v -1.6 4.3 1.8
v -1.1 4.1 1.8
v -1.1 4.3 1.8
v -1.8 4.1 1.7
v -1.8 4.3 1.7
v -1.6 4.1 1.7
v -1.6 4.3 1.7
v 0.6 2.9 1.7
v 0.6 3.1 1.7
v 0.9 2.9 1.7
v 0.9 3.1 1.7
v -1.9 4.1 1.6
v -1.9 4.3 1.6
v -1.8 4.1 1.6
v -1.8 4.3 1.6
v -1.1 4 1.6
v -1.1 4.1 1.6
v -1 4.1 1.6
v -1 4.2 1.6
v -0.9 4 1.6
v -0.9 4.1 1.6
v -0.9 4.2 1.6
v -2 4.1 1.5
v -2 4.3 1.5
v -1.9 4.1 1.5
v -1.9 4.3 1.5
v -0.7 4.1 1.5
v -0.7 4.2 1.5
v -0.6 4.1 1.5
v -0.5 4 1.5
v -0.5 4.1 1.5
v -0.5 4.2 1.5
v -0.4 4 1.5
v -0.4 4.1 1.5
v -1.1 4.1 1.4
v -1.1 4.3 1.4
v -1 4.1 1.4
v -1 4.2 1.4
v -0.9 4.1 1.4
v -0.9 4.2 1.4
v -0.7 4.1 1.4
v -0.7 4.2 1.4
v -0.7 4.3 1.4
v -0.6 4.2 1.4
v -0.6 4.3 1.4
v -0.5 4.1 1.4
v -0.5 4.2 1.4
v -0.4 4.2 1.4
v -0.4 4.3 1.4
v -0.2 4.1 1.4
v -0.2 4.2 1.4
v -0.1 4.1 1.4
v -0.1 4.2 1.4
v 0 4.1 1.4
v 0 4.2 1.4
v -2.1 4.1 1.3
v -2.1 4.3 1.3
v -2 4.1 1.3
v -2 4.3 1.3
v -0.8 4.1 1.2
v -0.8 4.2 1.2
v -0.7 4.1 1.2
v -0.7 4.2 1.2
v 0.0999999 4.1 1.2
v 0.0999999 4.2 1.2
v 0.2 4.1 1.2
v 0.2 4.2 1.2
v 0.2 4.3 1.2
v 0.3 4.1 1.2
v 0.3 4.2 1.2
v 0.3 4.3 1.2
v 0.4 4.1 1.2
v 0.4 4.2 1.2
v 0.9 2.9 1.2
v 0.9 3.1 1.2
v 1.2 2.9 1.2
v 1.2 3.1 1.2
v -2.2 4.1 1.1
v -2.2 4.3 1.1
v -2.1 4.1 1.1
v -2.1 4.3 1.1
v -0.9 4.1 1.1
v -0.9 4.2 1.1
v -0.8 4.1 1.1
v -0.8 4.2 1.1
v 0.4 4.1 1.1
v 0.4 4.2 1.1
v 0.5 4.1 1.1
v 0.5 4.2 1.1
v -1 4.1 1
v -1 4.2 1
v -0.9 4.1 1
v -0.9 4.2 1
v -0.8 4.1 1
v -0.8 4.2 1
v -0.7 4.1 1
v -0.7 4.2 1
v -0.4 4 1
v -0.4 4.1 1
v -0.3 2.8 1
v -0.3 2.9 1
v -0.3 4 1
v -0.3 4.1 1
v 0.0999999 2.8 1
v 0.3 2.8 1
v 0.5 4.1 1
v 0.5 4.2 1
v 0.6 4.1 1
v 0.8 2.8 1
v 0.8 2.9 1
v 0.8 4.1 1
v 0.8 4.2 1
v -0.9 4.1 0.9
v -0.9 4.2 0.9
v -0.8 4.1 0.9
v -0.8 4.2 0.9
v -0.7 4.1 0.9
v -0.7 4.2 0.9
v -0.6 4.1 0.9
v -0.6 4.2 0.9
v 0 4.1 0.9
v 0 4.2 0.9
v 0.0999999 4.1 0.9
v 0.0999999 4.2 0.9
v 1 4.1 0.9
v 1 4.2 0.9
v 1.1 4.1 0.9
v 1.1 4.2 0.9
v -0.5 4 0.8
v -0.5 4.1 0.8
v -0.4 4 0.8
v -0.4 4.1 0.8
v 0.7 4.1 0.8
v 0.7 4.2 0.8
v 1 4.1 0.8
v 1 4.2 0.8
v -1.4 4 0.7
v -1.4 4.3 0.7
v -1.3 4 0.7
v -1.3 4.3 0.7
v -1.2 4 0.7
v -1.2 4.3 0.7
v -1.1 4 0.7
v -1.1 4.1 0.7
v -1.1 4.2 0.7
v -1.1 4.3 0.7
v -1 4.1 0.7
v -1 4.2 0.7
v 0.6 4.1 0.7
v 0.6 4.2 0.7
v 0.7 4.1 0.7
v 0.7 4.2 0.7
v 1.1 4.1 0.7
v 1.1 4.2 0.7
v 1.2 4 0.7
v 1.2 4.1 0.7
v 1.3 4 0.7
v 1.3 4.1 0.7
v 1.3 4.2 0.7
v 0 4.1 0.6
v 0 4.2 0.6
v 0.0999999 4.1 0.6
v 0.0999999 4.2 0.6
v 1.3 4 0.6
v 1.3 4.2 0.6
v 1.3 4.3 0.6
v 1.4 4 0.6
v 1.4 4.1 0.6
v 1.4 4.2 0.6
v 1.4 4.3 0.6
v -1.6 4 0.5
v -1.6 4.3 0.5
v -1.5 4 0.5
v -1.5 4.3 0.5
v -1.3 4 0.5
v -1.3 4.3 0.5
v -1.2 4 0.5
v -1.2 4.3 0.5
v 0.2 4.1 0.5
v 0.2 4.2 0.5
v 0.4 4.1 0.5
v 0.6 4.1 0.5
v 0.6 4.2 0.5
v 1.4 4.1 0.5
v 1.4 4.2 0.5
v 1.5 4.1 0.5
v 1.5 4.2 0.5
v -1.7 4 0.4
v -1.7 4.3 0.4
v -1.6 4 0.4
v -1.6 4.3 0.4
v -1.5 4 0.4
v -1.5 4.3 0.4
v -1.4 4.2 0.4
v -1.4 4.3 0.4
v -1.3 4 0.4
v -1.3 4.2 0.4
v -1.3 4.3 0.4
v -1.1 4.1 0.4
v -1.1 4.2 0.4
v -1.1 4.3 0.4
v -1 4.1 0.4
v -1 4.2 0.4
v -1 4.3 0.4
v -0.9 4.1 0.4
v -0.7 4.1 0.4
v -0.7 4.2 0.4
v 0.0999999 4.1 0.4
v 0.0999999 4.2 0.4
v 0.2 4.1 0.4
v 0.2 4.2 0.4
v -1.2 2.8 0.3
v -1.2 2.9 0.3
v -1 2.6 0.3
v -1 2.8 0.3
v -0.7 4.1 0.3
v -0.7 4.2 0.3
v -0.4 4.1 0.3
v -0.4 4.2 0.3
v -0.3 2.6 0.3
v -0.3 2.9 0.3
v -0.1 4 0.3
v -0.1 4.1 0.3
v -0.1 4.2 0.3
v 0 4 0.3
v 0 4.1 0.3
v 0 4.2 0.3
v 1 4.1 0.3
v 1 4.2 0.3
v 1.2 4 0.3
v 1.2 4.1 0.3
v 1.2 4.2 0.3
v 1.3 4 0.3
v 1.3 4.1 0.3
v -1 4 0.2
v -1 4.1 0.2
v -0.9 4 0.2
v -0.9 4.1 0.2
v 1.5 4 0.2
v 1.5 4.1 0.2
v 1.6 4 0.2
v 1.6 4.1 0.2
v -1.2 4.1 0.0999999
v -1.2 4.2 0.0999999
v -1.1 4.1 0.0999999
v -1.1 4.2 0.0999999
v -1 4.1 0.0999999
v -1 4.2 0.0999999
v -0.8 4 0.0999999
v -0.8 4.1 0.0999999
v -0.7 4 0.0999999
v -0.7 4.1 0.0999999
v -1.4 4 0
v -1.4 4.1 0
v -1.3 4 0
v -1.3 4.1 0
v -0.8 4.1 0
v -0.8 4.2 0
v -0.6 4.1 0
v -0.6 4.2 0
v 0.6 3 0
v 0.6 3.1 0
v 0.8 3 0
v 0.8 3.1 0
v 1.4 4.1 0
v 1.4 4.2 0
v 1.5 4.1 0
v 1.5 4.2 0
v -2.2 4 -0.1
v -2.2 4.3 -0.1
v -2.1 4 -0.1
v -2.1 4.3 -0.1
v -0.9 4 -0.1
v -0.9 4.1 -0.1
v -0.8 4 -0.1
v -0.8 4.1 -0.1
v -0.1 4 -0.1
v -0.1 4.1 -0.1
v 0 4 -0.1
v 0 4.1 -0.1
v 1.2 4 -0.1
v 1.2 4.1 -0.1
v 1.3 4 -0.1
v 1.3 4.1 -0.1
v 1.4 4 -0.1
v 1.4 4.1 -0.1
v 1.1 4 -0.2
v 1.1 4.1 -0.2
v 1.2 4 -0.2
v 1.2 4.1 -0.2
v 1.2 4.2 -0.2
v 1.3 4.1 -0.2
v 1.3 4.2 -0.2
v 1.3 4.3 -0.2
v 1.4 4.1 -0.2
v 1.4 4.2 -0.2
v 1.4 4.3 -0.2
v -1.5 4 -0.3
v -1.5 4.1 -0.3
v -1.4 4 -0.3
v -1.4 4.1 -0.3
v -0.5 4.1 -0.3
v -0.5 4.2 -0.3
v -0.4 4 -0.3
v -0.4 4.1 -0.3
v -0.3 4 -0.3
v -0.3 4.1 -0.3
v -0.3 4.2 -0.3
v -0.2 4 -0.3
v -0.2 4.1 -0.3
v -0.2 4.1 -0.4
v -0.2 4.2 -0.4
v -0.1 4.1 -0.4
v -0.1 4.2 -0.4
v 0.3 3.5 -0.4
v 0.3 3.6 -0.4
v 0.3 4.1 -0.4
v 0.7 3.5 -0.4
v 0.8 3.4 -0.4
v 0.8 3.5 -0.4
v 1 3.4 -0.4
v 1 3.6 -0.4
v 1 4.1 -0.4
v 1.2 3.4 -0.4
v 1.2 3.5 -0.4
v 1.5 3.4 -0.4
v 1.5 3.5 -0.4
v -0.9 4 -0.5
v -0.9 4.1 -0.5
v -0.8 4 -0.5
v -0.8 4.1 -0.5
v 0.3 3.4 -0.5
v 0.3 3.5 -0.5
v 0.7 3.4 -0.5
v 0.7 3.5 -0.5
v 0.8 2.6 -0.5
v 0.8 2.8 -0.5
v 0.9 2.6 -0.5
v 0.9 2.8 -0.5
v 1.1 3.4 -0.5
v 1.1 3.5 -0.5
v 1.2 3.4 -0.5
v 1.2 3.5 -0.5
v 1.5 3.4 -0.5
v 1.5 3.5 -0.5
v 1.6 3.4 -0.5
v 1.6 3.5 -0.5
v -1.6 4.1 -0.6
v -1.6 4.3 -0.6
v -1.5 4.1 -0.6
v -1.5 4.3 -0.6
v 1 3.5 -0.6
v 1 3.6 -0.6
v 1 4.1 -0.6
v 1.1 3.7 -0.6
v 1.1 4.1 -0.6
v 1.2 3.5 -0.6
v 1.2 3.6 -0.6
v 1.2 3.7 -0.6
v -2.2 4.3 -0.7
v -2.2 4.4 -0.7
v -2.2 4.5 -0.7
v -2.1 4.3 -0.7
v -2.1 4.5 -0.7
v 0.8 4.1 -0.7
v 0.8 4.2 -0.7
v 0.9 4.1 -0.7
v 0.9 4.2 -0.7
v 1.1 4 -0.7
v 1.1 4.1 -0.7
v 1.2 4 -0.7
v 1.2 4.1 -0.7
v -1.2 2.8 -0.8
v -1.2 2.9 -0.8
v -1 2.6 -0.8
v -1 2.8 -0.8
v -0.9 4.1 -0.8
v -0.9 4.2 -0.8
v -0.8 3.5 -0.8
v -0.8 3.6 -0.8
v -0.8 3.7 -0.8
v -0.8 4.1 -0.8
v -0.8 4.2 -0.8
v -0.7 2.9 -0.8
v -0.7 3 -0.8
v -0.7 3.5 -0.8
v -0.7 3.6 -0.8
v -0.7 3.7 -0.8
v 0 4.1 -0.8
v 0 4.2 -0.8
v 0.0999999 2.6 -0.8
v 0.0999999 3 -0.8
v 0.0999999 4.1 -0.8
v 0.0999999 4.2 -0.8
v 0.6 4.1 -0.8
v 0.6 4.2 -0.8
v 0.7 4.1 -0.8
v 0.7 4.2 -0.8
v 0.8 3.6 -0.8
v 0.8 4 -0.8
v 0.8 4.1 -0.8
v 0.8 4.2 -0.8
v 0.9 3.5 -0.8
v 0.9 3.6 -0.8
v 0.9 3.8 -0.8
v 0.9 4 -0.8
v 0.9 4.1 -0.8
v 0.9 4.2 -0.8
v 1 3.6 -0.8
v 1 3.8 -0.8
v 1 3.9 -0.8
v 1 4 -0.8
v 1 4.1 -0.8
v 1 4.2 -0.8
v 1.1 3.5 -0.8
v 1.1 3.6 -0.8
v 1.1 3.7 -0.8
v 1.1 3.9 -0.8
v 1.1 4 -0.8
v 1.1 4.1 -0.8
v 1.2 3.6 -0.8
v 1.2 3.7 -0.8
v 1.2 4 -0.8
v 1.2 4.1 -0.8
v 1.2 4.2 -0.8
v 1.4 3.6 -0.8
v 1.4 3.7 -0.8
v 1.6 4.1 -0.8
v 1.6 4.2 -0.8
v 1.7 4.1 -0.8
v 1.7 4.2 -0.8
v -1.6 4.1 -0.9
v -1.6 4.3 -0.9
v -1.4 4.1 -0.9
v -1.4 4.3 -0.9
v -1 4 -0.9
v -1 4.1 -0.9
v -0.9 4 -0.9
v -0.9 4.1 -0.9
v -0.7 4.1 -0.9
v -0.7 4.2 -0.9
v -0.6 4.1 -0.9
v -0.6 4.2 -0.9
v -0.5 4.1 -0.9
v -0.5 4.2 -0.9
v -0.5 4.3 -0.9
v -0.4 4.1 -0.9
v -0.4 4.2 -0.9
v -0.3 4.1 -0.9
v -0.1 4.1 -0.9
v -0.1 4.2 -0.9
v 0 4.1 -0.9
v 0 4.2 -0.9
v 0 4.3 -0.9
v 0.0999999 4.1 -0.9
v 0.0999999 4.2 -0.9
v 0.2 4.1 -0.9
v 0.2 4.2 -0.9
v 0.3 3.4 -0.9
v 0.3 3.5 -0.9
v 0.3 3.8 -0.9
v 0.3 4 -0.9
v 0.3 4.1 -0.9
v 0.4 3.4 -0.9
v 0.4 3.5 -0.9
v 0.4 3.6 -0.9
v 0.4 3.8 -0.9
v 0.4 4.1 -0.9
v 0.4 4.2 -0.9
v 0.5 3.5 -0.9
v 0.5 3.6 -0.9
v 0.5 4 -0.9
v 0.5 4.1 -0.9
v 0.6 3.9 -0.9
v 0.6 4 -0.9
v 0.6 4.2 -0.9
v 0.6 4.3 -0.9
v 0.7 3.5 -0.9
v 0.7 3.6 -0.9
v 0.7 3.9 -0.9
v 0.7 4.2 -0.9
v 0.7 4.3 -0.9
v -2.1 1.1 -1
v -2.1 1.9 -1
v -1.4 4 -1
v -1.4 4.3 -1
v -1.3 4 -1
v -1.3 4.1 -1
v -1.2 4 -1
v -1.2 4.1 -1
v -1.1 4 -1
v -1.1 4.2 -1
v -1.1 4.3 -1
v -1 1.1 -1
v -1 1.9 -1
v -1 2 -1
v -1 2.6 -1
v -1 2.8 -1
v -1 4 -1
v -1 4.1 -1
v -1 4.2 -1
v -0.7 2.9 -1
v -0.7 3 -1
v -0.7 4.2 -1
v -0.7 4.3 -1
v -0.6 4.2 -1
v -0.6 4.3 -1
v -0.6 4.4 -1
v -0.5 4.2 -1
v -0.5 4.3 -1
v -0.5 4.4 -1
v -0.1 4 -1
v -0.1 4.1 -1
v 0 4 -1
v 0 4.1 -1
v 0 4.2 -1
v 0 4.3 -1
v 0.0999999 2.6 -1
v 0.0999999 2.8 -1
v 0.0999999 2.9 -1
v 0.0999999 3 -1
v 0.0999999 4.2 -1
v 0.2 4.2 -1
v 0.3 3.5 -1
v 0.3 3.6 -1
v 0.3 3.8 -1
v 0.3 4.2 -1
v 0.3 4.3 -1
v 0.4 3.6 -1
v 0.4 3.8 -1
v 0.4 4.2 -1
v 0.5 3.5 -1
v 0.5 3.6 -1
v 0.5 4.2 -1
v 0.5 4.3 -1
v 0.6 3.4 -1
v 0.6 3.5 -1
v 0.6 4.2 -1
v 0.6 4.3 -1
v 0.6 4.4 -1
v 0.7 3.4 -1
v 0.7 3.5 -1
v 0.7 4.2 -1
v 0.7 4.3 -1
v 0.7 4.4 -1
v 0.8 4.2 -1
v 0.9 2.6 -1
v 0.9 2.8 -1
v 0.9 4.2 -1
v 0.9 4.3 -1
v 1 1.1 -1
v 1 1.9 -1
v 1 2 -1
v 1 2.6 -1
v 1 2.8 -1
v 1 4.1 -1
v 1 4.2 -1
v 1.1 4.1 -1
v 1.1 4.2 -1
v 1.7 4.1 -1
v 1.7 4.2 -1
v 1.8 4.1 -1
v 1.8 4.2 -1
v 2 1.1 -1
v 2 1.9 -1
v -0.9 4 -1.1
v -0.9 4.1 -1.1
v -0.8 4 -1.1
v -0.8 4.1 -1.1
v -0.8 4.2 -1.1
v -0.7 4.1 -1.1
v -0.7 4.2 -1.1
v -0.7 4.3 -1.1
v -0.7 4.4 -1.1
v -0.6 4.3 -1.1
v -0.6 4.4 -1.1
v 0.3 4.3 -1.1
v 0.3 4.4 -1.1
v 0.4 4.3 -1.1
v 0.4 4.4 -1.1
v -2.2 4.3 -1.2
v -2.2 4.4 -1.2
v -2.1 4.3 -1.2
v -2.1 4.4 -1.2
v -1.2 2.8 -1.2
v -1.2 2.9 -1.2
v -0.7 2.9 -1.2
v -0.1 2.8 -1.2
v -0.1 2.9 -1.2
v 0 2.8 -1.2
v 0 2.9 -1.2
v 0 4.3 -1.2
v 0 4.4 -1.2
v 0.0999999 2.8 -1.2
v 0.0999999 2.9 -1.2
v 0.0999999 4.2 -1.2
v 0.0999999 4.3 -1.2
v 0.0999999 4.4 -1.2
v 0.2 4.2 -1.2
v 0.2 4.3 -1.2
v 0.9 2.8 -1.2
v 0.9 2.9 -1.2
v 1.2 2.8 -1.2
v 1.2 2.9 -1.2
v 1.5 4.1 -1.2
v 1.5 4.2 -1.2
v 1.6 4.1 -1.2
v 1.6 4.2 -1.2
v -1.5 4.2 -1.3
v -1.5 4.3 -1.3
v -1.4 4.2 -1.3
v -1.4 4.3 -1.3
v -0.8 4 -1.3
v -0.8 4.1 -1.3
v -0.7 4 -1.3
v -0.7 4.1 -1.3
v 0.0999999 4.3 -1.3
v 0.0999999 4.4 -1.3
v 0.2 4.3 -1.3
v 0.2 4.4 -1.3
v 0.3 4.2 -1.3
v 0.3 4.3 -1.3
v 0.4 4.2 -1.3
v 0.4 4.3 -1.3
v 0.5 4.3 -1.3
v 0.5 4.4 -1.3
v 0.6 4.3 -1.3
v 0.6 4.4 -1.3
v 1.3 4.1 -1.3
v 1.3 4.2 -1.3
v 1.5 4.1 -1.3
v 1.5 4.2 -1.3
v -1.6 4.2 -1.4
v -1.6 4.3 -1.4
v -1.5 4.2 -1.4
v -1.5 4.3 -1.4
v -0.9 4 -1.4
v -0.9 4.1 -1.4
v -0.8 4 -1.4
v -0.8 4.1 -1.4
v -0.2 4.2 -1.4
v -0.2 4.3 -1.4
v -0.1 4.2 -1.4
v -0.1 4.3 -1.4
v 0.6 4.2 -1.4
v 0.6 4.3 -1.4
v 1.1 4.1 -1.4
v 1.1 4.2 -1.4
v 1.1 4.3 -1.4
v 1.3 4.1 -1.4
v 1.3 4.2 -1.4
v -1 4 -1.5
v -1 4.1 -1.5
v -0.9 4 -1.5
v -0.9 4.1 -1.5
v -0.4 4.2 -1.5
v -0.4 4.3 -1.5
v -0.2 4.2 -1.5
v -0.2 4.3 -1.5
v -0.1 4.2 -1.5
v -0.1 4.3 -1.5
v 0 4.2 -1.5
v 0 4.3 -1.5
v -1.4 4 -1.6
v -1.4 4.1 -1.6
v -1.1 4 -1.6
v -1.1 4.1 -1.6
v -1 4 -1.6
v -1 4.1 -1.6
v -0.1 4 -1.7
v -0.1 4.1 -1.7
v 0 4 -1.7
v 0 4.1 -1.7
v -0.3 4 -1.8
v -0.3 4.1 -1.8
v -0.1 4 -1.8
v -0.1 4.1 -1.8
v -0.7 2.9 -1.9
v -0.7 3 -1.9
v -0.6 4 -1.9
v -0.6 4.1 -1.9
v -0.3 2.9 -1.9
v -0.3 3 -1.9
v -0.3 4 -1.9
v -0.3 4.1 -1.9
v -0.2 2.9 -1.9
v -0.2 3 -1.9
v 0.8 3 -1.9
v 1.2 3 -1.9
v 1.2 3.1 -1.9
v 1.9 2.9 -1.9
v 1.9 3 -1.9
v 2 3 -1.9
v 2 3.1 -1.9
v -2 3 -2
v -2 3.1 -2
v -1.8 3 -2
v -1.8 3.1 -2
v -1.2 3 -2
v -1.2 3.1 -2
v -0.9 3 -2
v -0.9 3.1 -2
v 0.8 3 -2
v 0.8 3.1 -2
v 1.2 3 -2
v 1.2 3.1 -2
v -2.2 4.1 -2.1
v -2.2 4.2 -2.1
v -1.6 4.1 -2.1
v -1.6 4.2 -2.1
v -2.2 4.2 -2.2
v -2.2 4.4 -2.2
v -2.2 4.5 -2.2
v -1.7 4 -2.2
v -1.7 4.1 -2.2
v -1.6 4 -2.2
v -1.6 4.1 -2.2
v -1.6 4.2 -2.2
v -0.3 4.1 -2.2
v -0.3 4.2 -2.2
v -0.2 4.1 -2.2
v -0.2 4.2 -2.2
v -0.2 4.3 -2.2
v -0.1 4.2 -2.2
v -0.1 4.3 -2.2
v -0.1 4.4 -2.2
v 0 4.3 -2.2
v 0 4.4 -2.2
v 0 4.5 -2.2
v 0.4 4.1 -2.2
v 0.4 4.3 -2.2
v 0.5 4.1 -2.2
v 0.5 4.3 -2.2
v 0.5 4.4 -2.2
v 0.6 4.3 -2.2
v 0.6 4.4 -2.2
v 0.7 4.4 -2.2
v 0.7 4.5 -2.2
v 2.2 4.1 -2.2
v 2.2 4.4 -2.2
v 2.2 4.5 -2.2
v -2.4 4.5 -2.4
v -2.4 4.6 -2.4
v 2.4 4.5 -2.4
v 2.4 4.6 -2.4
v -2.6 4.6 -2.6
v -2.6 4.7 -2.6
v 2.3 4.6 -2.6
v 2.4 4.6 -2.6
v 2.6 4.6 -2.6
v 2.6 4.7 -2.6
v -2.8 4.7 -2.8
v -2.8 4.8 -2.8
v 2.8 4.7 -2.8
v 2.8 4.8 -2.8
v -3 4.8 -3
v -3 4.9 -3
v 3 4.8 -3
v 3 4.9 -3
v -3 4.8 3
v -3 4.9 3
v 3 4.8 3
v 3 4.9 3
v -2.8 4.7 2.8
v -2.8 4.8 2.8
v 2.8 4.7 2.8
v 2.8 4.8 2.8
v -2.6 4.6 2.6
v -2.6 4.7 2.6
v 2.6 4.6 2.6
v 2.6 4.7 2.6
v -2.4 4.5 2.4
v -2.4 4.6 2.4
v -0.1 4.5 2.4
v -0.1 4.6 2.4
v 0.0999999 4.5 2.4
v 0.0999999 4.6 2.4
v 1.1 4.5 2.4
v 1.1 4.6 2.4
v 1.2 4.5 2.4
v 1.2 4.6 2.4
v 1.5 4.5 2.4
v 2.4 4.5 2.4
v 2.4 4.6 2.4
v -2.2 4.1 2.2
v -2.2 4.2 2.2
v -2.2 4.4 2.2
v -2.2 4.5 2.2
v -1.1 4.1 2.2
v -1.1 4.2 2.2
v -0.5 4.4 2.2
v -0.5 4.5 2.2
v -0.3 4.4 2.2
v -0.3 4.5 2.2
v 0.3 4.1 2.2
v 0.7 4.1 2.2
v 0.7 4.4 2.2
v 0.7 4.5 2.2
v 0.8 4.1 2.2
v 0.8 4.2 2.2
v 0.8 4.3 2.2
v 0.8 4.4 2.2
v 0.8 4.5 2.2
v 0.9 4.2 2.2
v 0.9 4.3 2.2
v 0.9 4.4 2.2
v 0.9 4.5 2.2
v 1 4.3 2.2
v 1 4.4 2.2
v 1 4.5 2.2
v 1.1 4.4 2.2
v 1.1 4.5 2.2
v 1.3 4.1 2.2
v 1.3 4.2 2.2
v 1.4 4.1 2.2
v 1.4 4.2 2.2
v 1.4 4.4 2.2
v 1.5 4.2 2.2
v 1.5 4.4 2.2
v 1.5 4.5 2.2
v 1.6 4.4 2.2
v 1.6 4.5 2.2
v 1.8 4.1 2.2
v 2.2 4.1 2.2
v 2.2 4.4 2.2
v 2.2 4.5 2.2
v 0.7 4.1 2.1
v 0.7 4.5 2.1
v 0.8 4.1 2.1
v 0.8 4.5 2.1
v -2 3 2
v -2 3.1 2
v -1.9 3 2
v -1.9 3.1 2
v 1.9 3 2
v 1.9 3.1 2
v 2 3 2
v 2 3.1 2
v 0.6 2.9 1.8
v 0.6 3.1 1.8
v 1.9 2.9 1.8
v 1.9 3 1.8
v 1.9 3.1 1.8
v -1.1 4 1.7
v -1.1 4.1 1.7
v -0.9 4 1.7
v -0.9 4.1 1.7
v -0.5 4 1.6
v -0.5 4.1 1.6
v -0.4 4 1.6
v -0.4 4.1 1.6
v -0.8 4.1 1.3
v -0.8 4.3 1.3
v -0.7 4.1 1.3
v -0.7 4.2 1.3
v -0.7 4.3 1.3
v -0.6 4.2 1.3
v -0.6 4.3 1.3
v -0.5 4.2 1.3
v -0.4 4.2 1.3
v -0.4 4.3 1.3
v -0.3 4.1 1.3
v -0.3 4.2 1.3
v -0.2 4.1 1.3
v -0.2 4.2 1.3
v -1.2 2.8 1.2
v -1.2 2.9 1.2
v -1 2.8 1.2
v -1 2.9 1.2
v -0.9 2.8 1.2
v -0.9 2.9 1.2
v -0.9 4.1 1.2
v -0.9 4.3 1.2
v -0.8 4.1 1.2
v -0.8 4.2 1.2
v -0.8 4.3 1.2
v -0.7 4.1 1.2
v -0.7 4.2 1.2
v -0.6 4.1 1.2
v -0.5 4.1 1.2
v -0.5 4.2 1.2
v -0.4 4.1 1.2
v -0.4 4.2 1.2
v -0.3 4.1 1.2
v -0.3 4.2 1.2
v -0.2 4.1 1.2
v -0.2 4.2 1.2
v -0.1 4.1 1.2
v -0.1 4.2 1.2
v 0 4.1 1.2
v 0 4.2 1.2
v 0.2 2.8 1.2
v 0.2 2.9 1.2
v 0.3 2.8 1.2
v 0.4 2.8 1.2
v 0.4 2.9 1.2
v 0.8 2.8 1.2
v 0.8 2.9 1.2
v -1 4.1 1.1
v -1 4.3 1.1
v -0.9 4.1 1.1
v -0.9 4.2 1.1
v -0.9 4.3 1.1
v -0.8 4.1 1.1
v -0.8 4.2 1.1
v -0.7 4.1 1.1
v -0.7 4.2 1.1
v -0.5 4.1 1.1
v -0.5 4.2 1.1
v -0.4 4 1.1
v -0.4 4.1 1.1
v -0.4 4.2 1.1
v -0.3 4 1.1
v -0.3 4.1 1.1
v -2 1.1 1
v -2 1.9 1
v -1.1 4.1 1
v -1.1 4.3 1
v -1 1.1 1
v -1 1.9 1
v -1 2 1
v -1 2.6 1
v -1 2.7 1
v -1 2.8 1
v -1 4.1 1
v -1 4.2 1
v -1 4.3 1
v -0.9 4.1 1
v -0.9 4.2 1
v -0.8 4.1 1
v -0.8 4.2 1
v -0.3 2.6 1
v -0.3 2.8 1
v 0.2 4.1 1
v 0.2 4.2 1
v 0.2 4.3 1
v 0.3 4.1 1
v 0.3 4.2 1
v 0.3 4.3 1
v 0.4 4.1 1
v 0.4 4.2 1
v 0.8 2.6 1
v 0.8 2.8 1
v 0.9 2.6 1
v 1 1.1 1
v 1 1.9 1
v 1 2 1
v 1 2.6 1
v 1 2.8 1
v 2 1.1 1
v 2 1.9 1
v -0.5 4 0.9
v -0.5 4.1 0.9
v -0.4 4 0.9
v -0.4 4.1 0.9
v 0.0999999 4.1 0.9
v 0.0999999 4.2 0.9
v 0.2 4.1 0.9
v 0.2 4.2 0.9
v 0.4 4.1 0.9
v 0.4 4.2 0.9
v 0.5 4.1 0.9
v 0.5 4.2 0.9
v 0.6 4.1 0.9
v 0.7 4.1 0.9
v 0.8 4.1 0.9
v 0.8 4.2 0.9
v -1.4 4 0.8
v -1.4 4.3 0.8
v -1.3 4 0.8
v -1.3 4.3 0.8
v -1.2 4 0.8
v -1.2 4.3 0.8
v -1.1 4 0.8
v -1.1 4.1 0.8
v -1.1 4.3 0.8
v 1.2 4 0.8
v 1.2 4.1 0.8
v 1.3 4 0.8
v 1.3 4.1 0.8
v -1.7 4 0.7
v -1.7 4.3 0.7
v -1.5 4 0.7
v -1.5 4.3 0.7
v -0.7 4.1 0.7
v -0.7 4.2 0.7
v -0.6 4.1 0.7
v -0.6 4.2 0.7
v 0 4.1 0.7
v 0 4.2 0.7
v 0.0999999 4.1 0.7
v 0.0999999 4.2 0.7
v 1.3 4 0.7
v 1.3 4.1 0.7
v 1.4 4 0.7
v 1.4 4.1 0.7
v -1.4 4 0.6
v -1.4 4.3 0.6
v -1.2 4 0.6
v -1.2 4.3 0.6
v -1 4.1 0.6
v -1 4.2 0.6
v -0.8 4.1 0.6
v -0.7 4.1 0.6
v -0.7 4.2 0.6
v -1.5 4 0.5
v -1.5 4.3 0.5
v -1.4 4 0.5
v -1.4 4.3 0.5
v -1.1 4.1 0.5
v -1.1 4.2 0.5
v -1 4.1 0.5
v -1 4.2 0.5
v 1.1 4.1 0.5
v 1.1 4.2 0.5
v 1.2 4.1 0.5
v 1.2 4.2 0.5
v 1.3 4.1 0.5
v 1.3 4.2 0.5
v 1.3 4.3 0.5
v 1.4 4.2 0.5
v 1.4 4.3 0.5
v -0.1 4 0.4
v -0.1 4.1 0.4
v 0 4 0.4
v 0 4.1 0.4
v 1 4.1 0.4
v 1 4.2 0.4
v 1.1 4.1 0.4
v 1.1 4.2 0.4
v 1.2 4 0.4
v 1.2 4.1 0.4
v 1.3 4 0.4
v 1.3 4.1 0.4
v 1.3 4.2 0.4
v 1.4 4.1 0.4
v 1.4 4.2 0.4
v 1.5 4.1 0.4
v 1.5 4.2 0.4
v -1.2 4.1 0.3
v -1.2 4.2 0.3
v -1.2 4.3 0.3
v -1.1 4.1 0.3
v -1.1 4.2 0.3
v -1 4 0.3
v -1 4.1 0.3
v -1 4.2 0.3
v -1 4.3 0.3
v -0.9 4 0.3
v -0.9 4.1 0.3
v -0.7 4.1 0.3
v -0.7 4.2 0.3
v 1.3 4 0.3
v 1.3 4.1 0.3
v 1.4 4 0.3
v 1.4 4.1 0.3
v 1.5 4 0.3
v 1.5 4.1 0.3
v 1.6 4 0.3
v 1.6 4.1 0.3
v -0.9 4 0.2
v -0.9 4.1 0.2
v -0.7 4 0.2
v -0.7 4.1 0.2
v -0.7 4.2 0.2
v -0.6 4.1 0.2
v -0.6 4.2 0.2
v -0.2 4.1 0.2
v -0.2 4.2 0.2
v -0.1 4.1 0.2
v -0.1 4.2 0.2
v 0 4.1 0.2
v 0 4.2 0.2
v 0.0999999 4.1 0.2
v 0.0999999 4.2 0.2
v 0.2 4.1 0.2
v 0.2 4.2 0.2
v -2.2 4 0.0999999
v -2.2 4.3 0.0999999
v -2.1 4 0.0999999
v -2.1 4.3 0.0999999
v -1.4 4 0.0999999
v -1.4 4.2 0.0999999
v -1.4 4.3 0.0999999
v -1.3 4 0.0999999
v -1.3 4.1 0.0999999
v -1.3 4.2 0.0999999
v -1.3 4.3 0.0999999
v -1.2 4.1 0.0999999
v -1.2 4.2 0.0999999
v -1.2 4.3 0.0999999
v -0.3 4.1 0.0999999
v -0.3 4.2 0.0999999
v -0.2 4.1 0.0999999
v -0.2 4.2 0.0999999
v 0 4.1 0.0999999
v 0 4.2 0.0999999
v 0.0999999 4.1 0.0999999
v 0.0999999 4.2 0.0999999
v 0.6 3 0.0999999
v 0.6 3.1 0.0999999
v 0.8 3 0.0999999
v 0.8 3.1 0.0999999
v 1.1 4.1 0.0999999
v 1.1 4.2 0.0999999
v 1.2 4 0.0999999
v 1.2 4.1 0.0999999
v 1.2 4.2 0.0999999
v 1.3 4 0.0999999
v 1.3 4.1 0.0999999
v -1.2 4.1 0
v -1.2 4.2 0
v -1.1 4.1 0
v -1.1 4.2 0
v -1 4.1 0
v -1 4.2 0
v -0.6 4.1 0
v -0.6 4.2 0
v -0.5 4.1 0
v -0.5 4.2 0
v -0.1 4 0
v -0.1 4.1 0
v 0 4 0
v 0 4.1 0
v 0.2 4.1 0
v 0.2 4.2 0
v 0.3 4.1 0
v 0.3 4.2 0
v -1.5 4.1 -0.1
v -1.5 4.3 -0.1
v -1.4 4.1 -0.1
v -1.4 4.3 -0.1
v -0.7 2.9 -0.1
v -0.7 3 -0.1
v -0.5 4.1 -0.1
v -0.5 4.2 -0.1
v -0.3 4 -0.1
v -0.3 4.1 -0.1
v -0.3 4.2 -0.1
v -0.2 2.9 -0.1
v -0.2 3 -0.1
v -0.2 4 -0.1
v -0.2 4.1 -0.1
v 0.3 4.1 -0.1
v 0.3 4.2 -0.1
v 0.4 4.1 -0.1
v 0.5 4.1 -0.1
v 0.5 4.2 -0.1
v 1 4.1 -0.1
v 1 4.2 -0.1
v 1.1 4 -0.1
v 1.1 4.1 -0.1
v 1.1 4.2 -0.1
v 1.2 4 -0.1
v 1.2 4.1 -0.1
v -1.5 4 -0.2
v -1.5 4.1 -0.2
v -1.4 4 -0.2
v -1.4 4.1 -0.2
v -0.7 4.1 -0.2
v -0.7 4.2 -0.2
v -0.6 4.1 -0.2
v -0.6 4.2 -0.2
v -0.4 4 -0.2
v -0.4 4.1 -0.2
v -0.3 4 -0.2
v -0.3 4.1 -0.2
v 0.5 4.1 -0.2
v 0.5 4.2 -0.2
v 0.6 4.1 -0.2
v 0.6 4.2 -0.2
v 0.8 4.1 -0.2
v 0.8 4.2 -0.2
v 1 4.1 -0.2
v 1 4.2 -0.2
v 1.4 4.1 -0.2
v 1.4 4.2 -0.2
v 1.5 4.1 -0.2
v 1.5 4.2 -0.2
v -0.8 4.1 -0.3
v -0.8 4.2 -0.3
v -0.7 4.1 -0.3
v -0.7 4.2 -0.3
v 0.3 3.4 -0.3
v 0.3 3.6 -0.3
v 0.3 4.1 -0.3
v 0.4 4 -0.3
v 0.4 4.1 -0.3
v 0.6 4 -0.3
v 0.6 4.1 -0.3
v 0.6 4.2 -0.3
v 0.7 3.4 -0.3
v 0.7 3.5 -0.3
v 0.8 3.4 -0.3
v 0.8 3.5 -0.3
v 0.8 4 -0.3
v 0.8 4.1 -0.3
v 0.8 4.2 -0.3
v 1 3.4 -0.3
v 1 3.6 -0.3
v 1 4 -0.3
v 1 4.1 -0.3
v 1.2 3.4 -0.3
v 1.2 3.5 -0.3
v 1.2 4.1 -0.3
v 1.2 4.2 -0.3
v 1.3 4.1 -0.3
v 1.3 4.2 -0.3
v 1.3 4.3 -0.3
v 1.4 4.1 -0.3
v 1.4 4.2 -0.3
v 1.4 4.3 -0.3
v 1.5 3.4 -0.3
v 1.5 3.5 -0.3
v -0.9 4 -0.4
v -0.9 4.1 -0.4
v -0.8 4 -0.4
v -0.8 4.1 -0.4
v -0.5 4.1 -0.4
v -0.5 4.2 -0.4
v -0.3 4.1 -0.4
v -0.3 4.2 -0.4
v 1.1 3.4 -0.4
v 1.1 3.5 -0.4
v 1.2 3.4 -0.4
v 1.2 3.5 -0.4
v 1.5 3.4 -0.4
v 1.5 3.5 -0.4
v 1.6 3.4 -0.4
v 1.6 3.5 -0.4
v -1.6 4.1 -0.5
v -1.6 4.3 -0.5
v -1.5 4.1 -0.5
v -1.5 4.3 -0.5
v -0.2 2.6 -0.5
v -0.2 2.9 -0.5
v -0.2 3 -0.5
v -0.2 4.1 -0.5
v -0.2 4.2 -0.5
v -0.1 4.1 -0.5
v -0.1 4.2 -0.5
v 0.0999999 2.6 -0.5
v 0.0999999 3 -0.5
v 1 3.5 -0.5
v 1 3.6 -0.5
v 1 4.1 -0.5
v 1.2 3.5 -0.5
v 1.2 3.6 -0.5
v 1.2 4.1 -0.5
v -1.2 2.8 -0.6
v -1.2 2.9 -0.6
v -1 2.6 -0.6
v -1 2.8 -0.6
v -1 4 -0.6
v -1 4.1 -0.6
v -0.9 4 -0.6
v -0.9 4.1 -0.6
v -0.7 2.9 -0.6
v -0.2 2.6 -0.6
v -0.2 2.9 -0.6
v -1.1 4 -0.7
v -1.1 4.1 -0.7
v -1 4 -0.7
v -1 4.1 -0.7
v -0.8 3.5 -0.7
v -0.8 3.6 -0.7
v -0.8 3.7 -0.7
v -0.7 3.5 -0.7
v -0.7 3.6 -0.7
v -0.7 3.7 -0.7
v 0.8 3.6 -0.7
v 0.8 4 -0.7
v 0.9 3.5 -0.7
v 0.9 3.6 -0.7
v 0.9 3.8 -0.7
v 0.9 4 -0.7
v 1 3.6 -0.7
v 1 3.8 -0.7
v 1 3.9 -0.7
v 1 4 -0.7
v 1.1 3.5 -0.7
v 1.1 3.6 -0.7
v 1.1 3.9 -0.7
v 1.1 4 -0.7
v 1.2 3.6 -0.7
v 1.2 3.7 -0.7
v 1.4 3.6 -0.7
v 1.4 3.7 -0.7
v -2.2 4.4 -0.8
v -2.2 4.5 -0.8
v -2.1 4.4 -0.8
v -2.1 4.5 -0.8
v -1.6 4.1 -0.8
v -1.6 4.3 -0.8
v -1.5 4.1 -0.8
v -1.5 4.3 -0.8
v 0.3 3.4 -0.8
v 0.3 3.6 -0.8
v 0.3 4 -0.8
v 0.3 4.1 -0.8
v 0.4 3.4 -0.8
v 0.4 3.5 -0.8
v 0.6 3.9 -0.8
v 0.6 4 -0.8
v 0.6 4.1 -0.8
v 0.7 3.5 -0.8
v 0.7 3.6 -0.8
v 0.7 3.9 -0.8
v -2.2 4.3 -0.9
v -2.2 4.4 -0.9
v -2.1 4.3 -0.9
v -2.1 4.4 -0.9
v -1.4 4 -0.9
v -1.4 4.1 -0.9
v -1.3 4 -0.9
v -1.3 4.1 -0.9
v -1.2 2.8 -0.9
v -1.2 2.9 -0.9
v -1.2 4 -0.9
v -1.2 4.1 -0.9
v -1.1 4 -0.9
v -1.1 4.1 -0.9
v -1 2.6 -0.9
v -1 2.8 -0.9
v -0.9 4.1 -0.9
v -0.9 4.2 -0.9
v -0.8 4.1 -0.9
v -0.8 4.2 -0.9
v -0.7 2.9 -0.9
v -0.7 3 -0.9
v -0.1 4 -0.9
v -0.1 4.1 -0.9
v 0 4 -0.9
v 0 4.1 -0.9
v 0.0999999 2.6 -0.9
v 0.0999999 3 -0.9
v 0.6 3.4 -0.9
v 0.6 3.5 -0.9
v 0.7 3.4 -0.9
v 0.7 3.5 -0.9
v 1 4.1 -0.9
v 1 4.2 -0.9
v 1.2 4.1 -0.9
v 1.2 4.2 -0.9
v -0.9 4 -1
v -0.9 4.1 -1
v -0.8 4 -1
v -0.8 4.1 -1
v -1.6 4.2 -1.1
v -1.6 4.3 -1.1
v -1.4 4.2 -1.1
v -1.4 4.3 -1.1
v -1.1 4 -1.1
v -1.1 4.2 -1.1
v -1 4.1 -1.1
v -1 4.2 -1.1
v -0.9 4 -1.1
v -0.9 4.1 -1.1
v -0.7 2.9 -1.1
v -0.7 3 -1.1
v -0.6 4.3 -1.1
v -0.6 4.4 -1.1
v -0.5 4.3 -1.1
v -0.5 4.4 -1.1
v 0.0999999 2.9 -1.1
v 0.0999999 3 -1.1
v 0.0999999 4.2 -1.1
v 0.0999999 4.3 -1.1
v 0.2 4.2 -1.1
v 0.2 4.3 -1.1
v 0.6 4.3 -1.1
v 0.6 4.4 -1.1
v 0.7 4.2 -1.1
v 0.7 4.3 -1.1
v 0.7 4.4 -1.1
v 0.8 3 -1.1
v 0.8 3.1 -1.1
v 0.9 2.8 -1.1
v 0.9 3 -1.1
v 0.9 4.2 -1.1
v 0.9 4.3 -1.1
v 1.2 2.8 -1.1
v 1.2 2.9 -1.1
v 1.2 3.1 -1.1
v -0.9 4 -1.2
v -0.9 4.1 -1.2
v -0.8 4.1 -1.2
v -0.7 4 -1.2
v -0.7 4.1 -1.2
v 0.3 4.2 -1.2
v 0.3 4.3 -1.2
v 0.3 4.4 -1.2
v 0.4 4.2 -1.2
v 0.4 4.3 -1.2
v 0.4 4.4 -1.2
v 0.6 4.2 -1.2
v 0.6 4.3 -1.2
v 0.7 4.2 -1.2
v 0.7 4.3 -1.2
v 1.7 4.1 -1.2
v 1.7 4.2 -1.2
v 1.8 4.1 -1.2
v 1.8 4.2 -1.2
v -2.2 4.3 -1.3
v -2.2 4.4 -1.3
v -2.1 4.3 -1.3
v -2.1 4.4 -1.3
v -1.2 4 -1.3
v -1.2 4.3 -1.3
v -1.1 4 -1.3
v -1.1 4.3 -1.3
v -0.8 4.1 -1.3
v -0.8 4.2 -1.3
v -0.7 4.1 -1.3
v -0.7 4.2 -1.3
v -0.7 4.3 -1.3
v -0.7 4.4 -1.3
v -0.6 4.3 -1.3
v -0.6 4.4 -1.3
v -0.2 4.2 -1.3
v -0.2 4.3 -1.3
v -0.1 4.2 -1.3
v -0.1 4.3 -1.3
v 0 4.3 -1.3
v 0 4.4 -1.3
v 0.0999999 2.9 -1.3
v 0.0999999 3 -1.3
v 0.0999999 4.3 -1.3
v 0.0999999 4.4 -1.3
v 0.8 3 -1.3
v 0.9 2.9 -1.3
v 0.9 3 -1.3
v 1.6 4.1 -1.3
v 1.6 4.2 -1.3
v 1.7 4.1 -1.3
v 1.7 4.2 -1.3
v -1.3 4 -1.4
v -1.3 4.3 -1.4
v -1.2 4 -1.4
v -1.2 4.3 -1.4
v -0.7 4.2 -1.4
v -0.7 4.3 -1.4
v -0.6 4.2 -1.4
v -0.6 4.3 -1.4
v -0.4 4.2 -1.4
v -0.4 4.3 -1.4
v -0.2 4.2 -1.4
v -0.2 4.3 -1.4
v -0.1 4.2 -1.4
v -0.1 4.3 -1.4
v 0 4.2 -1.4
v 0 4.3 -1.4
v 0.0999999 4.2 -1.4
v 0.0999999 4.3 -1.4
v 0.0999999 4.4 -1.4
v 0.2 4.2 -1.4
v 0.2 4.3 -1.4
v 0.2 4.4 -1.4
v 0.5 4.2 -1.4
v 0.5 4.3 -1.4
v 0.5 4.4 -1.4
v 0.6 4.3 -1.4
v 0.6 4.4 -1.4
v 1.4 4.1 -1.4
v 1.4 4.2 -1.4
v 1.6 4.1 -1.4
v 1.6 4.2 -1.4
v -1.4 4 -1.5
v -1.4 4.3 -1.5
v -1.3 4 -1.5
v -1.3 4.3 -1.5
v -0.6 4.2 -1.5
v -0.6 4.3 -1.5
v -0.4 4.2 -1.5
v -0.4 4.3 -1.5
v -0.2 4.2 -1.5
v -0.2 4.3 -1.5
v -0.1 4.2 -1.5
v -0.1 4.3 -1.5
v 0.6 4.2 -1.5
v 0.6 4.3 -1.5
v 1.1 4.1 -1.5
v 1.1 4.2 -1.5
v 1.1 4.3 -1.5
v 1.4 4.1 -1.5
v 1.4 4.2 -1.5
v -1.6 4.1 -1.6
v -1.6 4.3 -1.6
v -1.4 4.1 -1.6
v -1.4 4.3 -1.6
v -0.7 4.1 -1.6
v -0.7 4.2 -1.6
v -0.4 4.1 -1.6
v -0.4 4.2 -1.6
v -0.4 4.3 -1.6
v -0.3 4 -1.6
v -0.3 4.1 -1.6
v -0.2 4.2 -1.6
v -0.2 4.3 -1.6
v -0.1 4.2 -1.6
v -0.1 4.3 -1.6
v 0 4 -1.6
v 0 4.1 -1.6
v 0.0999999 4.1 -1.6
v 0.0999999 4.2 -1.6
v 0.0999999 4.3 -1.6
v 0.5 4.2 -1.6
v 0.5 4.3 -1.6
v 0.6 4.2 -1.6
v 0.6 4.3 -1.6
v 1.1 4.1 -1.6
v 1.1 4.2 -1.6
v -1.7 4.1 -1.7
v -1.7 4.3 -1.7
v -1.6 4.1 -1.7
v -1.6 4.3 -1.7
v -0.4 4 -1.7
v -0.4 4.1 -1.7
v -0.3 4 -1.7
v -0.3 4.1 -1.7
v -1.8 4.1 -1.8
v -1.8 4.3 -1.8
v -1.7 4.1 -1.8
v -1.7 4.3 -1.8
v -0.6 4 -1.8
v -0.6 4.1 -1.8
v -0.4 4 -1.8
v -0.4 4.1 -1.8
v -2 4.1 -1.9
v -2 4.3 -1.9
v -1.9 3 -1.9
v -1.9 3.1 -1.9
v -1.8 3 -1.9
v -1.8 4.1 -1.9
v -1.8 4.3 -1.9
v -0.9 3 -1.9
v -0.9 3.1 -1.9
v -2.2 4.1 -2
v -2.2 4.3 -2
v -2.1 1.1 -2
v -2.1 1.9 -2
v -2 4.1 -2
v -2 4.3 -2
v -1 1.1 -2
v -1 1.9 -2
v 1 1.1 -2
v 1 1.9 -2
v 2 1.1 -2
v 2 1.9 -2
v -1.7 4 -2.1
v -1.7 4.1 -2.1
v -1.6 4 -2.1
v -1.6 4.1 -2.1
v -2.2 1.9 -2.5
v -2.2 2 -2.5
v 2.2 1.9 -2.5
v 2.2 2 -2.5
v -2.5 2 -2.6
v -2.5 2.1 -2.6
v -2.5 2.2 -2.6
v 2.5 2 -2.6
v 2.5 2.1 -2.6
v 2.5 2.2 -2.6
v -2.6 2.2 -2.7
v -2.6 2.4 -2.7
v -2.5 2.2 -2.7
v -2.5 2.4 -2.7
v 2.6 2.2 -2.7
v 2.6 2.4 -2.7
v -2.7 2.4 -2.8
v -2.7 2.6 -2.8
v 2.7 2.4 -2.8
v 2.7 2.6 -2.8
v -2.8 2.6 -2.9
v -2.8 2.8 -2.9
v 2.8 2.6 -2.9
v 2.8 2.8 -2.9
v -2.9 2.8 -3
v -2.9 3 -3
v 2.9 2.8 -3
v 2.9 3 -3
v -3 3 -3.1
v -3 3.2 -3.1
v 3 3 -3.1
v 3 3.2 -3.1
v -3.8 4.6 -3.2
v -3.8 4.9 -3.2
v -3.7 4.6 -3.2
v -3.7 4.8 -3.2
v -3.2 4.8 -3.2
v -3.2 4.9 -3.2
v -3.1 3.2 -3.2
v -3.1 3.4 -3.2
v 3.1 3.2 -3.2
v 3.1 3.4 -3.2
v 3.2 4.8 -3.2
v 3.2 4.9 -3.2
v 3.7 4.6 -3.2
v 3.7 4.7 -3.2
v 3.7 4.8 -3.2
v 3.8 4.6 -3.2
v 3.8 4.9 -3.2
v -3.2 3.4 -3.3
v -3.2 3.6 -3.3
v 3.2 3.4 -3.3
v 3.2 3.6 -3.3
v -3.3 3.6 -3.4
v -3.3 3.8 -3.4
v 3.3 3.6 -3.4
v 3.3 3.8 -3.4
v -3.4 3.8 -3.5
v -3.4 4 -3.5
v 3.4 3.8 -3.5
v 3.4 4 -3.5
v -3.5 4 -3.6
v -3.5 4.2 -3.6
v 3.5 4 -3.6
v 3.5 4.2 -3.6
v -3.6 4.2 -3.7
v -3.6 4.4 -3.7
v 3.6 4.2 -3.7
v 3.6 4.4 -3.7
v -3.7 4.4 -3.8
v -3.7 4.8 -3.8
v -3.2 4.6 -3.8
v -3.2 4.8 -3.8
v 3.2 4.6 -3.8
v 3.2 4.7 -3.8
v 3.2 4.8 -3.8
v 3.7 4.4 -3.8
v 3.7 4.7 -3.8
v 3.7 4.8 -3.8
v -3.2 4.6 -3.9
v -3.2 4.9 -3.9
v 3.2 4.6 -3.9
v 3.2 4.9 -3.9
v -2 1.1 2
v -1 1.1 2
v 1 1.1 2
v 2 1.1 2
v -2 1.1 1
v -1 1.1 1
v 1 1.1 1
v 2 1.1 1
v -2.1 1.1 -1
v -1 1.1 -1
v 1 1.1 -1
v 2 1.1 -1
v -2.1 1.1 -2
v -1 1.1 -2
v 1 1.1 -2
v 2 1.1 -2
v -2.2 1.9 2.2
v 2.2 1.9 2.2
v -2 1.9 2
v -1 1.9 2
v 1 1.9 2
v 2 1.9 2
v -2 1.9 1
v -1 1.9 1
v 1 1.9 1
v 2 1.9 1
v -2.1 1.9 -1
v -1 1.9 -1
v 1 1.9 -1
v 2 1.9 -1
v -2.1 1.9 -2
v -1 1.9 -2
v 1 1.9 -2
v 2 1.9 -2
v -2.2 1.9 -2.4
v 2.2 1.9 -2.4
v -2.2 1.9 -2.5
v 2.2 1.9 -2.5
v -2.5 2 2.4
v -2.4 2 2.4
v 2.4 2 2.4
v 2.5 2 2.4
v 2.4 2 2.3
v 2.5 2 2.3
v -2.2 2 2.2
v 2.2 2 2.2
v 2.4 2 2.2
v 2.5 2 2.2
v -1 2 1
v 1 2 1
v -1 2 -1
v 1 2 -1
v 2.4 2 -1.8
v 2.5 2 -1.8
v 2.4 2 -1.9
v 2.5 2 -1.9
v -2.4 2 -2.2
v -2.2 2 -2.2
v -2.2 2 -2.4
v 2.2 2 -2.4
v -2.5 2 -2.5
v -2.2 2 -2.5
v 2.2 2 -2.5
v -2.5 2 -2.6
v 2.5 2 -2.6
v -2.6 2.2 2.5
v -2.5 2.2 2.5
v 2.6 2.2 2.5
v -2.5 2.2 2.4
v -2.4 2.2 2.4
v 2.4 2.2 2.4
v 2.5 2.2 2.4
v 2.5 2.2 2.3
v 2.5 2.2 2.2
v 2.6 2.2 2.2
v 2.5 2.2 2.1
v 2.6 2.2 2.1
v 2.5 2.2 -1.7
v 2.6 2.2 -1.7
v 2.5 2.2 -1.8
v 2.6 2.2 -1.8
v 2.5 2.2 -1.9
v -2.5 2.2 -2.5
v 2.5 2.2 -2.5
v -2.5 2.2 -2.6
v 2.5 2.2 -2.6
v -2.6 2.2 -2.7
v -2.5 2.2 -2.7
v 2.6 2.2 -2.7
v -2.7 2.4 2.6
v -2.6 2.4 2.6
v 2.6 2.4 2.6
v 2.7 2.4 2.6
v -2.6 2.4 2.5
v -2.5 2.4 2.5
v 2.6 2.4 2.5
v 2.6 2.4 2.2
v 2.7 2.4 2.2
v 2.6 2.4 2.1
v 2.7 2.4 2.1
v 2.6 2.4 -1.6
v 2.7 2.4 -1.6
v 2.6 2.4 -1.7
v 2.7 2.4 -1.7
v 2.6 2.4 -1.8
v -2.7 2.4 -2.4
v -2.6 2.4 -2.4
v 2.6 2.4 -2.4
v 2.7 2.4 -2.4
v -2.7 2.4 -2.6
v -2.6 2.4 -2.6
v 2.6 2.4 -2.6
v 2.7 2.4 -2.6
v -2.6 2.4 -2.7
v -2.5 2.4 -2.7
v 2.6 2.4 -2.7
v -2.7 2.4 -2.8
v 2.7 2.4 -2.8
v -2.8 2.6 2.7
v 2.8 2.6 2.7
v -2.7 2.6 2.6
v -2.6 2.6 2.6
v 2.6 2.6 2.6
v 2.7 2.6 2.6
v 2.7 2.6 2.2
v 2.7 2.6 2.1
v 2.8 2.6 2.1
v 2.7 2.6 2
v 2.8 2.6 2
v 2.7 2.6 -1.4
v 2.8 2.6 -1.4
v 2.7 2.6 -1.5
v 2.8 2.6 -1.5
v 2.7 2.6 -1.6
v -2.7 2.6 -2.4
v 2.7 2.6 -2.4
v -2.8 2.6 -2.5
v -2.7 2.6 -2.5
v 2.7 2.6 -2.5
v 2.8 2.6 -2.5
v -2.7 2.6 -2.6
v 2.7 2.6 -2.6
v -2.7 2.6 -2.8
v 2.7 2.6 -2.8
v -2.8 2.6 -2.9
v 2.8 2.6 -2.9
v -2.9 2.8 2.8
v 2.9 2.8 2.8
v -2.8 2.8 2.7
v 2.8 2.8 2.7
v 2.8 2.8 2.1
v 2.9 2.8 2.1
v 2.8 2.8 2
v 2.9 2.8 2
v 0.8 2.8 1
v 1 2.8 1
v 0.8 2.8 -0.5
v 0.9 2.8 -0.5
v 0.9 2.8 -1
v 1 2.8 -1
v 2.8 2.8 -1.1
v 2.9 2.8 -1.1
v 2.8 2.8 -1.2
v 2.9 2.8 -1.2
v 2.8 2.8 -1.4
v -2.8 2.8 -2.5
v 2.8 2.8 -2.5
v -2.9 2.8 -2.6
v -2.8 2.8 -2.6
v 2.8 2.8 -2.6
v 2.9 2.8 -2.6
v -2.9 2.8 -2.9
v -2.8 2.8 -2.9
v 2.8 2.8 -2.9
v 2.9 2.8 -2.9
v -2.9 2.8 -3
v 2.9 2.8 -3
v -1.2 2.9 1.2
v -1 2.9 1.2
v -0.9 2.9 1.2
v 0.2 2.9 1.2
v 0.4 2.9 1.2
v 0.8 2.9 1.2
v -0.3 2.9 1
v 0.8 2.9 1
v -1.2 2.9 0.8
v -1.2 2.9 0.3
v -0.3 2.9 0.3
v -1.2 2.9 -0.6
v -0.7 2.9 -0.6
v -1.2 2.9 -0.8
v -0.7 2.9 -0.8
v -1.2 2.9 -0.9
v -0.7 2.9 -0.9
v -0.7 2.9 -1
v 0.0999999 2.9 -1
v -0.7 2.9 -1.1
v 0.0999999 2.9 -1.1
v -1.2 2.9 -1.2
v -0.7 2.9 -1.2
v -3 3 2.9
v 3 3 2.9
v -2.9 3 2.8
v 2.9 3 2.8
v 2.9 3 2.1
v 2.9 3 2
v 3 3 2
v 2.9 3 1.9
v 3 3 1.9
v -0.7 3 -0.1
v -0.2 3 -0.1
v -0.2 3 -0.5
v 0.0999999 3 -0.5
v 2.9 3 -0.7
v 3 3 -0.7
v -0.7 3 -0.8
v 0.0999999 3 -0.8
v -0.7 3 -0.9
v 0.0999999 3 -0.9
v 2.9 3 -0.9
v 3 3 -0.9
v -0.7 3 -1
v 0.0999999 3 -1
v -0.7 3 -1.1
v 0.0999999 3 -1.1
v 2.9 3 -1.1
v 0.0999999 3 -1.3
v 0.8 3 -1.3
v -0.7 3 -1.9
v -0.3 3 -1.9
v -0.2 3 -1.9
v 0.8 3 -1.9
v -2.9 3 -2.6
v 2.9 3 -2.6
v -3 3 -2.7
v -2.9 3 -2.7
v 2.9 3 -2.7
v 3 3 -2.7
v -2.9 3 -2.9
v 2.9 3 -2.9
v -3 3 -3
v -2.9 3 -3
v 2.9 3 -3
v 3 3 -3
v -3 3 -3.1
v 3 3 -3.1
v -2 3.1 2
v -1.9 3.1 2
v 1.9 3.1 2
v 2 3.1 2
v 0.6 3.1 1.8
v 1.9 3.1 1.8
v 0.6 3.1 1.7
v 0.9 3.1 1.7
v -1.9 3.1 1.6
v -2 3.1 1.5
v -1.9 3.1 1.5
v -2 3.1 1.3
v 0.9 3.1 1.2
v 1.2 3.1 1.2
v 0.6 3.1 0.0999999
v 0.8 3.1 0.0999999
v 0.6 3.1 0
v 0.8 3.1 0
v 1.6 3.1 -0.3
v 2 3.1 -0.3
v 1.6 3.1 -0.4
v 1.7 3.1 -0.4
v -2 3.1 -0.5
v 1.7 3.1 -0.5
v 2 3.1 -0.5
v -2 3.1 -0.8
v 0.8 3.1 -1.1
v 1.2 3.1 -1.1
v -2 3.1 -1.4
v -1.9 3.1 -1.9
v -0.9 3.1 -1.9
v 1.2 3.1 -1.9
v 2 3.1 -1.9
v -2 3.1 -2
v -1.8 3.1 -2
v -1.2 3.1 -2
v -0.9 3.1 -2
v 0.8 3.1 -2
v 1.2 3.1 -2
v -3.1 3.2 3
v 3.1 3.2 3
v -3 3.2 2.9
v 3 3.2 2.9
v 3 3.2 2
v 3.1 3.2 2
v 3 3.2 1.9
v 3.1 3.2 1.9
v 3 3.2 -0.4
v 3.1 3.2 -0.4
v 3 3.2 -0.6
v 3.1 3.2 -0.6
v 3 3.2 -0.7
v -3 3.2 -2.7
v 3 3.2 -2.7
v -3.1 3.2 -2.8
v -3 3.2 -2.8
v 3 3.2 -2.8
v 3.1 3.2 -2.8
v -3 3.2 -3
v 3 3.2 -3
v -3.1 3.2 -3.1
v -3 3.2 -3.1
v 3 3.2 -3.1
v 3.1 3.2 -3.1
v -3.1 3.2 -3.2
v 3.1 3.2 -3.2
v -3.2 3.4 3.1
v 1.3 3.4 3.1
v 1.5 3.4 3.1
v 3.2 3.4 3.1
v -3.1 3.4 3
v 1.3 3.4 3
v 1.5 3.4 3
v 3.1 3.4 3
v 3.1 3.4 2
v 3.1 3.4 1.9
v 3.2 3.4 1.9
v 3.1 3.4 1.8
v 3.2 3.4 1.8
v 3.1 3.4 0
v 3.2 3.4 0
v 3.1 3.4 -0.2
v 3.2 3.4 -0.2
v 3.1 3.4 -0.4
v -3.2 3.4 -2.8
v -3.1 3.4 -2.8
v 3.1 3.4 -2.8
v 3.2 3.4 -2.8
v -3.1 3.4 -3.1
v 3.1 3.4 -3.1
v -3.2 3.4 -3.2
v -3.1 3.4 -3.2
v 3.1 3.4 -3.2
v 3.2 3.4 -3.2
v -3.2 3.4 -3.3
v 3.2 3.4 -3.3
v 1.2 3.5 -0.3
v 1.5 3.5 -0.3
v 0.3 3.5 -0.4
v 0.7 3.5 -0.4
v 1.1 3.5 -0.4
v 1.2 3.5 -0.4
v 1.5 3.5 -0.4
v 1.6 3.5 -0.4
v 0.3 3.5 -0.5
v 0.7 3.5 -0.5
v 1.1 3.5 -0.5
v 1.2 3.5 -0.5
v 1.5 3.5 -0.5
v 1.6 3.5 -0.5
v 0.6 3.5 -0.9
v 0.7 3.5 -0.9
v 0.6 3.5 -1
v 0.7 3.5 -1
v -3.3 3.6 3.2
v 1.5 3.6 3.2
v 2 3.6 3.2
v 3.3 3.6 3.2
v -3.2 3.6 3.1
v 1.5 3.6 3.1
v 2 3.6 3.1
v 3.2 3.6 3.1
v 3.2 3.6 2.2
v 3.2 3.6 2.1
v 3.2 3.6 1.9
v 3.2 3.6 1.8
v 3.3 3.6 1.8
v 3.2 3.6 1.7
v 3.3 3.6 1.7
v 3.2 3.6 0.5
v 3.3 3.6 0.5
v 3.2 3.6 0.3
v 3.3 3.6 0.3
v 3.2 3.6 0
v 1 3.6 -0.7
v 1.1 3.6 -0.7
v 1 3.6 -0.8
v 1.1 3.6 -0.8
v 0.4 3.6 -0.9
v 0.5 3.6 -0.9
v 0.4 3.6 -1
v 0.5 3.6 -1
v -3.2 3.6 -2.8
v 3.2 3.6 -2.8
v -3.3 3.6 -3
v -3.2 3.6 -3
v 3.2 3.6 -3
v 3.3 3.6 -3
v -3.2 3.6 -3.2
v 3.2 3.6 -3.2
v -3.2 3.6 -3.3
v 3.2 3.6 -3.3
v -3.3 3.6 -3.4
v 3.3 3.6 -3.4
v -0.8 3.7 -0.7
v -0.7 3.7 -0.7
v 1.2 3.7 -0.7
v 1.4 3.7 -0.7
v -0.8 3.7 -0.8
v -0.7 3.7 -0.8
v 1.2 3.7 -0.8
v 1.4 3.7 -0.8
v -3.4 3.8 3.3
v 3.4 3.8 3.3
v -3.3 3.8 3.2
v 3.3 3.8 3.2
v 3.3 3.8 1.8
v 3.4 3.8 1.8
v 3.3 3.8 1.7
v 3.3 3.8 1.6
v 3.4 3.8 1.6
v 3.3 3.8 0.9
v 3.4 3.8 0.9
v 3.3 3.8 0.7
v 3.4 3.8 0.7
v 3.3 3.8 0.5
v 0.9 3.8 -0.7
v 1 3.8 -0.7
v 0.9 3.8 -0.8
v 1 3.8 -0.8
v 0.3 3.8 -0.9
v 0.4 3.8 -0.9
v 0.3 3.8 -1
v 0.4 3.8 -1
v -3.3 3.8 -3
v 3.3 3.8 -3
v -3.4 3.8 -3.1
v -3.3 3.8 -3.1
v 3.3 3.8 -3.1
v 3.4 3.8 -3.1
v -3.4 3.8 -3.4
v -3.3 3.8 -3.4
v 3.3 3.8 -3.4
v 3.4 3.8 -3.4
v -3.4 3.8 -3.5
v 3.4 3.8 -3.5
v 0.6 3.9 -0.8
v 0.7 3.9 -0.8
v 0.6 3.9 -0.9
v 0.7 3.9 -0.9
v -3.5 4 3.4
v 3.5 4 3.4
v -3.4 4 3.3
v 3.4 4 3.3
v 0.8 4 -0.7
v 0.9 4 -0.7
v 1 4 -0.7
v 1.1 4 -0.7
v 1.2 4 -0.7
v 0.8 4 -0.8
v 0.9 4 -0.8
v 1 4 -0.8
v 1.1 4 -0.8
v 1.2 4 -0.8
v -3.5 4 -3.2
v -3.4 4 -3.2
v 3.4 4 -3.2
v 3.5 4 -3.2
v -3.4 4 -3.4
v 3.4 4 -3.4
v -3.5 4 -3.5
v -3.4 4 -3.5
v 3.4 4 -3.5
v 3.5 4 -3.5
v -3.5 4 -3.6
v 3.5 4 -3.6
v -0.1 4.1 -0.9
v 0 4.1 -0.9
v -0.1 4.1 -1
v 0 4.1 -1
v -0.8 4.1 -1.2
v -0.7 4.1 -1.2
v -0.8 4.1 -1.3
v -0.7 4.1 -1.3
v -1.7 4.1 -2.1
v -1.6 4.1 -2.1
v -1.7 4.1 -2.2
v -1.6 4.1 -2.2
v -3.6 4.2 3.5
v 3.6 4.2 3.5
v -3.5 4.2 3.4
v 3.5 4.2 3.4
v -3.5 4.2 -3.2
v 3.5 4.2 -3.2
v -3.6 4.2 -3.3
v -3.5 4.2 -3.3
v 3.5 4.2 -3.3
v 3.6 4.2 -3.3
v -3.5 4.2 -3.5
v 3.5 4.2 -3.5
v -3.6 4.2 -3.6
v -3.5 4.2 -3.6
v 3.5 4.2 -3.6
v 3.6 4.2 -3.6
v -3.6 4.2 -3.7
v 3.6 4.2 -3.7
v -3.7 4.4 3.6
v 3.2 4.4 3.6
v 3.3 4.4 3.6
v 3.7 4.4 3.6
v -3.6 4.4 3.5
v 3.2 4.4 3.5
v 3.3 4.4 3.5
v 3.6 4.4 3.5
v -3.6 4.4 -3.3
v 3.6 4.4 -3.3
v -3.6 4.4 -3.6
v 3.6 4.4 -3.6
v 3.7 4.4 -3.6
v -3.6 4.4 -3.7
v 3.6 4.4 -3.7
v 3.7 4.4 -3.7
v -3.7 4.4 -3.8
v 3.7 4.4 -3.8
v -3.2 4.6 3.7
v 3.2 4.6 3.7
v -3.2 4.6 3.6
v 3.2 4.6 3.6
v -3.8 4.6 3.2
v -3.7 4.6 3.2
v 3.7 4.6 3.2
v 3.8 4.6 3.2
v 3.7 4.6 0.8
v 3.8 4.6 0.8
v 3.7 4.6 0.4
v 3.8 4.6 0.4
v -3.8 4.6 -3.2
v -3.7 4.6 -3.2
v 3.7 4.6 -3.2
v 3.8 4.6 -3.2
v -3.2 4.6 -3.8
v 3.2 4.6 -3.8
v -3.2 4.6 -3.9
v 3.2 4.6 -3.9
v -1 2.6 1
v -0.3 2.6 1
v 0.8 2.6 1
v 0.9 2.6 1
v 1 2.6 1
v -1 2.6 0.5
v -1 2.6 0.3
v -0.3 2.6 0.3
v -0.2 2.6 -0.5
v 0.0999999 2.6 -0.5
v 0.8 2.6 -0.5
v 0.9 2.6 -0.5
v -1 2.6 -0.6
v -0.2 2.6 -0.6
v -1 2.6 -0.8
v 0.0999999 2.6 -0.8
v -1 2.6 -0.9
v 0.0999999 2.6 -0.9
v -1 2.6 -1
v 0.0999999 2.6 -1
v 0.9 2.6 -1
v 1 2.6 -1
v -1.2 2.8 1.2
v -1 2.8 1.2
v -0.9 2.8 1.2
v 0.2 2.8 1.2
v 0.3 2.8 1.2
v 0.4 2.8 1.2
v 0.8 2.8 1.2
v -1.1 2.8 1.1
v -1 2.8 1.1
v -0.9 2.8 1.1
v 0.0999999 2.8 1.1
v 0.2 2.8 1.1
v -1 2.8 1
v -0.3 2.8 1
v 0.0999999 2.8 1
v 0.3 2.8 1
v 0.8 2.8 1
v -1.2 2.8 0.9
v -1.1 2.8 0.9
v -1 2.8 0.9
v -1.2 2.8 0.8
v -1.2 2.8 0.7
v -1.1 2.8 0.7
v -1.2 2.8 0.4
v -1 2.8 0.4
v -1.2 2.8 0.3
v -1 2.8 0.3
v -1.2 2.8 -0.6
v -1 2.8 -0.6
v -1.2 2.8 -0.8
v -1 2.8 -0.8
v -1.2 2.8 -0.9
v -1 2.8 -0.9
v -1 2.8 -1
v 0.0999999 2.8 -1
v -1 2.8 -1.1
v -0.1 2.8 -1.1
v 0 2.8 -1.1
v 0.0999999 2.8 -1.1
v 0.9 2.8 -1.1
v 1.2 2.8 -1.1
v -1.2 2.8 -1.2
v -0.1 2.8 -1.2
v 0 2.8 -1.2
v 0.0999999 2.8 -1.2
v 0.9 2.8 -1.2
v 1.2 2.8 -1.2
v 0.6 2.9 1.8
v 1.9 2.9 1.8
v 0.6 2.9 1.7
v 0.9 2.9 1.7
v 0.9 2.9 1.2
v 1.2 2.9 1.2
v -0.7 2.9 -0.1
v -0.2 2.9 -0.1
v 1.6 2.9 -0.3
v 1.9 2.9 -0.3
v 1.6 2.9 -0.4
v 1.7 2.9 -0.4
v -0.2 2.9 -0.5
v 1.7 2.9 -0.5
v 1.9 2.9 -0.5
v -0.7 2.9 -0.6
v -0.2 2.9 -0.6
v 1.2 2.9 -1.1
v -0.7 2.9 -1.2
v -0.1 2.9 -1.2
v 0 2.9 -1.2
v 0.0999999 2.9 -1.2
v 0.9 2.9 -1.2
v 1.2 2.9 -1.2
v 0.0999999 2.9 -1.3
v 0.9 2.9 -1.3
v -0.2 2.9 -1.4
v -0.1 2.9 -1.4
v 0 2.9 -1.4
v -0.3 2.9 -1.8
v -0.2 2.9 -1.8
v -0.1 2.9 -1.8
v -0.7 2.9 -1.9
v -0.3 2.9 -1.9
v -0.2 2.9 -1.9
v 1.9 2.9 -1.9
v -2 3 2
v -1.9 3 2
v 1.9 3 2
v 2 3 2
v 1.9 3 1.8
v -1.9 3 1.6
v -2 3 1.5
v -1.9 3 1.5
v -2 3 1.3
v -2 3 0.5
v -1.9 3 0.5
v 0.6 3 0.0999999
v 0.8 3 0.0999999
v 0.6 3 0
v 0.8 3 0
v 1.9 3 -0.3
v 2 3 -0.3
v -2 3 -0.5
v 1.9 3 -0.5
v 2 3 -0.5
v -2 3 -0.6
v -1.9 3 -0.6
v -2 3 -0.8
v 0.8 3 -1.1
v 0.9 3 -1.1
v 0.8 3 -1.3
v 0.9 3 -1.3
v -2 3 -1.4
v -2 3 -1.8
v -1.9 3 -1.8
v -1.9 3 -1.9
v -1.8 3 -1.9
v -0.9 3 -1.9
v 0.8 3 -1.9
v 1.2 3 -1.9
v 1.9 3 -1.9
v 2 3 -1.9
v -2 3 -2
v -1.8 3 -2
v -1.2 3 -2
v -0.9 3 -2
v 0.8 3 -2
v 1.2 3 -2
v 0.3 3.4 -0.3
v 0.7 3.4 -0.3
v 0.8 3.4 -0.3
v 1 3.4 -0.3
v 1.2 3.4 -0.3
v 1.5 3.4 -0.3
v 0.8 3.4 -0.4
v 1 3.4 -0.4
v 1.1 3.4 -0.4
v 1.2 3.4 -0.4
v 1.5 3.4 -0.4
v 1.6 3.4 -0.4
v 0.3 3.4 -0.5
v 0.7 3.4 -0.5
v 1.1 3.4 -0.5
v 1.2 3.4 -0.5
v 1.5 3.4 -0.5
v 1.6 3.4 -0.5
v 0.3 3.4 -0.8
v 0.4 3.4 -0.8
v 0.3 3.4 -0.9
v 0.4 3.4 -0.9
v 0.6 3.4 -0.9
v 0.7 3.4 -0.9
v 0.6 3.4 -1
v 0.7 3.4 -1
v 0.7 3.5 -0.3
v 0.8 3.5 -0.3
v 0.7 3.5 -0.4
v 0.8 3.5 -0.4
v 1 3.5 -0.5
v 1.2 3.5 -0.5
v 1 3.5 -0.6
v 1.2 3.5 -0.6
v -0.8 3.5 -0.7
v -0.7 3.5 -0.7
v 0.9 3.5 -0.7
v 1.1 3.5 -0.7
v -0.8 3.5 -0.8
v -0.7 3.5 -0.8
v 0.4 3.5 -0.8
v 0.7 3.5 -0.8
v 0.9 3.5 -0.8
v 1.1 3.5 -0.8
v 0.3 3.5 -0.9
v 0.4 3.5 -0.9
v 0.5 3.5 -0.9
v 0.7 3.5 -0.9
v 0.3 3.5 -1
v 0.5 3.5 -1
v 0.8 3.6 -0.7
v 0.9 3.6 -0.7
v 1.2 3.6 -0.7
v 1.4 3.6 -0.7
v 0.8 3.6 -0.8
v 0.9 3.6 -0.8
v 1.2 3.6 -0.8
v 1.4 3.6 -0.8
v 1.1 3.7 -0.6
v 1.2 3.7 -0.6
v 1.1 3.7 -0.8
v 1.2 3.7 -0.8
v 1 3.9 -0.7
v 1.1 3.9 -0.7
v 1 3.9 -0.8
v 1.1 3.9 -0.8
v -1.1 4 1.7
v -0.9 4 1.7
v -1.1 4 1.6
v -0.9 4 1.6
v -0.5 4 1.6
v -0.4 4 1.6
v -0.5 4 1.5
v -0.4 4 1.5
v -0.4 4 1.1
v -0.3 4 1.1
v -0.4 4 1
v -0.3 4 1
v -0.5 4 0.9
v -0.4 4 0.9
v -1.4 4 0.8
v -1.3 4 0.8
v -1.2 4 0.8
v -1.1 4 0.8
v -0.5 4 0.8
v -0.4 4 0.8
v 1.2 4 0.8
v 1.3 4 0.8
v -1.7 4 0.7
v -1.5 4 0.7
v -1.4 4 0.7
v -1.3 4 0.7
v -1.2 4 0.7
v -1.1 4 0.7
v 1.2 4 0.7
v 1.3 4 0.7
v 1.4 4 0.7
v -1.4 4 0.6
v -1.2 4 0.6
v 1.3 4 0.6
v 1.4 4 0.6
v -1.6 4 0.5
v -1.5 4 0.5
v -1.4 4 0.5
v -1.3 4 0.5
v -1.2 4 0.5
v -1.7 4 0.4
v -1.6 4 0.4
v -1.5 4 0.4
v -1.3 4 0.4
v -0.1 4 0.4
v 0 4 0.4
v 1.2 4 0.4
v 1.3 4 0.4
v -1 4 0.3
v -0.9 4 0.3
v -0.1 4 0.3
v 0 4 0.3
v 1.2 4 0.3
v 1.3 4 0.3
v 1.4 4 0.3
v 1.5 4 0.3
v 1.6 4 0.3
v -1 4 0.2
v -0.9 4 0.2
v -0.7 4 0.2
v 1.5 4 0.2
v 1.6 4 0.2
v -2.2 4 0.0999999
v -2.1 4 0.0999999
v -1.4 4 0.0999999
v -1.3 4 0.0999999
v -0.8 4 0.0999999
v -0.7 4 0.0999999
v 1.2 4 0.0999999
v 1.3 4 0.0999999
v -1.4 4 0
v -1.3 4 0
v -0.8 4 0
v -0.1 4 0
v 0 4 0
v -2.2 4 -0.1
v -2.1 4 -0.1
v -0.9 4 -0.1
v -0.8 4 -0.1
v -0.3 4 -0.1
v -0.2 4 -0.1
v -0.1 4 -0.1
v 0 4 -0.1
v 1.1 4 -0.1
v 1.2 4 -0.1
v 1.3 4 -0.1
v 1.4 4 -0.1
v -1.5 4 -0.2
v -1.4 4 -0.2
v -0.4 4 -0.2
v -0.3 4 -0.2
v 1.1 4 -0.2
v 1.2 4 -0.2
v -1.5 4 -0.3
v -1.4 4 -0.3
v -0.4 4 -0.3
v -0.3 4 -0.3
v -0.2 4 -0.3
v -0.9 4 -0.4
v -0.8 4 -0.4
v -0.9 4 -0.5
v -0.8 4 -0.5
v -1 4 -0.6
v -0.9 4 -0.6
v -1.1 4 -0.7
v -1 4 -0.7
v -0.9 4 -0.8
v -1.4 4 -0.9
v -1.3 4 -0.9
v -1.2 4 -0.9
v -1.1 4 -0.9
v -1 4 -0.9
v -0.9 4 -0.9
v -0.1 4 -0.9
v 0 4 -0.9
v -1.4 4 -1
v -1.3 4 -1
v -1.2 4 -1
v -1.1 4 -1
v -1 4 -1
v -0.9 4 -1
v -0.8 4 -1
v -0.1 4 -1
v 0 4 -1
v -1.1 4 -1.1
v -0.9 4 -1.1
v -0.8 4 -1.1
v -0.9 4 -1.2
v -0.7 4 -1.2
v -1.2 4 -1.3
v -1.1 4 -1.3
v -0.8 4 -1.3
v -0.7 4 -1.3
v -1.3 4 -1.4
v -1.2 4 -1.4
v -0.9 4 -1.4
v -0.8 4 -1.4
v -1.4 4 -1.5
v -1.3 4 -1.5
v -1 4 -1.5
v -0.9 4 -1.5
v -1.4 4 -1.6
v -1.1 4 -1.6
v -1 4 -1.6
v -0.3 4 -1.6
v 0 4 -1.6
v -0.4 4 -1.7
v -0.3 4 -1.7
v -0.1 4 -1.7
v 0 4 -1.7
v -0.6 4 -1.8
v -0.4 4 -1.8
v -0.3 4 -1.8
v -0.1 4 -1.8
v -0.6 4 -1.9
v -0.3 4 -1.9
v -1.7 4 -2.1
v -1.6 4 -2.1
v -1.7 4 -2.2
v -1.6 4 -2.2
v -2.2 4.1 2.2
v -1.1 4.1 2.2
v 0.3 4.1 2.2
v 0.7 4.1 2.2
v 0.8 4.1 2.2
v 1.3 4.1 2.2
v 1.4 4.1 2.2
v 1.8 4.1 2.2
v 2.2 4.1 2.2
v 0.2 4.1 2.1
v 0.3 4.1 2.1
v 0.6 4.1 2.1
v 0.7 4.1 2.1
v 0.8 4.1 2.1
v 1.6 4.1 2.1
v 0.0999999 4.1 2
v 0.2 4.1 2
v 0.3 4.1 2
v 1.7 4.1 2
v 1.8 4.1 2
v -0.8 4.1 1.9
v -0.7 4.1 1.9
v -0.1 4.1 1.9
v 0.0999999 4.1 1.9
v 0.2 4.1 1.9
v 0.5 4.1 1.9
v 0.6 4.1 1.9
v 0.7 4.1 1.9
v 1.4 4.1 1.9
v 1.6 4.1 1.9
v 1.7 4.1 1.9
v -1.6 4.1 1.8
v -1.1 4.1 1.8
v -0.8 4.1 1.8
v -0.1 4.1 1.8
v 0.0999999 4.1 1.8
v 0.4 4.1 1.8
v 0.5 4.1 1.8
v 0.6 4.1 1.8
v 1.3 4.1 1.8
v 1.4 4.1 1.8
v 1.6 4.1 1.8
v -1.8 4.1 1.7
v -1.6 4.1 1.7
v -1.1 4.1 1.7
v -0.9 4.1 1.7
v 0.4 4.1 1.7
v 0.5 4.1 1.7
v 1.2 4.1 1.7
v 1.3 4.1 1.7
v -1.9 4.1 1.6
v -1.8 4.1 1.6
v -1.1 4.1 1.6
v -1 4.1 1.6
v -0.9 4.1 1.6
v -0.8 4.1 1.6
v -0.7 4.1 1.6
v -0.6 4.1 1.6
v -0.5 4.1 1.6
v -0.4 4.1 1.6
v 1 4.1 1.6
v 1.2 4.1 1.6
v 1.3 4.1 1.6
v 1.4 4.1 1.6
v -2 4.1 1.5
v -1.9 4.1 1.5
v -1.1 4.1 1.5
v -1 4.1 1.5
v -0.9 4.1 1.5
v -0.8 4.1 1.5
v -0.7 4.1 1.5
v -0.6 4.1 1.5
v -0.5 4.1 1.5
v -0.4 4.1 1.5
v 0.8 4.1 1.5
v 1 4.1 1.5
v 1.1 4.1 1.5
v 1.3 4.1 1.5
v 1.4 4.1 1.5
v -1.1 4.1 1.4
v -1 4.1 1.4
v -0.9 4.1 1.4
v -0.7 4.1 1.4
v -0.5 4.1 1.4
v -0.2 4.1 1.4
v -0.1 4.1 1.4
v 0 4.1 1.4
v 0.2 4.1 1.4
v 0.5 4.1 1.4
v 0.8 4.1 1.4
v 0.9 4.1 1.4
v 1 4.1 1.4
v 1.1 4.1 1.4
v 1.3 4.1 1.4
v -2.1 4.1 1.3
v -2 4.1 1.3
v -0.8 4.1 1.3
v -0.7 4.1 1.3
v -0.3 4.1 1.3
v -0.2 4.1 1.3
v 0 4.1 1.3
v 0.0999999 4.1 1.3
v 0.2 4.1 1.3
v 0.3 4.1 1.3
v 0.5 4.1 1.3
v 0.7 4.1 1.3
v 0.9 4.1 1.3
v 1 4.1 1.3
v 1.1 4.1 1.3
v 1.4 4.1 1.3
v -0.9 4.1 1.2
v -0.8 4.1 1.2
v -0.7 4.1 1.2
v -0.6 4.1 1.2
v -0.5 4.1 1.2
v -0.4 4.1 1.2
v -0.3 4.1 1.2
v -0.2 4.1 1.2
v -0.1 4.1 1.2
v 0 4.1 1.2
v 0.0999999 4.1 1.2
v 0.2 4.1 1.2
v 0.3 4.1 1.2
v 0.4 4.1 1.2
v 0.7 4.1 1.2
v 0.9 4.1 1.2
v 1 4.1 1.2
v 1.1 4.1 1.2
v -2.2 4.1 1.1
v -2.1 4.1 1.1
v -1 4.1 1.1
v -0.9 4.1 1.1
v -0.8 4.1 1.1
v -0.7 4.1 1.1
v -0.6 4.1 1.1
v -0.5 4.1 1.1
v -0.4 4.1 1.1
v -0.3 4.1 1.1
v 0.4 4.1 1.1
v 0.5 4.1 1.1
v 0.6 4.1 1.1
v 0.9 4.1 1.1
v 1 4.1 1.1
v 1.2 4.1 1.1
v -1.1 4.1 1
v -1 4.1 1
v -0.9 4.1 1
v -0.8 4.1 1
v -0.7 4.1 1
v -0.6 4.1 1
v -0.5 4.1 1
v -0.4 4.1 1
v -0.3 4.1 1
v 0.2 4.1 1
v 0.3 4.1 1
v 0.4 4.1 1
v 0.5 4.1 1
v 0.6 4.1 1
v 0.8 4.1 1
v 0.9 4.1 1
v 1.2 4.1 1
v 1.3 4.1 1
v -0.9 4.1 0.9
v -0.8 4.1 0.9
v -0.7 4.1 0.9
v -0.6 4.1 0.9
v -0.5 4.1 0.9
v -0.4 4.1 0.9
v 0 4.1 0.9
v 0.0999999 4.1 0.9
v 0.2 4.1 0.9
v 0.4 4.1 0.9
v 0.5 4.1 0.9
v 0.6 4.1 0.9
v 0.7 4.1 0.9
v 0.8 4.1 0.9
v 1 4.1 0.9
v 1.1 4.1 0.9
v 1.3 4.1 0.9
v 1.4 4.1 0.9
v -1.1 4.1 0.8
v -1 4.1 0.8
v -0.5 4.1 0.8
v -0.4 4.1 0.8
v 0.0999999 4.1 0.8
v 0.2 4.1 0.8
v 0.3 4.1 0.8
v 0.6 4.1 0.8
v 0.7 4.1 0.8
v 1 4.1 0.8
v 1.1 4.1 0.8
v 1.2 4.1 0.8
v 1.3 4.1 0.8
v 1.4 4.1 0.8
v 1.5 4.1 0.8
v -1.1 4.1 0.7
v -1 4.1 0.7
v -0.7 4.1 0.7
v -0.6 4.1 0.7
v -0.4 4.1 0.7
v 0 4.1 0.7
v 0.0999999 4.1 0.7
v 0.2 4.1 0.7
v 0.4 4.1 0.7
v 0.6 4.1 0.7
v 0.7 4.1 0.7
v 1.1 4.1 0.7
v 1.2 4.1 0.7
v 1.3 4.1 0.7
v 1.4 4.1 0.7
v -1 4.1 0.6
v -0.8 4.1 0.6
v -0.7 4.1 0.6
v 0 4.1 0.6
v 0.0999999 4.1 0.6
v 0.2 4.1 0.6
v 0.3 4.1 0.6
v 0.4 4.1 0.6
v 0.6 4.1 0.6
v 1.4 4.1 0.6
v 1.5 4.1 0.6
v -1.1 4.1 0.5
v -1 4.1 0.5
v -0.9 4.1 0.5
v -0.8 4.1 0.5
v 0.2 4.1 0.5
v 0.4 4.1 0.5
v 0.6 4.1 0.5
v 1.1 4.1 0.5
v 1.2 4.1 0.5
v 1.3 4.1 0.5
v 1.4 4.1 0.5
v 1.5 4.1 0.5
v 1.6 4.1 0.5
v -1.1 4.1 0.4
v -1 4.1 0.4
v -0.9 4.1 0.4
v -0.7 4.1 0.4
v -0.1 4.1 0.4
v 0 4.1 0.4
v 0.0999999 4.1 0.4
v 0.2 4.1 0.4
v 1 4.1 0.4
v 1.1 4.1 0.4
v 1.2 4.1 0.4
v 1.3 4.1 0.4
v 1.4 4.1 0.4
v 1.5 4.1 0.4
v 1.6 4.1 0.4
v 1.7 4.1 0.4
v -1.2 4.1 0.3
v -1.1 4.1 0.3
v -1 4.1 0.3
v -0.9 4.1 0.3
v -0.7 4.1 0.3
v -0.4 4.1 0.3
v -0.1 4.1 0.3
v 1 4.1 0.3
v 1.2 4.1 0.3
v 1.3 4.1 0.3
v 1.4 4.1 0.3
v 1.5 4.1 0.3
v 1.6 4.1 0.3
v -1 4.1 0.2
v -0.9 4.1 0.2
v -0.7 4.1 0.2
v -0.6 4.1 0.2
v -0.2 4.1 0.2
v -0.1 4.1 0.2
v 0 4.1 0.2
v 0.0999999 4.1 0.2
v 0.2 4.1 0.2
v 1.5 4.1 0.2
v 1.6 4.1 0.2
v -1.3 4.1 0.0999999
v -1.2 4.1 0.0999999
v -1.1 4.1 0.0999999
v -1 4.1 0.0999999
v -0.8 4.1 0.0999999
v -0.7 4.1 0.0999999
v -0.3 4.1 0.0999999
v -0.2 4.1 0.0999999
v 0 4.1 0.0999999
v 0.0999999 4.1 0.0999999
v 0.2 4.1 0.0999999
v 1.1 4.1 0.0999999
v 1.2 4.1 0.0999999
v 1.3 4.1 0.0999999
v 1.6 4.1 0.0999999
v 1.7 4.1 0.0999999
v -1.4 4.1 0
v -1.3 4.1 0
v -1.2 4.1 0
v -1.1 4.1 0
v -1 4.1 0
v -0.8 4.1 0
v -0.6 4.1 0
v -0.5 4.1 0
v -0.1 4.1 0
v 0 4.1 0
v 0.0999999 4.1 0
v 0.2 4.1 0
v 0.3 4.1 0
v 1.4 4.1 0
v 1.5 4.1 0
v -1.5 4.1 -0.1
v -1.4 4.1 -0.1
v -1 4.1 -0.1
v -0.9 4.1 -0.1
v -0.8 4.1 -0.1
v -0.6 4.1 -0.1
v -0.5 4.1 -0.1
v -0.3 4.1 -0.1
v -0.2 4.1 -0.1
v -0.1 4.1 -0.1
v 0 4.1 -0.1
v 0.0999999 4.1 -0.1
v 0.3 4.1 -0.1
v 0.4 4.1 -0.1
v 0.5 4.1 -0.1
v 1 4.1 -0.1
v 1.1 4.1 -0.1
v 1.2 4.1 -0.1
v 1.3 4.1 -0.1
v 1.4 4.1 -0.1
v 1.5 4.1 -0.1
v 1.6 4.1 -0.1
v -1.5 4.1 -0.2
v -1.4 4.1 -0.2
v -0.8 4.1 -0.2
v -0.7 4.1 -0.2
v -0.6 4.1 -0.2
v -0.5 4.1 -0.2
v -0.4 4.1 -0.2
v -0.3 4.1 -0.2
v 0.5 4.1 -0.2
v 0.6 4.1 -0.2
v 0.8 4.1 -0.2
v 1 4.1 -0.2
v 1.1 4.1 -0.2
v 1.2 4.1 -0.2
v 1.3 4.1 -0.2
v 1.4 4.1 -0.2
v 1.5 4.1 -0.2
v -1.5 4.1 -0.3
v -1.4 4.1 -0.3
v -0.8 4.1 -0.3
v -0.7 4.1 -0.3
v -0.6 4.1 -0.3
v -0.5 4.1 -0.3
v -0.4 4.1 -0.3
v -0.3 4.1 -0.3
v -0.2 4.1 -0.3
v -0.1 4.1 -0.3
v 0 4.1 -0.3
v 0.3 4.1 -0.3
v 0.4 4.1 -0.3
v 0.6 4.1 -0.3
v 0.8 4.1 -0.3
v 1 4.1 -0.3
v 1.2 4.1 -0.3
v 1.3 4.1 -0.3
v 1.4 4.1 -0.3
v 1.5 4.1 -0.3
v -1.1 4.1 -0.4
v -0.9 4.1 -0.4
v -0.8 4.1 -0.4
v -0.7 4.1 -0.4
v -0.6 4.1 -0.4
v -0.5 4.1 -0.4
v -0.3 4.1 -0.4
v -0.2 4.1 -0.4
v -0.1 4.1 -0.4
v 0 4.1 -0.4
v 0.3 4.1 -0.4
v 1 4.1 -0.4
v -1.6 4.1 -0.5
v -1.5 4.1 -0.5
v -0.9 4.1 -0.5
v -0.8 4.1 -0.5
v -0.7 4.1 -0.5
v -0.6 4.1 -0.5
v -0.2 4.1 -0.5
v -0.1 4.1 -0.5
v 0 4.1 -0.5
v 1 4.1 -0.5
v 1.2 4.1 -0.5
v -1.6 4.1 -0.6
v -1.5 4.1 -0.6
v -1 4.1 -0.6
v -0.9 4.1 -0.6
v 0.8 4.1 -0.6
v 0.9 4.1 -0.6
v 1 4.1 -0.6
v 1.1 4.1 -0.6
v -1.1 4.1 -0.7
v -1 4.1 -0.7
v 0.8 4.1 -0.7
v 0.9 4.1 -0.7
v 1 4.1 -0.7
v 1.1 4.1 -0.7
v 1.2 4.1 -0.7
v 1.5 4.1 -0.7
v 1.6 4.1 -0.7
v -1.6 4.1 -0.8
v -1.5 4.1 -0.8
v -0.9 4.1 -0.8
v -0.8 4.1 -0.8
v -0.7 4.1 -0.8
v -0.4 4.1 -0.8
v -0.3 4.1 -0.8
v -0.1 4.1 -0.8
v 0 4.1 -0.8
v 0.0999999 4.1 -0.8
v 0.3 4.1 -0.8
v 0.6 4.1 -0.8
v 0.7 4.1 -0.8
v 0.8 4.1 -0.8
v 0.9 4.1 -0.8
v 1 4.1 -0.8
v 1.1 4.1 -0.8
v 1.2 4.1 -0.8
v 1.5 4.1 -0.8
v 1.6 4.1 -0.8
v 1.7 4.1 -0.8
v 2.2 4.1 -0.8
v -1.6 4.1 -0.9
v -1.4 4.1 -0.9
v -1.3 4.1 -0.9
v -1.2 4.1 -0.9
v -1.1 4.1 -0.9
v -1 4.1 -0.9
v -0.9 4.1 -0.9
v -0.8 4.1 -0.9
v -0.7 4.1 -0.9
v -0.6 4.1 -0.9
v -0.5 4.1 -0.9
v -0.4 4.1 -0.9
v -0.3 4.1 -0.9
v -0.1 4.1 -0.9
v 0 4.1 -0.9
v 0.0999999 4.1 -0.9
v 0.2 4.1 -0.9
v 0.3 4.1 -0.9
v 1 4.1 -0.9
v 1.2 4.1 -0.9
v -1.3 4.1 -1
v -1.2 4.1 -1
v -1 4.1 -1
v -0.9 4.1 -1
v -0.8 4.1 -1
v -0.7 4.1 -1
v 1 4.1 -1
v 1.1 4.1 -1
v 1.7 4.1 -1
v 1.8 4.1 -1
v -1 4.1 -1.1
v -0.9 4.1 -1.1
v -0.8 4.1 -1.1
v -0.7 4.1 -1.1
v -0.9 4.1 -1.2
v -0.8 4.1 -1.2
v 1.5 4.1 -1.2
v 1.6 4.1 -1.2
v 1.7 4.1 -1.2
v 1.8 4.1 -1.2
v -0.8 4.1 -1.3
v -0.7 4.1 -1.3
v 1.3 4.1 -1.3
v 1.5 4.1 -1.3
v 1.6 4.1 -1.3
v 1.7 4.1 -1.3
v -0.9 4.1 -1.4
v -0.8 4.1 -1.4
v -0.7 4.1 -1.4
v 1.1 4.1 -1.4
v 1.3 4.1 -1.4
v 1.4 4.1 -1.4
v 1.6 4.1 -1.4
v -1 4.1 -1.5
v -0.9 4.1 -1.5
v -0.8 4.1 -1.5
v 1.1 4.1 -1.5
v 1.4 4.1 -1.5
v -1.6 4.1 -1.6
v -1.4 4.1 -1.6
v -1.1 4.1 -1.6
v -1 4.1 -1.6
v -0.9 4.1 -1.6
v -0.7 4.1 -1.6
v -0.4 4.1 -1.6
v -0.3 4.1 -1.6
v 0 4.1 -1.6
v 0.0999999 4.1 -1.6
v 1.1 4.1 -1.6
v 2.2 4.1 -1.6
v -1.7 4.1 -1.7
v -1.6 4.1 -1.7
v -1.1 4.1 -1.7
v -1 4.1 -1.7
v -0.6 4.1 -1.7
v -0.4 4.1 -1.7
v -0.3 4.1 -1.7
v -0.1 4.1 -1.7
v 0 4.1 -1.7
v -1.8 4.1 -1.8
v -1.7 4.1 -1.8
v -0.8 4.1 -1.8
v -0.6 4.1 -1.8
v -0.4 4.1 -1.8
v -0.3 4.1 -1.8
v -0.1 4.1 -1.8
v 0 4.1 -1.8
v 0.0999999 4.1 -1.8
v -2 4.1 -1.9
v -1.8 4.1 -1.9
v -1.1 4.1 -1.9
v -0.8 4.1 -1.9
v -0.6 4.1 -1.9
v -0.3 4.1 -1.9
v 0 4.1 -1.9
v -2.2 4.1 -2
v -2 4.1 -2
v -1.1 4.1 -2
v -1 4.1 -2
v -0.8 4.1 -2
v -0.3 4.1 -2
v -2.2 4.1 -2.1
v -1.6 4.1 -2.1
v -1.1 4.1 -2.1
v -1 4.1 -2.1
v -1.6 4.1 -2.2
v -0.3 4.1 -2.2
v -0.2 4.1 -2.2
v 0.4 4.1 -2.2
v 0.5 4.1 -2.2
v 2.2 4.1 -2.2
v -1 4.2 1.6
v -0.9 4.2 1.6
v -0.7 4.2 1.5
v -0.5 4.2 1.5
v -1 4.2 1.4
v -0.9 4.2 1.4
v -0.7 4.2 1.4
v -0.6 4.2 1.4
v -0.5 4.2 1.4
v -0.4 4.2 1.4
v -0.2 4.2 1.4
v -0.1 4.2 1.4
v 0 4.2 1.4
v -0.7 4.2 1.3
v -0.6 4.2 1.3
v -0.5 4.2 1.3
v -0.4 4.2 1.3
v -0.3 4.2 1.3
v -0.2 4.2 1.3
v -0.1 4.2 1.3
v -0.8 4.2 1.2
v -0.7 4.2 1.2
v -0.5 4.2 1.2
v -0.4 4.2 1.2
v -0.3 4.2 1.2
v -0.2 4.2 1.2
v -0.1 4.2 1.2
v 0 4.2 1.2
v 0.0999999 4.2 1.2
v 0.2 4.2 1.2
v 0.3 4.2 1.2
v 0.4 4.2 1.2
v -0.9 4.2 1.1
v -0.8 4.2 1.1
v -0.7 4.2 1.1
v -0.5 4.2 1.1
v -0.4 4.2 1.1
v 0.4 4.2 1.1
v 0.5 4.2 1.1
v -1 4.2 1
v -0.9 4.2 1
v -0.8 4.2 1
v -0.7 4.2 1
v 0.2 4.2 1
v 0.3 4.2 1
v 0.4 4.2 1
v 0.5 4.2 1
v 0.8 4.2 1
v -0.9 4.2 0.9
v -0.8 4.2 0.9
v -0.7 4.2 0.9
v -0.6 4.2 0.9
v 0 4.2 0.9
v 0.0999999 4.2 0.9
v 0.2 4.2 0.9
v 0.4 4.2 0.9
v 0.5 4.2 0.9
v 0.8 4.2 0.9
v 1 4.2 0.9
v 1.1 4.2 0.9
v 0.7 4.2 0.8
v 1 4.2 0.8
v 1.1 4.2 0.8
v -1.1 4.2 0.7
v -1 4.2 0.7
v -0.7 4.2 0.7
v -0.6 4.2 0.7
v 0 4.2 0.7
v 0.0999999 4.2 0.7
v 0.6 4.2 0.7
v 0.7 4.2 0.7
v 1 4.2 0.7
v 1.1 4.2 0.7
v 1.3 4.2 0.7
v -1 4.2 0.6
v -0.7 4.2 0.6
v 0 4.2 0.6
v 0.0999999 4.2 0.6
v 0.6 4.2 0.6
v 0.7 4.2 0.6
v 1.1 4.2 0.6
v 1.2 4.2 0.6
v 1.3 4.2 0.6
v -1.1 4.2 0.5
v -1 4.2 0.5
v 0.2 4.2 0.5
v 0.6 4.2 0.5
v 1.1 4.2 0.5
v 1.2 4.2 0.5
v 1.3 4.2 0.5
v 1.4 4.2 0.5
v 1.5 4.2 0.5
v -1 4.2 0.4
v -0.7 4.2 0.4
v 0.0999999 4.2 0.4
v 0.2 4.2 0.4
v 1 4.2 0.4
v 1.1 4.2 0.4
v 1.3 4.2 0.4
v 1.4 4.2 0.4
v 1.5 4.2 0.4
v -1 4.2 0.3
v -0.7 4.2 0.3
v -0.4 4.2 0.3
v -0.1 4.2 0.3
v 0 4.2 0.3
v 0.0999999 4.2 0.3
v 1 4.2 0.3
v 1.2 4.2 0.3
v -0.7 4.2 0.2
v -0.6 4.2 0.2
v -0.5 4.2 0.2
v -0.4 4.2 0.2
v -0.2 4.2 0.2
v -0.1 4.2 0.2
v 0 4.2 0.2
v 0.0999999 4.2 0.2
v 0.2 4.2 0.2
v 0.3 4.2 0.2
v -1.2 4.2 0.0999999
v -1.1 4.2 0.0999999
v -1 4.2 0.0999999
v -0.3 4.2 0.0999999
v -0.2 4.2 0.0999999
v 0 4.2 0.0999999
v 0.0999999 4.2 0.0999999
v 0.2 4.2 0.0999999
v 0.3 4.2 0.0999999
v 1.1 4.2 0.0999999
v 1.2 4.2 0.0999999
v -1.2 4.2 0
v -1.1 4.2 0
v -1 4.2 0
v -0.8 4.2 0
v -0.6 4.2 0
v -0.5 4.2 0
v 0.2 4.2 0
v 0.3 4.2 0
v 1.4 4.2 0
v 1.5 4.2 0
v -0.8 4.2 -0.1
v -0.7 4.2 -0.1
v -0.5 4.2 -0.1
v -0.3 4.2 -0.1
v 0.3 4.2 -0.1
v 0.5 4.2 -0.1
v 1 4.2 -0.1
v 1.1 4.2 -0.1
v -0.8 4.2 -0.2
v -0.7 4.2 -0.2
v -0.6 4.2 -0.2
v 0.5 4.2 -0.2
v 0.6 4.2 -0.2
v 0.8 4.2 -0.2
v 1 4.2 -0.2
v 1.2 4.2 -0.2
v 1.3 4.2 -0.2
v 1.4 4.2 -0.2
v 1.5 4.2 -0.2
v -0.8 4.2 -0.3
v -0.7 4.2 -0.3
v -0.5 4.2 -0.3
v -0.3 4.2 -0.3
v 0.6 4.2 -0.3
v 0.8 4.2 -0.3
v 1.2 4.2 -0.3
v 1.3 4.2 -0.3
v -0.5 4.2 -0.4
v -0.3 4.2 -0.4
v -0.2 4.2 -0.4
v -0.1 4.2 -0.4
v -0.2 4.2 -0.5
v -0.1 4.2 -0.5
v 0.8 4.2 -0.7
v 0.9 4.2 -0.7
v -0.9 4.2 -0.8
v -0.8 4.2 -0.8
v 0 4.2 -0.8
v 0.0999999 4.2 -0.8
v 0.6 4.2 -0.8
v 0.7 4.2 -0.8
v 0.8 4.2 -0.8
v 0.9 4.2 -0.8
v 1 4.2 -0.8
v 1.2 4.2 -0.8
v 1.6 4.2 -0.8
v 1.7 4.2 -0.8
v -0.9 4.2 -0.9
v -0.8 4.2 -0.9
v -0.7 4.2 -0.9
v -0.6 4.2 -0.9
v -0.5 4.2 -0.9
v 0 4.2 -0.9
v 0.0999999 4.2 -0.9
v 0.2 4.2 -0.9
v 0.4 4.2 -0.9
v 0.6 4.2 -0.9
v 0.7 4.2 -0.9
v 0.8 4.2 -0.9
v 0.9 4.2 -0.9
v 1 4.2 -0.9
v 1.2 4.2 -0.9
v -1.1 4.2 -1
v -1 4.2 -1
v -0.7 4.2 -1
v -0.6 4.2 -1
v -0.5 4.2 -1
v 0 4.2 -1
v 0.0999999 4.2 -1
v 0.2 4.2 -1
v 0.3 4.2 -1
v 0.4 4.2 -1
v 0.5 4.2 -1
v 0.6 4.2 -1
v 0.7 4.2 -1
v 0.8 4.2 -1
v 0.9 4.2 -1
v 1 4.2 -1
v 1.1 4.2 -1
v 1.7 4.2 -1
v 1.8 4.2 -1
v -1.6 4.2 -1.1
v -1.4 4.2 -1.1
v -1.1 4.2 -1.1
v -1 4.2 -1.1
v -0.8 4.2 -1.1
v -0.7 4.2 -1.1
v 0.0999999 4.2 -1.1
v 0.2 4.2 -1.1
v 0.7 4.2 -1.1
v 0.9 4.2 -1.1
v 0.0999999 4.2 -1.2
v 0.2 4.2 -1.2
v 0.3 4.2 -1.2
v 0.4 4.2 -1.2
v 0.6 4.2 -1.2
v 0.7 4.2 -1.2
v 1.5 4.2 -1.2
v 1.6 4.2 -1.2
v 1.7 4.2 -1.2
v 1.8 4.2 -1.2
v -1.5 4.2 -1.3
v -1.4 4.2 -1.3
v -0.8 4.2 -1.3
v -0.7 4.2 -1.3
v -0.2 4.2 -1.3
v -0.1 4.2 -1.3
v 0.3 4.2 -1.3
v 0.4 4.2 -1.3
v 1.3 4.2 -1.3
v 1.5 4.2 -1.3
v 1.6 4.2 -1.3
v 1.7 4.2 -1.3
v -1.6 4.2 -1.4
v -1.5 4.2 -1.4
v -0.7 4.2 -1.4
v -0.6 4.2 -1.4
v -0.4 4.2 -1.4
v -0.2 4.2 -1.4
v -0.1 4.2 -1.4
v 0 4.2 -1.4
v 0.0999999 4.2 -1.4
v 0.2 4.2 -1.4
v 0.5 4.2 -1.4
v 0.6 4.2 -1.4
v 1.1 4.2 -1.4
v 1.3 4.2 -1.4
v 1.4 4.2 -1.4
v 1.6 4.2 -1.4
v -0.6 4.2 -1.5
v -0.4 4.2 -1.5
v -0.2 4.2 -1.5
v -0.1 4.2 -1.5
v 0 4.2 -1.5
v 0.6 4.2 -1.5
v 1.1 4.2 -1.5
v 1.4 4.2 -1.5
v -0.7 4.2 -1.6
v -0.4 4.2 -1.6
v -0.2 4.2 -1.6
v -0.1 4.2 -1.6
v 0.0999999 4.2 -1.6
v 0.5 4.2 -1.6
v 0.6 4.2 -1.6
v 1.1 4.2 -1.6
v -2.2 4.2 -2.1
v -1.6 4.2 -2.1
v -2.2 4.2 -2.2
v -1.6 4.2 -2.2
v -1.6 4.3 1.8
v -1.1 4.3 1.8
v -1.8 4.3 1.7
v -1.6 4.3 1.7
v -1.9 4.3 1.6
v -1.8 4.3 1.6
v -2 4.3 1.5
v -1.9 4.3 1.5
v -1.1 4.3 1.4
v -0.7 4.3 1.4
v -0.6 4.3 1.4
v -0.4 4.3 1.4
v -2.1 4.3 1.3
v -2 4.3 1.3
v -0.8 4.3 1.3
v -0.7 4.3 1.3
v -0.6 4.3 1.3
v -0.4 4.3 1.3
v -0.9 4.3 1.2
v -0.8 4.3 1.2
v 0.2 4.3 1.2
v 0.3 4.3 1.2
v -2.2 4.3 1.1
v -2.1 4.3 1.1
v -1 4.3 1.1
v -0.9 4.3 1.1
v -1.1 4.3 1
v -1 4.3 1
v 0.2 4.3 1
v 0.3 4.3 1
v -1.4 4.3 0.8
v -1.3 4.3 0.8
v -1.2 4.3 0.8
v -1.1 4.3 0.8
v -1.7 4.3 0.7
v -1.5 4.3 0.7
v -1.4 4.3 0.7
v -1.3 4.3 0.7
v -1.2 4.3 0.7
v -1.1 4.3 0.7
v -1.4 4.3 0.6
v -1.2 4.3 0.6
v 1.3 4.3 0.6
v 1.4 4.3 0.6
v -1.6 4.3 0.5
v -1.5 4.3 0.5
v -1.4 4.3 0.5
v -1.3 4.3 0.5
v -1.2 4.3 0.5
v 1.3 4.3 0.5
v 1.4 4.3 0.5
v -1.7 4.3 0.4
v -1.6 4.3 0.4
v -1.5 4.3 0.4
v -1.4 4.3 0.4
v -1.3 4.3 0.4
v -1.2 4.3 0.4
v -1.1 4.3 0.4
v -1 4.3 0.4
v -1.4 4.3 0.3
v -1.3 4.3 0.3
v -1.2 4.3 0.3
v -1 4.3 0.3
v -2.2 4.3 0.0999999
v -2.1 4.3 0.0999999
v -1.4 4.3 0.0999999
v -1.3 4.3 0.0999999
v -1.2 4.3 0.0999999
v -2.2 4.3 -0.1
v -2.1 4.3 -0.1
v -1.5 4.3 -0.1
v -1.4 4.3 -0.1
v 1.3 4.3 -0.2
v 1.4 4.3 -0.2
v 1.3 4.3 -0.3
v 1.4 4.3 -0.3
v -1.6 4.3 -0.5
v -1.5 4.3 -0.5
v -1.6 4.3 -0.6
v -1.5 4.3 -0.6
v -2.2 4.3 -0.7
v -2.1 4.3 -0.7
v -1.6 4.3 -0.8
v -1.5 4.3 -0.8
v -2.2 4.3 -0.9
v -2.1 4.3 -0.9
v -1.6 4.3 -0.9
v -1.4 4.3 -0.9
v -0.5 4.3 -0.9
v 0 4.3 -0.9
v 0.6 4.3 -0.9
v 0.7 4.3 -0.9
v -1.4 4.3 -1
v -1.1 4.3 -1
v -0.7 4.3 -1
v -0.6 4.3 -1
v -0.5 4.3 -1
v 0 4.3 -1
v 0.3 4.3 -1
v 0.5 4.3 -1
v 0.6 4.3 -1
v 0.7 4.3 -1
v 0.9 4.3 -1
v -1.6 4.3 -1.1
v -1.4 4.3 -1.1
v -0.7 4.3 -1.1
v -0.6 4.3 -1.1
v -0.5 4.3 -1.1
v -0.3 4.3 -1.1
v -0.1 4.3 -1.1
v 0 4.3 -1.1
v 0.0999999 4.3 -1.1
v 0.2 4.3 -1.1
v 0.3 4.3 -1.1
v 0.4 4.3 -1.1
v 0.5 4.3 -1.1
v 0.6 4.3 -1.1
v 0.7 4.3 -1.1
v 0.9 4.3 -1.1
v -2.2 4.3 -1.2
v -2.1 4.3 -1.2
v -0.5 4.3 -1.2
v -0.3 4.3 -1.2
v -0.1 4.3 -1.2
v 0 4.3 -1.2
v 0.0999999 4.3 -1.2
v 0.2 4.3 -1.2
v 0.3 4.3 -1.2
v 0.4 4.3 -1.2
v 0.5 4.3 -1.2
v 0.6 4.3 -1.2
v 0.7 4.3 -1.2
v -2.2 4.3 -1.3
v -2.1 4.3 -1.3
v -1.5 4.3 -1.3
v -1.4 4.3 -1.3
v -1.2 4.3 -1.3
v -1.1 4.3 -1.3
v -0.7 4.3 -1.3
v -0.6 4.3 -1.3
v -0.5 4.3 -1.3
v -0.4 4.3 -1.3
v -0.3 4.3 -1.3
v -0.2 4.3 -1.3
v -0.1 4.3 -1.3
v 0 4.3 -1.3
v 0.0999999 4.3 -1.3
v 0.2 4.3 -1.3
v 0.3 4.3 -1.3
v 0.4 4.3 -1.3
v 0.5 4.3 -1.3
v 0.6 4.3 -1.3
v -1.6 4.3 -1.4
v -1.5 4.3 -1.4
v -1.3 4.3 -1.4
v -1.2 4.3 -1.4
v -0.7 4.3 -1.4
v -0.6 4.3 -1.4
v -0.4 4.3 -1.4
v -0.2 4.3 -1.4
v -0.1 4.3 -1.4
v 0 4.3 -1.4
v 0.0999999 4.3 -1.4
v 0.2 4.3 -1.4
v 0.5 4.3 -1.4
v 0.6 4.3 -1.4
v 1.1 4.3 -1.4
v -1.4 4.3 -1.5
v -1.3 4.3 -1.5
v -0.6 4.3 -1.5
v -0.4 4.3 -1.5
v -0.2 4.3 -1.5
v -0.1 4.3 -1.5
v 0 4.3 -1.5
v 0.6 4.3 -1.5
v 1.1 4.3 -1.5
v -1.6 4.3 -1.6
v -1.4 4.3 -1.6
v -0.4 4.3 -1.6
v -0.2 4.3 -1.6
v -0.1 4.3 -1.6
v 0.0999999 4.3 -1.6
v 0.5 4.3 -1.6
v 0.6 4.3 -1.6
v -1.7 4.3 -1.7
v -1.6 4.3 -1.7
v -1.8 4.3 -1.8
v -1.7 4.3 -1.8
v -2 4.3 -1.9
v -1.8 4.3 -1.9
v -2.2 4.3 -2
v -2 4.3 -2
v -2.2 4.4 -0.8
v -2.1 4.4 -0.8
v -2.2 4.4 -0.9
v -2.1 4.4 -0.9
v -0.6 4.4 -1
v -0.5 4.4 -1
v 0.6 4.4 -1
v 0.7 4.4 -1
v -0.7 4.4 -1.1
v -0.6 4.4 -1.1
v -0.5 4.4 -1.1
v 0.3 4.4 -1.1
v 0.4 4.4 -1.1
v 0.6 4.4 -1.1
v 0.7 4.4 -1.1
v -2.2 4.4 -1.2
v -2.1 4.4 -1.2
v 0 4.4 -1.2
v 0.0999999 4.4 -1.2
v 0.3 4.4 -1.2
v 0.4 4.4 -1.2
v -2.2 4.4 -1.3
v -2.1 4.4 -1.3
v -0.7 4.4 -1.3
v -0.6 4.4 -1.3
v 0 4.4 -1.3
v 0.0999999 4.4 -1.3
v 0.2 4.4 -1.3
v 0.5 4.4 -1.3
v 0.6 4.4 -1.3
v 0.0999999 4.4 -1.4
v 0.2 4.4 -1.4
v 0.5 4.4 -1.4
v 0.6 4.4 -1.4
v -2.4 4.5 2.4
v -0.1 4.5 2.4
v 0.0999999 4.5 2.4
v 1.1 4.5 2.4
v 1.2 4.5 2.4
v 1.5 4.5 2.4
v 2.4 4.5 2.4
v -0.5 4.5 2.3
v -0.3 4.5 2.3
v 0.9 4.5 2.3
v 1 4.5 2.3
v 1.1 4.5 2.3
v 1.5 4.5 2.3
v 1.6 4.5 2.3
v -2.2 4.5 2.2
v -0.5 4.5 2.2
v -0.3 4.5 2.2
v 0.7 4.5 2.2
v 0.8 4.5 2.2
v 0.9 4.5 2.2
v 1 4.5 2.2
v 1.1 4.5 2.2
v 1.5 4.5 2.2
v 1.6 4.5 2.2
v 2.2 4.5 2.2
v 0.7 4.5 2.1
v 0.8 4.5 2.1
v -2.2 4.5 -0.7
v -2.1 4.5 -0.7
v -2.2 4.5 -0.8
v -2.1 4.5 -0.8
v -2.2 4.5 -2.2
v 0 4.5 -2.2
v 0.7 4.5 -2.2
v 2.2 4.5 -2.2
v 0 4.5 -2.3
v 0.7 4.5 -2.3
v -2.4 4.5 -2.4
v 2.4 4.5 -2.4
v -2.6 4.6 2.6
v 2.6 4.6 2.6
v -0.1 4.6 2.5
v 0.0999999 4.6 2.5
v 1.1 4.6 2.5
v 1.2 4.6 2.5
v -2.4 4.6 2.4
v -0.1 4.6 2.4
v 0.0999999 4.6 2.4
v 1.1 4.6 2.4
v 1.2 4.6 2.4
v 2.4 4.6 2.4
v -2.4 4.6 -2.4
v 2.4 4.6 -2.4
v 2.5 4.6 -2.4
v 2.3 4.6 -2.5
v 2.4 4.6 -2.5
v 2.5 4.6 -2.5
v -2.6 4.6 -2.6
v 2.3 4.6 -2.6
v 2.4 4.6 -2.6
v 2.6 4.6 -2.6
v -2.8 4.7 2.8
v 2.8 4.7 2.8
v -2.6 4.7 2.6
v 2.6 4.7 2.6
v -2.6 4.7 -2.6
v 2.6 4.7 -2.6
v -2.8 4.7 -2.8
v 2.8 4.7 -2.8
v -3.7 4.8 3.6
v -3.2 4.8 3.6
v 3.2 4.8 3.6
v 3.3 4.8 3.6
v 3.7 4.8 3.6
v 3.3 4.8 3.5
v 3.6 4.8 3.5
v -3.7 4.8 3.2
v -3.2 4.8 3.2
v 3.2 4.8 3.2
v 3.6 4.8 3.2
v 3.7 4.8 3.2
v -3 4.8 3
v 3 4.8 3
v -2.8 4.8 2.8
v 2.8 4.8 2.8
v -2.8 4.8 -2.8
v 2.8 4.8 -2.8
v -3 4.8 -3
v 3 4.8 -3
v -3.7 4.8 -3.2
v -3.2 4.8 -3.2
v 3.2 4.8 -3.2
v 3.7 4.8 -3.2
v -3.7 4.8 -3.8
v -3.2 4.8 -3.8
v 3.2 4.8 -3.8
v 3.7 4.8 -3.8
v -3.2 4.9 3.7
v 3.2 4.9 3.7
v -3.8 4.9 3.2
v -3.2 4.9 3.2
v 3.2 4.9 3.2
v 3.8 4.9 3.2
v -3 4.9 3
v 3 4.9 3
v 3.7 4.9 0.8
v 3.8 4.9 0.8
v 3.7 4.9 0.4
v 3.8 4.9 0.4
v 3.7 4.9 -0.7
v 3.8 4.9 -0.7
v 3.6 4.9 -1
v 3.7 4.9 -1
v 3.8 4.9 -1
v 3.5 4.9 -1.2
v 3.6 4.9 -1.2
v 3.7 4.9 -1.2
v 3.4 4.9 -1.3
v 3.5 4.9 -1.3
v 3.6 4.9 -1.3
v 3.3 4.9 -1.4
v 3.4 4.9 -1.4
v 3.5 4.9 -1.4
v 3.2 4.9 -1.5
v 3.3 4.9 -1.5
v 3.4 4.9 -1.5
v 3.2 4.9 -1.6
v 3.3 4.9 -1.6
v -3 4.9 -3
v 3 4.9 -3
v -3.8 4.9 -3.2
v -3.2 4.9 -3.2
v 3.2 4.9 -3.2
v 3.8 4.9 -3.2
v -3.2 4.9 -3.9
v 3.2 4.9 -3.9

# faces
f 3/9/1 2/9/1 1/9/1
f 4/9/1 2/9/1 3/9/1
f 7/9/1 6/9/1 5/9/1
f 8/9/1 6/9/1 7/9/1
f 9/9/1 7/9/1 5/9/1
f 10/9/1 7/9/1 9/9/1
f 11/9/1 6/9/1 8/9/1
f 12/9/1 6/9/1 11/9/1
f 17/9/1 14/9/1 13/9/1
f 18/10/1 15/10/1 14/10/1
f 18/9/1 14/9/1 17/9/1
f 19/9/1 16/9/1 15/9/1
f 19/10/1 15/10/1 18/10/1
f 20/9/1 16/9/1 19/9/1
f 25/9/1 22/9/1 21/9/1
f 26/10/1 23/10/1 22/10/1
f 26/9/1 22/9/1 25/9/1
f 27/10/1 23/10/1 26/10/1
f 28/9/1 24/9/1 23/9/1
f 28/10/1 23/10/1 27/10/1
f 29/9/1 24/9/1 28/9/1
f 34/9/1 31/9/1 30/9/1
f 34/10/1 32/10/1 31/10/1
f 35/10/1 32/10/1 34/10/1
f 36/9/1 34/9/1 30/9/1
f 36/9/1 35/9/1 34/9/1
f 37/10/1 32/10/1 35/10/1
f 37/9/1 35/9/1 36/9/1
f 38/9/1 33/9/1 32/9/1
f 38/10/1 32/10/1 37/10/1
f 39/9/1 33/9/1 38/9/1
f 43/9/1 41/9/1 40/9/1
f 44/10/1 42/10/1 41/10/1
f 44/9/1 41/9/1 43/9/1
f 45/10/1 42/10/1 44/10/1
f 46/10/1 42/10/1 45/10/1
f 51/9/1 48/9/1 47/9/1
f 52/10/1 49/10/1 48/10/1
f 52/9/1 48/9/1 51/9/1
f 53/10/1 49/10/1 52/10/1
f 54/9/1 50/9/1 49/9/1
f 54/10/1 49/10/1 53/10/1
f 55/9/1 50/9/1 54/9/1
f 60/9/1 57/9/1 56/9/1
f 63/9/1 59/9/1 58/9/1
f 64/9/1 61/9/1 60/9/1
f 64/9/1 60/9/1 56/9/1
f 65/9/1 61/9/1 64/9/1
f 66/9/1 63/9/1 62/9/1
f 67/9/1 59/9/1 63/9/1
f 67/9/1 63/9/1 66/9/1
f 72/9/1 69/9/1 68/9/1
f 73/10/1 70/10/1 69/10/1
f 73/9/1 69/9/1 72/9/1
f 74/9/1 71/9/1 70/9/1
f 74/10/1 70/10/1 73/10/1
f 75/9/1 71/9/1 74/9/1
f 80/9/1 77/9/1 76/9/1
f 81/10/1 78/10/1 77/10/1
f 81/9/1 77/9/1 80/9/1
f 82/10/1 78/10/1 81/10/1
f 83/9/1 79/9/1 78/9/1
f 83/10/1 78/10/1 82/10/1
f 84/9/1 79/9/1 83/9/1
f 89/9/1 86/9/1 85/9/1
f 90/10/1 87/10/1 86/10/1
f 90/9/1 86/9/1 89/9/1
f 91/10/1 87/10/1 90/10/1
f 92/9/1 88/9/1 87/9/1
f 92/10/1 87/10/1 91/10/1
f 93/9/1 88/9/1 92/9/1
f 97/9/1 95/9/1 94/9/1
f 98/10/1 96/10/1 95/10/1
f 98/9/1 95/9/1 97/9/1
f 99/10/1 96/10/1 98/10/1
f 100/10/1 96/10/1 99/10/1
f 105/9/1 102/9/1 101/9/1
f 106/10/1 103/10/1 102/10/1
f 106/9/1 102/9/1 105/9/1
f 107/10/1 103/10/1 106/10/1
f 108/9/1 104/9/1 103/9/1
f 108/10/1 103/10/1 107/10/1
f 109/9/1 104/9/1 108/9/1
f 112/9/1 111/9/1 110/9/1
f 113/9/1 111/9/1 112/9/1
f 114/9/1 111/9/1 113/9/1
f 115/9/1 111/9/1 114/9/1
f 119/10/1 117/10/1 116/10/1
f 119/8/1 118/8/1 117/8/1
f 120/8/1 118/8/1 119/8/1
f 121/10/1 119/10/1 116/10/1
f 122/9/1 120/9/1 119/9/1
f 122/10/1 119/10/1 121/10/1
f 123/9/1 120/9/1 122/9/1
f 127/10/1 125/10/1 124/10/1
f 128/10/1 125/10/1 127/10/1
f 129/8/1 126/8/1 125/8/1
f 129/10/1 125/10/1 128/10/1
f 130/8/1 126/8/1 129/8/1
f 133/10/1 132/10/1 131/10/1
f 134/10/1 132/10/1 133/10/1
f 139/6/1 138/6/1 137/6/1
f 140/6/1 138/6/1 139/6/1
f 141/6/1 136/6/1 135/6/1
f 142/6/1 136/6/1 141/6/1
f 145/10/1 144/10/1 143/10/1
f 146/10/1 144/10/1 145/10/1
f 149/6/1 148/6/1 147/6/1
f 150/6/1 148/6/1 149/6/1
f 158/6/1 152/6/1 151/6/1
f 159/5/1 157/5/1 156/5/1
f 159/6/1 152/6/1 158/6/1
f 159/5/1 153/5/1 152/5/1
f 159/5/1 156/5/1 155/5/1
f 159/5/1 155/5/1 154/5/1
f 159/5/1 154/5/1 153/5/1
f 160/5/1 157/5/1 159/5/1
f 161/5/1 157/5/1 160/5/1
f 164/6/1 163/6/1 162/6/1
f 165/6/1 163/6/1 164/6/1
f 168/6/1 167/6/1 166/6/1
f 169/6/1 167/6/1 168/6/1
f 176/6/1 173/6/1 172/6/1
f 177/6/1 173/6/1 176/6/1
f 178/6/1 175/6/1 174/6/1
f 179/6/1 175/6/1 178/6/1
f 180/6/1 171/6/1 170/6/1
f 181/6/1 171/6/1 180/6/1
f 186/6/1 183/6/1 182/6/1
f 187/6/1 183/6/1 186/6/1
f 188/6/1 185/6/1 184/6/1
f 189/6/1 185/6/1 188/6/1
f 192/6/1 191/6/1 190/6/1
f 193/6/1 191/6/1 192/6/1
f 196/6/1 195/6/1 194/6/1
f 197/6/1 195/6/1 196/6/1
f 206/6/1 203/6/1 202/6/1
f 207/6/1 203/6/1 206/6/1
f 208/6/1 205/6/1 204/6/1
f 209/6/1 205/6/1 208/6/1
f 210/6/1 201/6/1 200/6/1
f 211/6/1 199/6/1 198/6/1
f 212/6/1 199/6/1 211/6/1
f 213/6/1 210/6/1 200/6/1
f 214/6/1 210/6/1 213/6/1
f 219/6/1 218/6/1 217/6/1
f 220/6/1 218/6/1 219/6/1
f 221/6/1 216/6/1 215/6/1
f 222/6/1 216/6/1 221/6/1
f 225/4/1 224/4/1 223/4/1
f 226/4/1 224/4/1 225/4/1
f 237/4/1 228/4/1 227/4/1
f 238/4/1 228/4/1 237/4/1
f 239/4/1 230/4/1 229/4/1
f 240/4/1 230/4/1 239/4/1
f 241/3/1 232/3/1 231/3/1
f 241/3/1 233/3/1 232/3/1
f 242/3/1 233/3/1 241/3/1
f 243/3/1 236/3/1 235/3/1
f 243/3/1 235/3/1 234/3/1
f 244/3/1 236/3/1 243/3/1
f 247/5/1 246/5/1 245/5/1
f 248/5/1 246/5/1 247/5/1
f 260/3/1 250/3/1 249/3/1
f 261/3/1 250/3/1 260/3/1
f 264/4/1 252/4/1 251/4/1
f 265/4/1 252/4/1 264/4/1
f 266/3/1 254/3/1 253/3/1
f 267/4/1 255/4/1 254/4/1
f 267/3/1 254/3/1 266/3/1
f 268/4/1 255/4/1 267/4/1
f 269/4/1 257/4/1 256/4/1
f 270/4/1 257/4/1 269/4/1
f 271/4/1 259/4/1 258/4/1
f 272/4/1 259/4/1 271/4/1
f 273/3/1 263/3/1 262/3/1
f 274/3/1 263/3/1 273/3/1
f 275/3/1 268/3/1 267/3/1
f 276/3/1 268/3/1 275/3/1
f 290/3/1 278/3/1 277/3/1
f 291/4/1 279/4/1 278/4/1
f 291/3/1 278/3/1 290/3/1
f 292/4/1 279/4/1 291/4/1
f 295/3/1 281/3/1 280/3/1
f 296/3/1 281/3/1 295/3/1
f 297/3/1 283/3/1 282/3/1
f 298/3/1 283/3/1 297/3/1
f 300/4/1 285/4/1 284/4/1
f 301/4/1 285/4/1 300/4/1
f 302/3/1 287/3/1 286/3/1
f 303/3/1 287/3/1 302/3/1
f 304/3/1 289/3/1 288/3/1
f 305/3/1 289/3/1 304/3/1
f 306/3/1 292/3/1 291/3/1
f 307/4/1 293/4/1 292/4/1
f 307/3/1 292/3/1 306/3/1
f 308/3/1 294/3/1 293/3/1
f 308/4/1 293/4/1 307/4/1
f 309/3/1 294/3/1 308/3/1
f 310/4/1 299/4/1 298/4/1
f 310/4/1 300/4/1 299/4/1
f 311/4/1 300/4/1 310/4/1
f 314/9/1 313/9/1 312/9/1
f 315/9/1 313/9/1 314/9/1
f 316/6/1 315/6/1 314/6/1
f 317/6/1 315/6/1 316/6/1
f 327/3/1 319/3/1 318/3/1
f 328/3/1 319/3/1 327/3/1
f 332/5/1 321/5/1 320/5/1
f 333/5/1 321/5/1 332/5/1
f 336/3/1 323/3/1 322/3/1
f 337/3/1 323/3/1 336/3/1
f 338/3/1 325/3/1 324/3/1
f 339/3/1 325/3/1 338/3/1
f 340/3/1 327/3/1 326/3/1
f 341/3/1 327/3/1 340/3/1
f 342/3/1 330/3/1 329/3/1
f 343/5/1 331/5/1 330/5/1
f 343/3/1 330/3/1 342/3/1
f 344/5/1 331/5/1 343/5/1
f 345/5/1 335/5/1 334/5/1
f 345/5/1 334/5/1 333/5/1
f 346/5/1 335/5/1 345/5/1
f 347/5/1 335/5/1 346/5/1
f 348/3/1 344/3/1 343/3/1
f 349/4/1 345/4/1 344/4/1
f 349/3/1 344/3/1 348/3/1
f 350/3/1 346/3/1 345/3/1
f 350/4/1 345/4/1 349/4/1
f 351/3/1 346/3/1 350/3/1
f 352/3/1 350/3/1 349/3/1
f 353/3/1 350/3/1 352/3/1
f 358/3/1 355/3/1 354/3/1
f 359/3/1 355/3/1 358/3/1
f 362/3/1 357/3/1 356/3/1
f 363/3/1 357/3/1 362/3/1
f 366/3/1 361/3/1 360/3/1
f 367/3/1 361/3/1 366/3/1
f 368/3/1 365/3/1 364/3/1
f 369/3/1 365/3/1 368/3/1
f 376/6/1 371/6/1 370/6/1
f 377/6/1 371/6/1 376/6/1
f 378/6/1 373/6/1 372/6/1
f 379/6/1 373/6/1 378/6/1
f 380/3/1 375/3/1 374/3/1
f 381/3/1 375/3/1 380/3/1
f 384/6/1 383/6/1 382/6/1
f 385/6/1 383/6/1 384/6/1
f 390/6/1 387/6/1 386/6/1
f 391/6/1 387/6/1 390/6/1
f 392/6/1 389/6/1 388/6/1
f 393/6/1 389/6/1 392/6/1
f 396/4/1 395/4/1 394/4/1
f 397/4/1 395/4/1 396/4/1
f 400/5/1 399/5/1 398/5/1
f 401/5/1 399/5/1 400/5/1
f 402/5/1 399/5/1 401/5/1
f 407/6/1 404/6/1 403/6/1
f 408/6/1 404/6/1 407/6/1
f 409/4/1 406/4/1 405/4/1
f 410/4/1 406/4/1 409/4/1
f 413/5/1 412/5/1 411/5/1
f 414/5/1 412/5/1 413/5/1
f 419/3/1 416/3/1 415/3/1
f 420/3/1 416/3/1 419/3/1
f 423/4/1 418/4/1 417/4/1
f 424/4/1 418/4/1 423/4/1
f 425/3/1 422/3/1 421/3/1
f 426/3/1 422/3/1 425/3/1
f 429/4/1 428/4/1 427/4/1
f 430/4/1 428/4/1 429/4/1
f 433/4/1 432/4/1 431/4/1
f 434/4/1 432/4/1 433/4/1
f 439/4/1 436/4/1 435/4/1
f 440/4/1 436/4/1 439/4/1
f 441/4/1 438/4/1 437/4/1
f 442/4/1 438/4/1 441/4/1
f 454/4/1 444/4/1 443/4/1
f 455/4/1 444/4/1 454/4/1
f 458/4/1 446/4/1 445/4/1
f 459/4/1 446/4/1 458/4/1
f 461/3/1 448/3/1 447/3/1
f 462/3/1 448/3/1 461/3/1
f 463/4/1 450/4/1 449/4/1
f 464/4/1 450/4/1 463/4/1
f 465/3/1 452/3/1 451/3/1
f 466/3/1 452/3/1 465/3/1
f 467/3/1 454/3/1 453/3/1
f 467/3/1 455/3/1 454/3/1
f 468/3/1 455/3/1 467/3/1
f 469/4/1 457/4/1 456/4/1
f 470/4/1 457/4/1 469/4/1
f 471/3/1 461/3/1 460/3/1
f 472/3/1 461/3/1 471/3/1
f 477/4/1 474/4/1 473/4/1
f 478/4/1 474/4/1 477/4/1
f 479/3/1 476/3/1 475/3/1
f 480/3/1 476/3/1 479/3/1
f 485/5/1 484/5/1 483/5/1
f 488/5/1 485/5/1 483/5/1
f 488/5/1 487/5/1 486/5/1
f 488/5/1 486/5/1 485/5/1
f 489/5/1 487/5/1 488/5/1
f 490/5/1 487/5/1 489/5/1
f 492/5/1 482/5/1 481/5/1
f 493/5/1 482/5/1 492/5/1
f 494/5/1 488/5/1 483/5/1
f 495/5/1 488/5/1 494/5/1
f 496/5/1 491/5/1 490/5/1
f 496/5/1 490/5/1 489/5/1
f 497/5/1 491/5/1 496/5/1
f 500/3/1 499/3/1 498/3/1
f 501/3/1 499/3/1 500/3/1
f 504/3/1 503/3/1 502/3/1
f 505/3/1 503/3/1 504/3/1
f 513/6/1 507/6/1 506/6/1
f 514/6/1 507/6/1 513/6/1
f 515/4/1 509/4/1 508/4/1
f 516/6/1 510/6/1 509/6/1
f 516/4/1 509/4/1 515/4/1
f 517/6/1 510/6/1 516/6/1
f 520/3/1 512/3/1 511/3/1
f 521/3/1 512/3/1 520/3/1
f 522/4/1 519/4/1 518/4/1
f 523/4/1 519/4/1 522/4/1
f 526/6/1 525/6/1 524/6/1
f 527/6/1 525/6/1 526/6/1
f 530/3/1 529/3/1 528/3/1
f 531/3/1 529/3/1 530/3/1
f 534/9/1 533/9/1 532/9/1
f 535/9/1 533/9/1 534/9/1
f 538/6/1 537/6/1 536/6/1
f 539/6/1 537/6/1 538/6/1
f 542/6/1 541/6/1 540/6/1
f 543/6/1 541/6/1 542/6/1
f 546/6/1 545/6/1 544/6/1
f 547/6/1 545/6/1 546/6/1
f 550/9/1 549/9/1 548/9/1
f 551/9/1 549/9/1 550/9/1
f 554/6/1 553/6/1 552/6/1
f 555/6/1 553/6/1 554/6/1
f 559/4/1 557/4/1 556/4/1
f 560/4/1 557/4/1 559/4/1
f 561/3/1 559/3/1 558/3/1
f 562/3/1 559/3/1 561/3/1
f 565/6/1 564/6/1 563/6/1
f 566/6/1 564/6/1 565/6/1
f 572/4/1 566/4/1 565/4/1
f 573/3/1 568/3/1 567/3/1
f 574/6/1 569/6/1 568/6/1
f 574/3/1 568/3/1 573/3/1
f 575/6/1 569/6/1 574/6/1
f 576/6/1 571/6/1 570/6/1
f 577/6/1 571/6/1 576/6/1
f 578/4/1 566/4/1 572/4/1
f 579/4/1 566/4/1 578/4/1
f 581/3/1 580/3/1 579/3/1
f 582/3/1 580/3/1 581/3/1
f 584/3/1 583/3/1 582/3/1
f 585/3/1 583/3/1 584/3/1
f 590/9/1 587/9/1 586/9/1
f 591/9/1 587/9/1 590/9/1
f 592/9/1 587/9/1 591/9/1
f 594/9/1 589/9/1 588/9/1
f 595/9/1 589/9/1 594/9/1
f 596/9/1 594/9/1 593/9/1
f 597/9/1 594/9/1 596/9/1
f 598/6/1 597/6/1 596/6/1
f 599/6/1 597/6/1 598/6/1
f 604/3/1 603/3/1 602/3/1
f 605/3/1 603/3/1 604/3/1
f 606/3/1 601/3/1 600/3/1
f 607/3/1 601/3/1 606/3/1
f 608/3/1 601/3/1 607/3/1
f 611/5/1 610/5/1 609/5/1
f 612/5/1 610/5/1 611/5/1
f 615/5/1 614/5/1 613/5/1
f 616/5/1 614/5/1 615/5/1
f 619/3/1 618/3/1 617/3/1
f 620/3/1 618/3/1 619/3/1
f 623/6/1 622/6/1 621/6/1
f 624/6/1 622/6/1 623/6/1
f 629/10/1 626/10/1 625/10/1
f 630/10/1 626/10/1 629/10/1
f 631/10/1 628/10/1 627/10/1
f 632/10/1 628/10/1 631/10/1
f 633/10/1 631/10/1 630/10/1
f 634/10/1 631/10/1 633/10/1
f 637/7/1 636/7/1 635/7/1
f 638/7/1 636/7/1 637/7/1
f 641/9/1 640/9/1 639/9/1
f 642/9/1 640/9/1 641/9/1
f 645/6/1 644/6/1 643/6/1
f 646/6/1 644/6/1 645/6/1
f 647/6/1 642/6/1 641/6/1
f 650/6/1 642/6/1 647/6/1
f 651/6/1 642/6/1 650/6/1
f 652/3/1 649/3/1 648/3/1
f 653/3/1 649/3/1 652/3/1
f 656/9/1 655/9/1 654/9/1
f 657/9/1 655/9/1 656/9/1
f 660/7/1 659/7/1 658/7/1
f 661/7/1 659/7/1 660/7/1
f 664/5/1 663/5/1 662/5/1
f 665/5/1 663/5/1 664/5/1
f 668/4/1 667/4/1 666/4/1
f 669/4/1 667/4/1 668/4/1
f 671/6/1 670/6/1 669/6/1
f 672/6/1 670/6/1 671/6/1
f 673/6/1 672/6/1 671/6/1
f 677/6/1 674/6/1 673/6/1
f 678/6/1 674/6/1 677/6/1
f 679/3/1 676/3/1 675/3/1
f 680/3/1 676/3/1 679/3/1
f 682/6/1 673/6/1 671/6/1
f 682/6/1 677/6/1 673/6/1
f 683/6/1 677/6/1 682/6/1
f 684/3/1 681/3/1 680/3/1
f 685/3/1 681/3/1 684/3/1
f 690/3/1 687/3/1 686/3/1
f 691/3/1 687/3/1 690/3/1
f 693/3/1 689/3/1 688/3/1
f 694/3/1 689/3/1 693/3/1
f 698/3/1 693/3/1 692/3/1
f 699/3/1 693/3/1 698/3/1
f 702/3/1 696/3/1 695/3/1
f 703/3/1 696/3/1 702/3/1
f 704/3/1 698/3/1 697/3/1
f 705/3/1 698/3/1 704/3/1
f 706/3/1 701/3/1 700/3/1
f 707/3/1 701/3/1 706/3/1
f 710/6/1 709/6/1 708/6/1
f 711/6/1 709/6/1 710/6/1
f 716/3/1 713/3/1 712/3/1
f 717/3/1 713/3/1 716/3/1
f 718/4/1 715/4/1 714/4/1
f 719/4/1 715/4/1 718/4/1
f 720/4/1 715/4/1 719/4/1
f 722/4/1 721/4/1 720/4/1
f 722/4/1 720/4/1 719/4/1
f 723/4/1 721/4/1 722/4/1
f 726/4/1 725/4/1 724/4/1
f 727/4/1 725/4/1 726/4/1
f 730/3/1 729/3/1 728/3/1
f 731/3/1 729/3/1 730/3/1
f 734/4/1 733/4/1 732/4/1
f 735/4/1 733/4/1 734/4/1
f 738/4/1 737/4/1 736/4/1
f 739/4/1 737/4/1 738/4/1
f 742/3/1 741/3/1 740/3/1
f 743/3/1 741/3/1 742/3/1
f 748/7/1 745/7/1 744/7/1
f 749/3/1 746/3/1 745/3/1
f 749/7/1 745/7/1 748/7/1
f 750/7/1 747/7/1 746/7/1
f 750/3/1 746/3/1 749/3/1
f 751/7/1 747/7/1 750/7/1
f 756/10/1 753/10/1 752/10/1
f 757/3/1 754/3/1 753/3/1
f 757/10/1 753/10/1 756/10/1
f 758/10/1 755/10/1 754/10/1
f 758/3/1 754/3/1 757/3/1
f 759/10/1 755/10/1 758/10/1
f 764/9/1 761/9/1 760/9/1
f 764/9/1 763/9/1 762/9/1
f 764/9/1 762/9/1 761/9/1
f 765/9/1 763/9/1 764/9/1
f 766/10/1 765/10/1 764/10/1
f 767/10/1 765/10/1 766/10/1
f 770/10/1 769/10/1 768/10/1
f 771/10/1 769/10/1 770/10/1
f 774/9/1 773/9/1 772/9/1
f 775/9/1 773/9/1 774/9/1
f 778/9/1 777/9/1 776/9/1
f 779/9/1 777/9/1 778/9/1
f 782/9/1 781/9/1 780/9/1
f 783/9/1 781/9/1 782/9/1
f 784/9/2 785/9/2 786/9/2
f 786/9/2 785/9/2 787/9/2
f 788/9/2 789/9/2 790/9/2
f 790/9/2 789/9/2 791/9/2
f 792/9/2 793/9/2 794/9/2
f 794/9/2 793/9/2 795/9/2
f 796/10/2 797/10/2 798/10/2
f 798/10/2 797/10/2 799/10/2
f 802/9/2 803/9/2 806/9/2
f 804/9/2 805/9/2 807/9/2
f 806/9/2 803/9/2 809/9/2
f 800/9/2 801/9/2 810/9/2
f 810/9/2 801/9/2 811/9/2
f 807/9/2 808/9/2 816/9/2
f 804/9/2 807/9/2 816/9/2
f 806/9/2 809/9/2 817/9/2
f 811/9/2 812/9/2 817/9/2
f 809/9/2 810/9/2 817/9/2
f 810/9/2 811/9/2 817/9/2
f 817/9/2 812/9/2 818/9/2
f 813/9/2 814/9/2 820/9/2
f 820/9/2 814/9/2 821/9/2
f 815/9/2 816/9/2 822/9/2
f 816/9/2 808/9/2 823/9/2
f 822/9/2 816/9/2 823/9/2
f 817/10/2 818/10/2 824/10/2
f 824/10/2 818/10/2 825/10/2
f 820/10/2 821/10/2 826/10/2
f 821/10/2 822/10/2 826/10/2
f 819/10/2 820/10/2 826/10/2
f 822/10/2 823/10/2 826/10/2
f 826/10/2 823/10/2 827/10/2
f 828/4/2 829/4/2 832/4/2
f 832/4/2 829/4/2 833/4/2
f 830/4/2 831/4/2 834/4/2
f 834/4/2 831/4/2 835/4/2
f 828/4/2 832/4/2 836/4/2
f 836/4/2 832/4/2 837/4/2
f 838/6/2 839/6/2 848/6/2
f 839/6/2 840/6/2 848/6/2
f 848/6/2 840/6/2 849/6/2
f 840/10/2 841/10/2 850/10/2
f 849/6/2 840/6/2 850/6/2
f 841/10/2 842/10/2 850/10/2
f 842/1/2 843/1/2 851/1/2
f 850/10/2 842/10/2 851/10/2
f 843/1/2 844/1/2 851/1/2
f 844/10/2 845/10/2 852/10/2
f 851/1/2 844/1/2 852/1/2
f 846/1/2 847/1/2 853/1/2
f 852/10/2 845/10/2 853/10/2
f 845/1/2 846/1/2 853/1/2
f 853/1/2 847/1/2 854/1/2
f 855/6/2 856/6/2 857/6/2
f 857/6/2 856/6/2 858/6/2
f 859/6/2 860/6/2 861/6/2
f 861/6/2 860/6/2 862/6/2
f 865/6/2 866/6/2 869/6/2
f 869/6/2 866/6/2 870/6/2
f 863/6/2 864/6/2 871/6/2
f 871/6/2 864/6/2 872/6/2
f 867/6/2 868/6/2 873/6/2
f 873/6/2 868/6/2 874/6/2
f 881/6/2 882/6/2 885/6/2
f 885/6/2 882/6/2 886/6/2
f 875/6/2 876/6/2 887/6/2
f 887/6/2 876/6/2 888/6/2
f 877/6/2 878/6/2 889/6/2
f 889/6/2 878/6/2 890/6/2
f 883/6/2 884/6/2 891/6/2
f 891/6/2 884/6/2 892/6/2
f 879/6/2 880/6/2 893/6/2
f 893/6/2 880/6/2 894/6/2
f 897/6/2 898/6/2 900/6/2
f 900/6/2 898/6/2 901/6/2
f 895/6/2 896/6/2 905/6/2
f 905/6/2 896/6/2 906/6/2
f 899/6/2 900/6/2 907/6/2
f 900/6/2 901/6/2 907/6/2
f 901/6/2 902/6/2 907/6/2
f 907/6/2 902/6/2 908/6/2
f 903/6/2 904/6/2 909/6/2
f 909/6/2 904/6/2 910/6/2
f 915/6/2 916/6/2 921/6/2
f 917/6/2 918/6/2 923/6/2
f 919/6/2 920/6/2 924/6/2
f 921/6/2 922/6/2 925/6/2
f 915/6/2 921/6/2 925/6/2
f 911/6/2 912/6/2 926/6/2
f 926/6/2 912/6/2 927/6/2
f 913/6/2 914/6/2 928/6/2
f 928/6/2 914/6/2 929/6/2
f 925/6/2 922/6/2 930/6/2
f 930/6/2 922/6/2 931/6/2
f 923/6/2 918/6/2 932/6/2
f 932/6/2 918/6/2 933/6/2
f 919/6/2 924/6/2 934/6/2
f 934/6/2 924/6/2 935/6/2
f 936/6/2 937/6/2 938/6/2
f 938/6/2 937/6/2 939/6/2
f 940/7/2 941/7/2 950/7/2
f 941/7/2 942/7/2 950/7/2
f 942/2/2 943/2/2 951/2/2
f 950/7/2 942/7/2 951/7/2
f 943/2/2 944/2/2 951/2/2
f 944/2/2 945/2/2 951/2/2
f 951/2/2 945/2/2 952/2/2
f 946/7/2 947/7/2 953/7/2
f 953/7/2 947/7/2 954/7/2
f 948/7/2 949/7/2 955/7/2
f 955/7/2 949/7/2 956/7/2
f 959/6/2 960/6/2 965/6/2
f 965/6/2 960/6/2 966/6/2
f 963/6/2 964/6/2 967/6/2
f 967/6/2 964/6/2 968/6/2
f 957/6/2 958/6/2 969/6/2
f 969/6/2 958/6/2 970/6/2
f 967/6/2 968/6/2 971/6/2
f 971/6/2 968/6/2 972/6/2
f 961/6/2 962/6/2 973/6/2
f 973/6/2 962/6/2 974/6/2
f 975/6/2 976/6/2 982/6/2
f 982/6/2 976/6/2 983/6/2
f 977/6/2 978/6/2 990/6/2
f 990/6/2 978/6/2 991/6/2
f 988/6/2 989/6/2 993/6/2
f 993/6/2 989/6/2 994/6/2
f 979/6/2 980/6/2 996/6/2
f 981/6/2 982/6/2 997/6/2
f 982/6/2 983/6/2 997/6/2
f 983/6/2 984/6/2 997/6/2
f 984/6/2 985/6/2 997/6/2
f 997/6/2 985/6/2 998/6/2
f 986/6/2 987/6/2 999/6/2
f 999/6/2 987/6/2 1000/6/2
f 992/6/2 993/6/2 1001/6/2
f 993/6/2 994/6/2 1001/6/2
f 1001/6/2 994/6/2 1002/6/2
f 995/6/2 996/6/2 1003/6/2
f 996/6/2 980/6/2 1004/6/2
f 1003/6/2 996/6/2 1004/6/2
f 1005/10/2 1006/10/2 1009/10/2
f 1009/10/2 1006/10/2 1010/10/2
f 1007/10/2 1008/10/2 1011/10/2
f 1011/10/2 1008/10/2 1012/10/2
f 1010/10/2 1011/10/2 1013/10/2
f 1013/10/2 1011/10/2 1014/10/2
f 1015/7/2 1016/7/2 1022/7/2
f 1022/7/2 1016/7/2 1023/7/2
f 1016/2/2 1017/2/2 1024/2/2
f 1023/7/2 1016/7/2 1024/7/2
f 1024/2/2 1017/2/2 1025/2/2
f 1022/2/2 1023/2/2 1026/2/2
f 1023/7/2 1024/7/2 1027/7/2
f 1026/2/2 1023/2/2 1027/2/2
f 1024/7/2 1025/7/2 1027/7/2
f 1025/2/2 1017/2/2 1028/2/2
f 1027/7/2 1025/7/2 1028/7/2
f 1028/2/2 1017/2/2 1029/2/2
f 1018/7/2 1019/7/2 1030/7/2
f 1030/7/2 1019/7/2 1031/7/2
f 1020/7/2 1021/7/2 1032/7/2
f 1032/7/2 1021/7/2 1033/7/2
f 1034/4/2 1035/4/2 1042/4/2
f 1042/4/2 1035/4/2 1043/4/2
f 1036/4/2 1037/4/2 1046/4/2
f 1046/4/2 1037/4/2 1047/4/2
f 1038/6/2 1039/6/2 1050/6/2
f 1040/3/2 1041/3/2 1051/3/2
f 1051/3/2 1041/3/2 1052/3/2
f 1044/4/2 1045/4/2 1055/4/2
f 1055/4/2 1045/4/2 1056/4/2
f 1048/4/2 1049/4/2 1057/4/2
f 1057/4/2 1049/4/2 1058/4/2
f 1038/6/2 1050/6/2 1059/6/2
f 1059/6/2 1050/6/2 1060/6/2
f 1053/3/2 1054/3/2 1061/3/2
f 1061/3/2 1054/3/2 1062/3/2
f 1063/4/2 1064/4/2 1076/4/2
f 1076/4/2 1064/4/2 1077/4/2
f 1065/4/2 1066/4/2 1078/4/2
f 1078/4/2 1066/4/2 1079/4/2
f 1067/4/2 1068/4/2 1080/4/2
f 1080/4/2 1068/4/2 1081/4/2
f 1069/3/2 1070/3/2 1082/3/2
f 1070/3/2 1071/3/2 1082/3/2
f 1082/3/2 1071/3/2 1083/3/2
f 1072/6/2 1073/6/2 1084/6/2
f 1074/3/2 1075/3/2 1085/3/2
f 1085/3/2 1075/3/2 1086/3/2
f 1072/6/2 1084/6/2 1087/6/2
f 1087/6/2 1084/6/2 1088/6/2
f 1089/9/2 1090/9/2 1091/9/2
f 1091/9/2 1090/9/2 1092/9/2
f 1091/6/2 1092/6/2 1093/6/2
f 1093/6/2 1092/6/2 1094/6/2
f 1095/6/2 1096/6/2 1101/6/2
f 1097/3/2 1098/3/2 1102/3/2
f 1102/3/2 1098/3/2 1103/3/2
f 1099/3/2 1100/3/2 1104/3/2
f 1104/3/2 1100/3/2 1105/3/2
f 1095/6/2 1101/6/2 1106/6/2
f 1106/6/2 1101/6/2 1107/6/2
f 1108/5/2 1109/5/2 1116/5/2
f 1109/5/2 1110/5/2 1116/5/2
f 1116/5/2 1110/5/2 1117/5/2
f 1111/5/2 1112/5/2 1118/5/2
f 1118/5/2 1112/5/2 1119/5/2
f 1114/5/2 1115/5/2 1120/5/2
f 1113/5/2 1114/5/2 1120/5/2
f 1120/5/2 1115/5/2 1121/5/2
f 1122/3/2 1123/3/2 1134/3/2
f 1134/3/2 1123/3/2 1135/3/2
f 1124/3/2 1125/3/2 1136/3/2
f 1136/3/2 1125/3/2 1137/3/2
f 1126/3/2 1127/3/2 1138/3/2
f 1138/3/2 1127/3/2 1139/3/2
f 1128/3/2 1129/3/2 1140/3/2
f 1140/3/2 1129/3/2 1141/3/2
f 1130/3/2 1131/3/2 1142/3/2
f 1142/3/2 1131/3/2 1143/3/2
f 1132/6/2 1133/6/2 1144/6/2
f 1144/6/2 1133/6/2 1145/6/2
f 1146/4/2 1147/4/2 1153/4/2
f 1153/4/2 1147/4/2 1154/4/2
f 1148/3/2 1149/3/2 1155/3/2
f 1155/3/2 1149/3/2 1156/3/2
f 1151/3/2 1152/3/2 1157/3/2
f 1150/3/2 1151/3/2 1157/3/2
f 1157/3/2 1152/3/2 1158/3/2
f 1159/3/2 1160/3/2 1161/3/2
f 1161/3/2 1160/3/2 1162/3/2
f 1163/3/2 1164/3/2 1167/3/2
f 1167/3/2 1164/3/2 1168/3/2
f 1165/3/2 1166/3/2 1170/3/2
f 1170/3/2 1166/3/2 1171/3/2
f 1168/3/2 1169/3/2 1172/3/2
f 1172/3/2 1169/3/2 1173/3/2
f 1174/3/2 1175/3/2 1176/3/2
f 1176/3/2 1175/3/2 1177/3/2
f 1178/4/2 1179/4/2 1185/4/2
f 1185/4/2 1179/4/2 1186/4/2
f 1180/3/2 1181/3/2 1187/3/2
f 1187/3/2 1181/3/2 1188/3/2
f 1182/4/2 1183/4/2 1189/4/2
f 1189/4/2 1183/4/2 1190/4/2
f 1184/6/2 1185/6/2 1193/6/2
f 1193/6/2 1185/6/2 1194/6/2
f 1191/3/2 1192/3/2 1197/3/2
f 1197/3/2 1192/3/2 1198/3/2
f 1195/3/2 1196/3/2 1199/3/2
f 1199/3/2 1196/3/2 1200/3/2
f 1201/3/2 1202/3/2 1208/3/2
f 1208/3/2 1202/3/2 1209/3/2
f 1203/4/2 1204/4/2 1212/4/2
f 1212/4/2 1204/4/2 1213/4/2
f 1205/6/2 1206/6/2 1214/6/2
f 1214/6/2 1206/6/2 1215/6/2
f 1207/6/2 1208/6/2 1216/6/2
f 1216/6/2 1208/6/2 1217/6/2
f 1210/3/2 1211/3/2 1218/3/2
f 1218/3/2 1211/3/2 1219/3/2
f 1220/5/2 1221/5/2 1222/5/2
f 1222/5/2 1221/5/2 1223/5/2
f 1224/6/2 1225/6/2 1226/6/2
f 1226/6/2 1225/6/2 1227/6/2
f 1228/3/2 1229/3/2 1232/3/2
f 1232/3/2 1229/3/2 1233/3/2
f 1230/4/2 1231/4/2 1234/4/2
f 1234/4/2 1231/4/2 1235/4/2
f 1236/6/2 1237/6/2 1242/6/2
f 1242/6/2 1237/6/2 1243/6/2
f 1238/3/2 1239/3/2 1244/3/2
f 1244/3/2 1239/3/2 1245/3/2
f 1240/3/2 1241/3/2 1248/3/2
f 1248/3/2 1241/3/2 1249/3/2
f 1246/3/2 1247/3/2 1250/3/2
f 1250/3/2 1247/3/2 1251/3/2
f 1252/4/2 1253/4/2 1254/4/2
f 1254/4/2 1253/4/2 1255/4/2
f 1256/3/2 1257/3/2 1259/3/2
f 1257/3/2 1258/3/2 1259/3/2
f 1259/3/2 1258/3/2 1260/3/2
f 1261/6/2 1262/6/2 1263/6/2
f 1263/6/2 1262/6/2 1264/6/2
f 1265/3/2 1266/3/2 1274/3/2
f 1266/3/2 1267/3/2 1274/3/2
f 1274/3/2 1267/3/2 1275/3/2
f 1268/3/2 1269/3/2 1276/3/2
f 1276/3/2 1269/3/2 1277/3/2
f 1270/4/2 1271/4/2 1278/4/2
f 1278/4/2 1271/4/2 1279/4/2
f 1272/3/2 1273/3/2 1280/3/2
f 1280/3/2 1273/3/2 1281/3/2
f 1282/4/2 1283/4/2 1286/4/2
f 1286/4/2 1283/4/2 1287/4/2
f 1284/4/2 1285/4/2 1289/4/2
f 1289/4/2 1285/4/2 1290/4/2
f 1287/3/2 1288/3/2 1291/3/2
f 1291/3/2 1288/3/2 1292/3/2
f 1293/3/2 1294/3/2 1295/3/2
f 1295/3/2 1294/3/2 1296/3/2
f 1297/3/2 1298/3/2 1299/3/2
f 1299/3/2 1298/3/2 1300/3/2
f 1301/9/2 1302/9/2 1305/9/2
f 1305/9/2 1302/9/2 1306/9/2
f 1303/9/2 1304/9/2 1307/9/2
f 1301/9/2 1305/9/2 1309/9/2
f 1309/9/2 1305/9/2 1310/9/2
f 1307/9/2 1308/9/2 1311/9/2
f 1303/9/2 1307/9/2 1311/9/2
f 1311/9/2 1308/9/2 1312/9/2
f 1311/6/2 1312/6/2 1313/6/2
f 1313/6/2 1312/6/2 1314/6/2
f 1311/6/2 1313/6/2 1315/6/2
f 1315/6/2 1313/6/2 1316/6/2
f 1309/6/2 1310/6/2 1317/6/2
f 1317/6/2 1310/6/2 1318/6/2
f 1315/3/2 1316/3/2 1319/3/2
f 1319/3/2 1316/3/2 1320/3/2
f 1321/3/2 1322/3/2 1325/3/2
f 1325/3/2 1322/3/2 1326/3/2
f 1323/4/2 1324/4/2 1327/4/2
f 1327/4/2 1324/4/2 1328/4/2
f 1329/3/2 1330/3/2 1331/3/2
f 1331/3/2 1330/3/2 1332/3/2
f 1333/3/2 1334/3/2 1335/3/2
f 1335/3/2 1334/3/2 1336/3/2
f 1337/3/2 1338/3/2 1339/3/2
f 1339/3/2 1338/3/2 1340/3/2
f 1341/5/2 1342/5/2 1345/5/2
f 1345/5/2 1342/5/2 1346/5/2
f 1343/5/2 1344/5/2 1347/5/2
f 1347/5/2 1344/5/2 1348/5/2
f 1349/9/2 1350/9/2 1351/9/2
f 1351/9/2 1350/9/2 1352/9/2
f 1353/4/2 1354/4/2 1357/4/2
f 1357/4/2 1354/4/2 1358/4/2
f 1358/4/2 1354/4/2 1359/4/2
f 1355/4/2 1356/4/2 1360/4/2
f 1360/4/2 1356/4/2 1361/4/2
f 1358/3/2 1359/3/2 1362/3/2
f 1362/3/2 1359/3/2 1363/3/2
f 1364/3/2 1365/3/2 1368/3/2
f 1368/3/2 1365/3/2 1369/3/2
f 1366/4/2 1367/4/2 1370/4/2
f 1370/4/2 1367/4/2 1371/4/2
f 1369/3/2 1370/3/2 1372/3/2
f 1372/3/2 1370/3/2 1373/3/2
f 1374/5/2 1375/5/2 1376/5/2
f 1376/5/2 1375/5/2 1377/5/2
f 1378/5/2 1379/5/2 1382/5/2
f 1380/5/2 1381/5/2 1382/5/2
f 1379/5/2 1380/5/2 1382/5/2
f 1382/5/2 1381/5/2 1383/5/2
f 1384/9/2 1385/9/2 1386/9/2
f 1386/9/2 1385/9/2 1387/9/2
f 1388/6/2 1389/6/2 1390/6/2
f 1390/6/2 1389/6/2 1391/6/2
f 1392/3/2 1393/3/2 1398/3/2
f 1394/3/2 1395/3/2 1399/3/2
f 1399/3/2 1395/3/2 1400/3/2
f 1396/6/2 1397/6/2 1401/6/2
f 1401/6/2 1397/6/2 1402/6/2
f 1398/3/2 1393/3/2 1403/3/2
f 1403/3/2 1393/3/2 1404/3/2
f 1404/3/2 1393/3/2 1405/3/2
f 1405/3/2 1393/3/2 1406/3/2
f 1407/5/2 1408/5/2 1409/5/2
f 1409/5/2 1408/5/2 1410/5/2
f 1411/5/2 1412/5/2 1415/5/2
f 1411/5/2 1415/5/2 1417/5/2
f 1415/5/2 1416/5/2 1417/5/2
f 1417/5/2 1416/5/2 1418/5/2
f 1413/5/2 1414/5/2 1419/5/2
f 1419/5/2 1414/5/2 1420/5/2
f 1421/9/2 1422/9/2 1423/9/2
f 1423/9/2 1422/9/2 1424/9/2
f 1425/3/2 1426/3/2 1427/3/2
f 1427/3/2 1426/3/2 1428/3/2
f 1429/3/2 1430/3/2 1431/3/2
f 1431/3/2 1430/3/2 1432/3/2
f 1433/9/2 1434/9/2 1435/9/2
f 1435/9/2 1434/9/2 1436/9/2
f 1437/6/2 1438/6/2 1439/6/2
f 1439/6/2 1438/6/2 1440/6/2
f 1435/6/2 1436/6/2 1445/6/2
f 1445/6/2 1436/6/2 1446/6/2
f 1441/6/2 1442/6/2 1449/6/2
f 1449/6/2 1442/6/2 1450/6/2
f 1443/6/2 1444/6/2 1451/6/2
f 1451/6/2 1444/6/2 1452/6/2
f 1447/3/2 1448/3/2 1453/3/2
f 1453/3/2 1448/3/2 1454/3/2
f 1455/9/2 1456/9/2 1457/9/2
f 1457/9/2 1456/9/2 1458/9/2
f 1459/6/2 1460/6/2 1461/6/2
f 1461/6/2 1460/6/2 1462/6/2
f 1459/6/2 1461/6/2 1465/6/2
f 1463/3/2 1464/3/2 1472/3/2
f 1472/3/2 1464/3/2 1473/3/2
f 1459/6/2 1465/6/2 1474/6/2
f 1474/6/2 1465/6/2 1475/6/2
f 1466/3/2 1467/3/2 1480/3/2
f 1467/4/2 1468/4/2 1481/4/2
f 1480/3/2 1467/3/2 1481/3/2
f 1481/4/2 1468/4/2 1482/4/2
f 1469/6/2 1470/6/2 1483/6/2
f 1483/6/2 1470/6/2 1484/6/2
f 1471/6/2 1472/6/2 1485/6/2
f 1485/6/2 1472/6/2 1486/6/2
f 1476/5/2 1477/5/2 1487/5/2
f 1487/5/2 1477/5/2 1488/5/2
f 1478/5/2 1479/5/2 1489/5/2
f 1489/5/2 1479/5/2 1490/5/2
f 1488/3/2 1489/3/2 1491/3/2
f 1491/3/2 1489/3/2 1492/3/2
f 1493/5/2 1494/5/2 1495/5/2
f 1495/5/2 1494/5/2 1496/5/2
f 1497/9/2 1498/9/2 1499/9/2
f 1499/9/2 1498/9/2 1500/9/2
f 1501/6/2 1502/6/2 1503/6/2
f 1503/6/2 1502/6/2 1504/6/2
f 1505/4/2 1506/4/2 1511/4/2
f 1511/4/2 1506/4/2 1512/4/2
f 1507/4/2 1508/4/2 1513/4/2
f 1513/4/2 1508/4/2 1514/4/2
f 1509/3/2 1510/3/2 1515/3/2
f 1515/3/2 1510/3/2 1516/3/2
f 1514/6/2 1515/6/2 1519/6/2
f 1519/6/2 1515/6/2 1520/6/2
f 1517/3/2 1518/3/2 1521/3/2
f 1521/3/2 1518/3/2 1522/3/2
f 1523/4/2 1524/4/2 1527/4/2
f 1525/3/2 1526/3/2 1528/3/2
f 1528/3/2 1526/3/2 1529/3/2
f 1527/4/2 1524/4/2 1530/4/2
f 1530/4/2 1524/4/2 1531/4/2
f 1532/4/2 1533/4/2 1538/4/2
f 1538/4/2 1533/4/2 1539/4/2
f 1534/4/2 1535/4/2 1540/4/2
f 1540/4/2 1535/4/2 1541/4/2
f 1536/3/2 1537/3/2 1542/3/2
f 1542/3/2 1537/3/2 1543/3/2
f 1538/3/2 1539/3/2 1544/3/2
f 1544/3/2 1539/3/2 1545/3/2
f 1540/3/2 1541/3/2 1546/3/2
f 1546/3/2 1541/3/2 1547/3/2
f 1548/4/2 1549/4/2 1550/4/2
f 1550/4/2 1549/4/2 1551/4/2
f 1552/4/2 1553/4/2 1556/4/2
f 1556/4/2 1553/4/2 1557/4/2
f 1554/4/2 1555/4/2 1561/4/2
f 1561/4/2 1555/4/2 1562/4/2
f 1559/4/2 1560/4/2 1563/4/2
f 1558/4/2 1559/4/2 1563/4/2
f 1563/4/2 1560/4/2 1564/4/2
f 1565/3/2 1566/3/2 1567/3/2
f 1567/3/2 1566/3/2 1568/3/2
f 1569/3/2 1570/3/2 1573/3/2
f 1573/3/2 1570/3/2 1574/3/2
f 1571/3/2 1572/3/2 1575/3/2
f 1575/3/2 1572/3/2 1576/3/2
f 1577/3/2 1578/3/2 1579/3/2
f 1579/3/2 1578/3/2 1580/3/2
f 1581/5/2 1582/5/2 1583/5/2
f 1583/5/2 1582/5/2 1584/5/2
f 1585/10/2 1586/10/2 1589/10/2
f 1589/10/2 1586/10/2 1590/10/2
f 1587/10/2 1588/10/2 1591/10/2
f 1591/10/2 1588/10/2 1592/10/2
f 1593/10/2 1594/10/2 1596/10/2
f 1594/8/2 1595/8/2 1597/8/2
f 1596/10/2 1594/10/2 1597/10/2
f 1597/8/2 1595/8/2 1598/8/2
f 1602/1/2 1603/1/2 1605/1/2
f 1603/8/2 1604/8/2 1605/8/2
f 1605/8/2 1604/8/2 1606/8/2
f 1606/8/2 1604/8/2 1607/8/2
f 1599/10/2 1600/10/2 1608/10/2
f 1600/2/2 1601/2/2 1609/2/2
f 1608/10/2 1600/10/2 1609/10/2
f 1601/10/2 1602/10/2 1610/10/2
f 1609/2/2 1601/2/2 1610/2/2
f 1610/10/2 1602/10/2 1611/10/2
f 1611/10/2 1602/10/2 1612/10/2
f 1602/1/2 1605/1/2 1613/1/2
f 1612/10/2 1602/10/2 1613/10/2
f 1605/10/2 1606/10/2 1614/10/2
f 1613/1/2 1605/1/2 1614/1/2
f 1606/9/2 1607/9/2 1615/9/2
f 1614/10/2 1606/10/2 1615/10/2
f 1615/9/2 1607/9/2 1616/9/2
f 1617/10/2 1618/10/2 1623/10/2
f 1618/2/2 1619/2/2 1624/2/2
f 1623/10/2 1618/10/2 1624/10/2
f 1619/10/2 1620/10/2 1625/10/2
f 1624/2/2 1619/2/2 1625/2/2
f 1625/10/2 1620/10/2 1626/10/2
f 1620/1/2 1621/1/2 1627/1/2
f 1626/10/2 1620/10/2 1627/10/2
f 1621/10/2 1622/10/2 1628/10/2
f 1627/1/2 1621/1/2 1628/1/2
f 1628/10/2 1622/10/2 1629/10/2
f 1629/10/2 1622/10/2 1630/10/2
f 1630/10/2 1622/10/2 1631/10/2
f 1634/9/2 1635/9/2 1640/9/2
f 1635/1/2 1636/1/2 1641/1/2
f 1640/9/2 1635/9/2 1641/9/2
f 1636/9/2 1637/9/2 1642/9/2
f 1641/1/2 1636/1/2 1642/1/2
f 1632/9/2 1633/9/2 1643/9/2
f 1633/2/2 1634/2/2 1644/2/2
f 1643/9/2 1633/9/2 1644/9/2
f 1634/9/2 1640/9/2 1645/9/2
f 1644/2/2 1634/2/2 1645/2/2
f 1645/9/2 1640/9/2 1646/9/2
f 1646/9/2 1640/9/2 1647/9/2
f 1640/1/2 1641/1/2 1648/1/2
f 1647/9/2 1640/9/2 1648/9/2
f 1641/9/2 1642/9/2 1649/9/2
f 1648/1/2 1641/1/2 1649/1/2
f 1642/9/2 1637/9/2 1650/9/2
f 1649/9/2 1642/9/2 1650/9/2
f 1637/10/2 1638/10/2 1650/10/2
f 1650/10/2 1638/10/2 1651/10/2
f 1638/9/2 1639/9/2 1652/9/2
f 1651/10/2 1638/10/2 1652/10/2
f 1652/9/2 1639/9/2 1653/9/2
f 1656/9/2 1657/9/2 1661/9/2
f 1657/1/2 1658/1/2 1662/1/2
f 1661/9/2 1657/9/2 1662/9/2
f 1658/9/2 1659/9/2 1663/9/2
f 1662/1/2 1658/1/2 1663/1/2
f 1654/9/2 1655/9/2 1664/9/2
f 1655/2/2 1656/2/2 1665/2/2
f 1664/9/2 1655/9/2 1665/9/2
f 1656/9/2 1661/9/2 1666/9/2
f 1665/2/2 1656/2/2 1666/2/2
f 1666/9/2 1661/9/2 1667/9/2
f 1661/1/2 1662/1/2 1668/1/2
f 1667/9/2 1661/9/2 1668/9/2
f 1662/9/2 1663/9/2 1669/9/2
f 1668/1/2 1662/1/2 1669/1/2
f 1663/9/2 1659/9/2 1670/9/2
f 1669/9/2 1663/9/2 1670/9/2
f 1659/10/2 1660/10/2 1670/10/2
f 1670/10/2 1660/10/2 1671/10/2
f 1671/10/2 1660/10/2 1672/10/2
f 1675/9/2 1676/9/2 1681/9/2
f 1676/1/2 1677/1/2 1682/1/2
f 1681/9/2 1676/9/2 1682/9/2
f 1677/9/2 1678/9/2 1683/9/2
f 1682/1/2 1677/1/2 1683/1/2
f 1673/9/2 1674/9/2 1684/9/2
f 1674/2/2 1675/2/2 1685/2/2
f 1684/9/2 1674/9/2 1685/9/2
f 1675/9/2 1681/9/2 1686/9/2
f 1685/2/2 1675/2/2 1686/2/2
f 1686/9/2 1681/9/2 1687/9/2
f 1687/9/2 1681/9/2 1688/9/2
f 1681/1/2 1682/1/2 1689/1/2
f 1688/9/2 1681/9/2 1689/9/2
f 1682/9/2 1683/9/2 1690/9/2
f 1689/1/2 1682/1/2 1690/1/2
f 1683/9/2 1678/9/2 1691/9/2
f 1690/9/2 1683/9/2 1691/9/2
f 1678/10/2 1679/10/2 1691/10/2
f 1691/10/2 1679/10/2 1692/10/2
f 1679/9/2 1680/9/2 1693/9/2
f 1692/10/2 1679/10/2 1693/10/2
f 1693/9/2 1680/9/2 1694/9/2
f 1697/9/2 1698/9/2 1703/9/2
f 1698/1/2 1699/1/2 1704/1/2
f 1703/9/2 1698/9/2 1704/9/2
f 1699/9/2 1700/9/2 1705/9/2
f 1704/1/2 1699/1/2 1705/1/2
f 1695/9/2 1696/9/2 1706/9/2
f 1696/2/2 1697/2/2 1707/2/2
f 1706/9/2 1696/9/2 1707/9/2
f 1697/9/2 1703/9/2 1708/9/2
f 1707/2/2 1697/2/2 1708/2/2
f 1708/9/2 1703/9/2 1709/9/2
f 1703/1/2 1704/1/2 1710/1/2
f 1709/9/2 1703/9/2 1710/9/2
f 1704/9/2 1705/9/2 1711/9/2
f 1710/1/2 1704/1/2 1711/1/2
f 1705/9/2 1700/9/2 1712/9/2
f 1711/9/2 1705/9/2 1712/9/2
f 1700/10/2 1701/10/2 1712/10/2
f 1712/10/2 1701/10/2 1713/10/2
f 1701/9/2 1702/9/2 1714/9/2
f 1713/10/2 1701/10/2 1714/10/2
f 1714/9/2 1702/9/2 1715/9/2
f 1718/9/2 1719/9/2 1724/9/2
f 1719/1/2 1720/1/2 1725/1/2
f 1724/9/2 1719/9/2 1725/9/2
f 1720/9/2 1721/9/2 1726/9/2
f 1725/1/2 1720/1/2 1726/1/2
f 1716/9/2 1717/9/2 1727/9/2
f 1717/2/2 1718/2/2 1728/2/2
f 1727/9/2 1717/9/2 1728/9/2
f 1718/9/2 1724/9/2 1729/9/2
f 1728/2/2 1718/2/2 1729/2/2
f 1729/9/2 1724/9/2 1730/9/2
f 1730/9/2 1724/9/2 1731/9/2
f 1724/1/2 1725/1/2 1732/1/2
f 1731/9/2 1724/9/2 1732/9/2
f 1725/9/2 1726/9/2 1733/9/2
f 1732/1/2 1725/1/2 1733/1/2
f 1726/9/2 1721/9/2 1734/9/2
f 1733/9/2 1726/9/2 1734/9/2
f 1721/10/2 1722/10/2 1734/10/2
f 1722/9/2 1723/9/2 1735/9/2
f 1734/10/2 1722/10/2 1735/10/2
f 1735/9/2 1723/9/2 1736/9/2
f 1737/9/2 1738/9/2 1745/9/2
f 1745/9/2 1738/9/2 1746/9/2
f 1739/9/2 1740/9/2 1747/9/2
f 1740/1/2 1741/1/2 1748/1/2
f 1747/9/2 1740/9/2 1748/9/2
f 1741/9/2 1742/9/2 1749/9/2
f 1748/1/2 1741/1/2 1749/1/2
f 1737/9/2 1745/9/2 1750/9/2
f 1745/2/2 1746/2/2 1751/2/2
f 1750/9/2 1745/9/2 1751/9/2
f 1746/9/2 1738/9/2 1752/9/2
f 1751/2/2 1746/2/2 1752/2/2
f 1738/2/2 1739/2/2 1753/2/2
f 1752/9/2 1738/9/2 1753/9/2
f 1739/9/2 1747/9/2 1754/9/2
f 1753/2/2 1739/2/2 1754/2/2
f 1754/9/2 1747/9/2 1755/9/2
f 1755/9/2 1747/9/2 1756/9/2
f 1747/1/2 1748/1/2 1757/1/2
f 1756/9/2 1747/9/2 1757/9/2
f 1748/9/2 1749/9/2 1758/9/2
f 1757/1/2 1748/1/2 1758/1/2
f 1742/10/2 1743/10/2 1759/10/2
f 1758/9/2 1749/9/2 1759/9/2
f 1749/9/2 1742/9/2 1759/9/2
f 1759/10/2 1743/10/2 1760/10/2
f 1743/9/2 1744/9/2 1761/9/2
f 1760/10/2 1743/10/2 1761/10/2
f 1761/9/2 1744/9/2 1762/9/2
f 1763/9/2 1764/9/2 1767/9/2
f 1765/9/2 1766/9/2 1768/9/2
f 1763/9/2 1767/9/2 1769/9/2
f 1768/9/2 1766/9/2 1772/9/2
f 1769/9/2 1770/9/2 1773/9/2
f 1763/9/2 1769/9/2 1773/9/2
f 1773/9/2 1770/9/2 1774/9/2
f 1771/9/2 1772/9/2 1775/9/2
f 1772/9/2 1766/9/2 1776/9/2
f 1775/9/2 1772/9/2 1776/9/2
f 1779/9/2 1780/9/2 1784/9/2
f 1780/1/2 1781/1/2 1785/1/2
f 1784/9/2 1780/9/2 1785/9/2
f 1781/9/2 1782/9/2 1786/9/2
f 1785/1/2 1781/1/2 1786/1/2
f 1777/9/2 1778/9/2 1787/9/2
f 1778/2/2 1779/2/2 1788/2/2
f 1787/9/2 1778/9/2 1788/9/2
f 1779/9/2 1784/9/2 1789/9/2
f 1788/2/2 1779/2/2 1789/2/2
f 1789/9/2 1784/9/2 1790/9/2
f 1790/9/2 1784/9/2 1791/9/2
f 1784/1/2 1785/1/2 1792/1/2
f 1791/9/2 1784/9/2 1792/9/2
f 1785/9/2 1786/9/2 1793/9/2
f 1792/1/2 1785/1/2 1793/1/2
f 1786/9/2 1782/9/2 1794/9/2
f 1793/9/2 1786/9/2 1794/9/2
f 1782/10/2 1783/10/2 1794/10/2
f 1794/10/2 1783/10/2 1795/10/2
f 1795/10/2 1783/10/2 1796/10/2
f 1797/9/2 1798/9/2 1805/9/2
f 1798/2/2 1799/2/2 1805/2/2
f 1799/9/2 1800/9/2 1806/9/2
f 1805/2/2 1799/2/2 1806/2/2
f 1800/1/2 1801/1/2 1807/1/2
f 1806/9/2 1800/9/2 1807/9/2
f 1801/9/2 1802/9/2 1808/9/2
f 1807/1/2 1801/1/2 1808/1/2
f 1802/10/2 1803/10/2 1809/10/2
f 1808/9/2 1802/9/2 1809/9/2
f 1809/10/2 1803/10/2 1810/10/2
f 1807/9/2 1808/9/2 1811/9/2
f 1797/9/2 1805/9/2 1811/9/2
f 1809/9/2 1810/9/2 1811/9/2
f 1808/9/2 1809/9/2 1811/9/2
f 1806/9/2 1807/9/2 1811/9/2
f 1805/9/2 1806/9/2 1811/9/2
f 1810/10/2 1803/10/2 1812/10/2
f 1811/9/2 1810/9/2 1812/9/2
f 1803/9/2 1804/9/2 1813/9/2
f 1812/10/2 1803/10/2 1813/10/2
f 1813/9/2 1804/9/2 1814/9/2
f 1815/9/2 1816/9/2 1819/9/2
f 1816/10/2 1817/10/2 1820/10/2
f 1819/9/2 1816/9/2 1820/9/2
f 1820/10/2 1817/10/2 1821/10/2
f 1817/9/2 1818/9/2 1822/9/2
f 1821/10/2 1817/10/2 1822/10/2
f 1822/9/2 1818/9/2 1823/9/2
f 1824/9/2 1825/9/2 1828/9/2
f 1825/10/2 1826/10/2 1829/10/2
f 1828/9/2 1825/9/2 1829/9/2
f 1826/9/2 1827/9/2 1830/9/2
f 1829/10/2 1826/10/2 1830/10/2
f 1830/9/2 1827/9/2 1831/9/2
f 1832/9/2 1833/9/2 1836/9/2
f 1836/9/2 1833/9/2 1837/9/2
f 1832/9/2 1836/9/2 1838/9/2
f 1836/1/2 1837/1/2 1839/1/2
f 1838/9/2 1836/9/2 1839/9/2
f 1837/9/2 1833/9/2 1840/9/2
f 1839/1/2 1837/1/2 1840/1/2
f 1840/9/2 1833/9/2 1841/9/2
f 1841/9/2 1833/9/2 1842/9/2
f 1842/9/2 1833/9/2 1843/9/2
f 1833/10/2 1834/10/2 1844/10/2
f 1843/9/2 1833/9/2 1844/9/2
f 1834/9/2 1835/9/2 1845/9/2
f 1844/10/2 1834/10/2 1845/10/2
f 1838/1/2 1839/1/2 1846/1/2
f 1839/9/2 1840/9/2 1846/9/2
f 1846/9/2 1840/9/2 1847/9/2
f 1843/9/2 1844/9/2 1848/9/2
f 1844/9/2 1845/9/2 1848/9/2
f 1845/9/2 1835/9/2 1849/9/2
f 1848/9/2 1845/9/2 1849/9/2
f 1846/1/2 1847/1/2 1850/1/2
f 1838/1/2 1846/1/2 1850/1/2
f 1850/1/2 1847/1/2 1851/1/2
f 1848/10/2 1849/10/2 1852/10/2
f 1852/10/2 1849/10/2 1853/10/2
f 1854/9/2 1855/9/2 1858/9/2
f 1855/1/2 1856/1/2 1858/1/2
f 1856/9/2 1857/9/2 1859/9/2
f 1858/1/2 1856/1/2 1859/1/2
f 1854/9/2 1858/9/2 1860/9/2
f 1858/9/2 1859/9/2 1860/9/2
f 1859/9/2 1857/9/2 1861/9/2
f 1860/9/2 1859/9/2 1861/9/2
f 1861/9/2 1857/9/2 1862/9/2
f 1862/9/2 1857/9/2 1863/9/2
f 1854/9/2 1860/9/2 1864/9/2
f 1860/10/2 1861/10/2 1865/10/2
f 1864/9/2 1860/9/2 1865/9/2
f 1861/9/2 1862/9/2 1866/9/2
f 1865/10/2 1861/10/2 1866/10/2
f 1862/10/2 1863/10/2 1867/10/2
f 1866/9/2 1862/9/2 1867/9/2
f 1863/9/2 1857/9/2 1868/9/2
f 1867/10/2 1863/10/2 1868/10/2
f 1868/9/2 1857/9/2 1869/9/2
f 1872/9/3 1871/9/3 1870/9/3
f 1873/9/3 1871/9/3 1872/9/3
f 1876/9/3 1875/9/3 1874/9/3
f 1877/9/3 1875/9/3 1876/9/3
f 1878/9/3 1876/9/3 1874/9/3
f 1879/9/3 1876/9/3 1878/9/3
f 1880/9/3 1876/9/3 1879/9/3
f 1883/1/3 1879/1/3 1878/1/3
f 1884/9/3 1880/9/3 1879/9/3
f 1884/1/3 1879/1/3 1883/1/3
f 1885/1/3 1881/1/3 1880/1/3
f 1885/9/3 1880/9/3 1884/9/3
f 1886/9/3 1882/9/3 1881/9/3
f 1886/1/3 1881/1/3 1885/1/3
f 1887/9/3 1882/9/3 1886/9/3
f 1888/1/3 1885/1/3 1884/1/3
f 1888/9/3 1884/9/3 1883/9/3
f 1889/9/3 1886/9/3 1885/9/3
f 1889/1/3 1885/1/3 1888/1/3
f 1890/1/3 1887/1/3 1886/1/3
f 1890/9/3 1886/9/3 1889/9/3
f 1891/9/3 1889/9/3 1888/9/3
f 1891/9/3 1888/9/3 1883/9/3
f 1892/1/3 1890/1/3 1889/1/3
f 1892/9/3 1889/9/3 1891/9/3
f 1893/1/3 1887/1/3 1890/1/3
f 1893/1/3 1890/1/3 1892/1/3
f 1896/9/3 1895/9/3 1894/9/3
f 1897/9/3 1896/9/3 1894/9/3
f 1898/9/3 1897/9/3 1894/9/3
f 1899/9/3 1897/9/3 1898/9/3
f 1902/9/3 1901/9/3 1900/9/3
f 1903/9/3 1901/9/3 1902/9/3
f 1906/9/3 1905/9/3 1904/9/3
f 1907/9/3 1905/9/3 1906/9/3
f 1910/9/3 1909/9/3 1908/9/3
f 1911/9/3 1909/9/3 1910/9/3
f 1914/9/3 1909/9/3 1911/9/3
f 1915/9/3 1909/9/3 1914/9/3
f 1916/9/3 1913/9/3 1912/9/3
f 1917/9/3 1913/9/3 1916/9/3
f 1918/1/3 1917/1/3 1916/1/3
f 1919/9/3 1913/9/3 1917/9/3
f 1919/1/3 1917/1/3 1918/1/3
f 1922/9/3 1919/9/3 1918/9/3
f 1923/9/3 1913/9/3 1919/9/3
f 1923/9/3 1919/9/3 1922/9/3
f 1924/9/3 1921/9/3 1920/9/3
f 1927/9/3 1921/9/3 1924/9/3
f 1928/9/3 1926/9/3 1925/9/3
f 1928/9/3 1927/9/3 1926/9/3
f 1929/9/3 1921/9/3 1927/9/3
f 1929/9/3 1927/9/3 1928/9/3
f 1932/9/3 1931/9/3 1930/9/3
f 1933/9/3 1931/9/3 1932/9/3
f 1934/1/3 1933/1/3 1932/1/3
f 1935/9/3 1931/9/3 1933/9/3
f 1935/1/3 1933/1/3 1934/1/3
f 1936/9/3 1931/9/3 1935/9/3
f 1937/9/3 1935/9/3 1934/9/3
f 1937/9/3 1936/9/3 1935/9/3
f 1938/9/3 1937/9/3 1934/9/3
f 1939/9/3 1937/9/3 1938/9/3
f 1942/9/3 1941/9/3 1940/9/3
f 1943/9/3 1942/9/3 1940/9/3
f 1944/9/3 1943/9/3 1940/9/3
f 1945/9/3 1943/9/3 1944/9/3
f 1948/9/3 1947/9/3 1946/9/3
f 1949/9/3 1947/9/3 1948/9/3
f 1952/9/3 1951/9/3 1950/9/3
f 1953/9/3 1951/9/3 1952/9/3
f 1956/9/3 1955/9/3 1954/9/3
f 1957/9/3 1955/9/3 1956/9/3
f 1960/9/3 1959/9/3 1958/9/3
f 1961/9/3 1959/9/3 1960/9/3
f 1962/10/3 1961/10/3 1960/10/3
f 1963/10/3 1961/10/3 1962/10/3
f 1964/9/3 1963/9/3 1962/9/3
f 1965/9/3 1963/9/3 1964/9/3
f 1968/9/3 1967/9/3 1966/9/3
f 1969/9/3 1967/9/3 1968/9/3
f 1970/10/3 1969/10/3 1968/10/3
f 1971/10/3 1969/10/3 1970/10/3
f 1974/10/3 1973/10/3 1972/10/3
f 1975/10/3 1973/10/3 1974/10/3
f 1976/10/3 1973/10/3 1975/10/3
f 1977/8/3 1975/8/3 1974/8/3
f 1978/9/3 1976/9/3 1975/9/3
f 1978/8/3 1975/8/3 1977/8/3
f 1979/9/3 1976/9/3 1978/9/3
f 1980/10/3 1978/10/3 1977/10/3
f 1980/10/3 1979/10/3 1978/10/3
f 1981/10/3 1979/10/3 1980/10/3
f 1984/10/3 1983/10/3 1982/10/3
f 1985/10/3 1983/10/3 1984/10/3
f 1988/10/3 1987/10/3 1986/10/3
f 1989/10/3 1987/10/3 1988/10/3
f 1992/10/3 1991/10/3 1990/10/3
f 1993/10/3 1991/10/3 1992/10/3
f 1996/6/3 1995/6/3 1994/6/3
f 1997/6/3 1995/6/3 1996/6/3
f 2000/6/3 1999/6/3 1998/6/3
f 2001/6/3 1999/6/3 2000/6/3
f 2004/5/3 2003/5/3 2002/5/3
f 2005/5/3 2003/5/3 2004/5/3
f 2008/6/3 2007/6/3 2006/6/3
f 2009/6/3 2007/6/3 2008/6/3
f 2012/4/3 2011/4/3 2010/4/3
f 2014/4/3 2012/4/3 2010/4/3
f 2015/3/3 2013/3/3 2012/3/3
f 2015/4/3 2012/4/3 2014/4/3
f 2016/3/3 2013/3/3 2015/3/3
f 2019/6/3 2018/6/3 2017/6/3
f 2020/6/3 2018/6/3 2019/6/3
f 2023/3/3 2022/3/3 2021/3/3
f 2025/3/3 2022/3/3 2023/3/3
f 2026/3/3 2022/3/3 2025/3/3
f 2027/6/3 2025/6/3 2024/6/3
f 2028/6/3 2025/6/3 2027/6/3
f 2031/6/3 2030/6/3 2029/6/3
f 2032/6/3 2030/6/3 2031/6/3
f 2034/6/3 2030/6/3 2032/6/3
f 2035/6/3 2034/6/3 2033/6/3
f 2036/6/3 2030/6/3 2034/6/3
f 2036/6/3 2034/6/3 2035/6/3
f 2037/6/3 2030/6/3 2036/6/3
f 2041/3/3 2039/3/3 2038/3/3
f 2042/3/3 2039/3/3 2041/3/3
f 2042/4/3 2041/4/3 2040/4/3
f 2043/3/3 2039/3/3 2042/3/3
f 2044/4/3 2042/4/3 2040/4/3
f 2045/4/3 2042/4/3 2044/4/3
f 2046/6/3 2045/6/3 2044/6/3
f 2047/6/3 2045/6/3 2046/6/3
f 2048/3/3 2047/3/3 2046/3/3
f 2049/3/3 2047/3/3 2048/3/3
f 2052/6/3 2051/6/3 2050/6/3
f 2053/6/3 2051/6/3 2052/6/3
f 2056/3/3 2055/3/3 2054/3/3
f 2057/3/3 2055/3/3 2056/3/3
f 2060/3/3 2059/3/3 2058/3/3
f 2061/3/3 2059/3/3 2060/3/3
f 2063/4/3 2061/4/3 2060/4/3
f 2064/3/3 2062/3/3 2061/3/3
f 2064/4/3 2061/4/3 2063/4/3
f 2065/3/3 2062/3/3 2064/3/3
f 2066/3/3 2064/3/3 2063/3/3
f 2067/3/3 2064/3/3 2066/3/3
f 2070/5/3 2069/5/3 2068/5/3
f 2071/5/3 2069/5/3 2070/5/3
f 2074/6/3 2073/6/3 2072/6/3
f 2075/6/3 2073/6/3 2074/6/3
f 2078/3/3 2077/3/3 2076/3/3
f 2079/3/3 2077/3/3 2078/3/3
f 2082/3/3 2081/3/3 2080/3/3
f 2083/3/3 2081/3/3 2082/3/3
f 2086/3/3 2085/3/3 2084/3/3
f 2087/3/3 2085/3/3 2086/3/3
f 2090/3/3 2089/3/3 2088/3/3
f 2091/3/3 2089/3/3 2090/3/3
f 2096/6/3 2093/6/3 2092/6/3
f 2097/6/3 2093/6/3 2096/6/3
f 2098/5/3 2095/5/3 2094/5/3
f 2099/5/3 2095/5/3 2098/5/3
f 2102/3/3 2101/3/3 2100/3/3
f 2103/5/3 2095/5/3 2099/5/3
f 2104/5/3 2095/5/3 2103/5/3
f 2105/3/3 2101/3/3 2102/3/3
f 2106/3/3 2101/3/3 2105/3/3
f 2109/3/3 2108/3/3 2107/3/3
f 2110/3/3 2108/3/3 2109/3/3
f 2113/3/3 2112/3/3 2111/3/3
f 2114/3/3 2112/3/3 2113/3/3
f 2117/3/3 2116/3/3 2115/3/3
f 2118/3/3 2116/3/3 2117/3/3
f 2121/3/3 2120/3/3 2119/3/3
f 2122/3/3 2120/3/3 2121/3/3
f 2125/3/3 2124/3/3 2123/3/3
f 2126/3/3 2124/3/3 2125/3/3
f 2129/3/3 2128/3/3 2127/3/3
f 2130/3/3 2128/3/3 2129/3/3
f 2133/6/3 2132/6/3 2131/6/3
f 2134/6/3 2132/6/3 2133/6/3
f 2137/6/3 2136/6/3 2135/6/3
f 2138/6/3 2136/6/3 2137/6/3
f 2139/6/3 2136/6/3 2138/6/3
f 2140/6/3 2136/6/3 2139/6/3
f 2141/3/3 2139/3/3 2138/3/3
f 2142/3/3 2139/3/3 2141/3/3
f 2145/3/3 2144/3/3 2143/3/3
f 2146/3/3 2144/3/3 2145/3/3
f 2150/4/3 2148/4/3 2147/4/3
f 2151/4/3 2150/4/3 2149/4/3
f 2152/4/3 2148/4/3 2150/4/3
f 2152/4/3 2150/4/3 2151/4/3
f 2153/4/3 2148/4/3 2152/4/3
f 2156/3/3 2155/3/3 2154/3/3
f 2157/3/3 2155/3/3 2156/3/3
f 2161/4/3 2159/4/3 2158/4/3
f 2162/4/3 2159/4/3 2161/4/3
f 2163/3/3 2160/3/3 2159/3/3
f 2163/4/3 2159/4/3 2162/4/3
f 2164/3/3 2160/3/3 2163/3/3
f 2167/6/3 2166/6/3 2165/6/3
f 2168/6/3 2166/6/3 2167/6/3
f 2171/6/3 2170/6/3 2169/6/3
f 2172/6/3 2170/6/3 2171/6/3
f 2175/6/3 2174/6/3 2173/6/3
f 2176/6/3 2174/6/3 2175/6/3
f 2177/6/3 2174/6/3 2176/6/3
f 2180/4/3 2179/4/3 2178/4/3
f 2181/4/3 2179/4/3 2180/4/3
f 2184/6/3 2183/6/3 2182/6/3
f 2185/6/3 2183/6/3 2184/6/3
f 2188/6/3 2187/6/3 2186/6/3
f 2189/6/3 2187/6/3 2188/6/3
f 2190/6/3 2188/6/3 2186/6/3
f 2191/3/3 2189/3/3 2188/3/3
f 2191/6/3 2188/6/3 2190/6/3
f 2192/3/3 2189/3/3 2191/3/3
f 2196/4/3 2194/4/3 2193/4/3
f 2197/3/3 2195/3/3 2194/3/3
f 2197/4/3 2194/4/3 2196/4/3
f 2198/3/3 2195/3/3 2197/3/3
f 2199/3/3 2197/3/3 2196/3/3
f 2200/3/3 2197/3/3 2199/3/3
f 2201/3/3 2197/3/3 2200/3/3
f 2204/6/3 2203/6/3 2202/6/3
f 2205/6/3 2203/6/3 2204/6/3
f 2209/5/3 2207/5/3 2206/5/3
f 2212/3/3 2211/3/3 2210/3/3
f 2213/3/3 2211/3/3 2212/3/3
f 2214/5/3 2209/5/3 2208/5/3
f 2215/5/3 2207/5/3 2209/5/3
f 2215/5/3 2209/5/3 2214/5/3
f 2217/6/3 2213/6/3 2212/6/3
f 2218/6/3 2213/6/3 2217/6/3
f 2219/4/3 2217/4/3 2216/4/3
f 2220/3/3 2218/3/3 2217/3/3
f 2220/4/3 2217/4/3 2219/4/3
f 2221/3/3 2218/3/3 2220/3/3
f 2225/6/3 2223/6/3 2222/6/3
f 2226/6/3 2223/6/3 2225/6/3
f 2227/3/3 2225/3/3 2224/3/3
f 2228/3/3 2225/3/3 2227/3/3
f 2231/4/3 2230/4/3 2229/4/3
f 2232/4/3 2230/4/3 2231/4/3
f 2235/4/3 2234/4/3 2233/4/3
f 2236/4/3 2234/4/3 2235/4/3
f 2239/6/3 2238/6/3 2237/6/3
f 2240/6/3 2238/6/3 2239/6/3
f 2241/4/3 2240/4/3 2239/4/3
f 2242/4/3 2240/4/3 2241/4/3
f 2245/3/3 2244/3/3 2243/3/3
f 2246/3/3 2244/3/3 2245/3/3
f 2249/6/3 2248/6/3 2247/6/3
f 2250/6/3 2248/6/3 2249/6/3
f 2253/3/3 2252/3/3 2251/3/3
f 2254/3/3 2252/3/3 2253/3/3
f 2257/5/3 2256/5/3 2255/5/3
f 2258/5/3 2256/5/3 2257/5/3
f 2261/4/3 2260/4/3 2259/4/3
f 2262/4/3 2260/4/3 2261/4/3
f 2265/6/3 2264/6/3 2263/6/3
f 2266/6/3 2264/6/3 2265/6/3
f 2269/6/3 2268/6/3 2267/6/3
f 2270/6/3 2268/6/3 2269/6/3
f 2273/4/3 2272/4/3 2271/4/3
f 2274/4/3 2272/4/3 2273/4/3
f 2277/3/3 2276/3/3 2275/3/3
f 2278/3/3 2276/3/3 2277/3/3
f 2279/4/3 2278/4/3 2277/4/3
f 2280/4/3 2278/4/3 2279/4/3
f 2283/3/3 2282/3/3 2281/3/3
f 2284/3/3 2282/3/3 2283/3/3
f 2286/3/3 2285/3/3 2284/3/3
f 2287/3/3 2285/3/3 2286/3/3
f 2289/4/3 2287/4/3 2286/4/3
f 2290/3/3 2288/3/3 2287/3/3
f 2290/4/3 2287/4/3 2289/4/3
f 2291/3/3 2288/3/3 2290/3/3
f 2294/6/3 2293/6/3 2292/6/3
f 2295/6/3 2293/6/3 2294/6/3
f 2299/3/3 2297/3/3 2296/3/3
f 2300/3/3 2299/3/3 2298/3/3
f 2301/3/3 2297/3/3 2299/3/3
f 2301/3/3 2299/3/3 2300/3/3
f 2302/3/3 2297/3/3 2301/3/3
f 2303/4/3 2301/4/3 2300/4/3
f 2304/4/3 2301/4/3 2303/4/3
f 2307/3/3 2306/3/3 2305/3/3
f 2308/3/3 2306/3/3 2307/3/3
f 2312/9/3 2310/9/3 2309/9/3
f 2314/9/3 2310/9/3 2312/9/3
f 2315/9/3 2314/9/3 2313/9/3
f 2316/6/3 2311/6/3 2310/6/3
f 2316/9/3 2314/9/3 2315/9/3
f 2316/9/3 2310/9/3 2314/9/3
f 2317/6/3 2311/6/3 2316/6/3
f 2320/4/3 2319/4/3 2318/4/3
f 2321/4/3 2319/4/3 2320/4/3
f 2324/3/3 2323/3/3 2322/3/3
f 2325/3/3 2323/3/3 2324/3/3
f 2328/9/3 2327/9/3 2326/9/3
f 2329/9/3 2327/9/3 2328/9/3
f 2332/5/3 2331/5/3 2330/5/3
f 2333/5/3 2331/5/3 2332/5/3
f 2336/9/3 2335/9/3 2334/9/3
f 2337/9/3 2335/9/3 2336/9/3
f 2340/5/3 2339/5/3 2338/5/3
f 2341/5/3 2339/5/3 2340/5/3
f 2344/6/3 2343/6/3 2342/6/3
f 2345/6/3 2343/6/3 2344/6/3
f 2349/6/3 2348/6/3 2347/6/3
f 2350/6/3 2348/6/3 2349/6/3
f 2351/9/3 2347/9/3 2346/9/3
f 2352/6/3 2349/6/3 2347/6/3
f 2352/9/3 2347/9/3 2351/9/3
f 2353/6/3 2349/6/3 2352/6/3
f 2357/4/3 2355/4/3 2354/4/3
f 2357/4/3 2356/4/3 2355/4/3
f 2358/4/3 2356/4/3 2357/4/3
f 2361/3/3 2360/3/3 2359/3/3
f 2362/3/3 2360/3/3 2361/3/3
f 2365/3/3 2364/3/3 2363/3/3
f 2366/3/3 2364/3/3 2365/3/3
f 2370/5/3 2368/5/3 2367/5/3
f 2376/3/3 2372/3/3 2371/3/3
f 2377/3/3 2372/3/3 2376/3/3
f 2378/5/3 2368/5/3 2370/5/3
f 2378/5/3 2370/5/3 2369/5/3
f 2380/9/3 2374/9/3 2373/9/3
f 2381/6/3 2375/6/3 2374/6/3
f 2381/9/3 2374/9/3 2380/9/3
f 2382/6/3 2375/6/3 2381/6/3
f 2385/5/3 2379/5/3 2378/5/3
f 2385/5/3 2378/5/3 2369/5/3
f 2386/5/3 2379/5/3 2385/5/3
f 2387/3/3 2384/3/3 2383/3/3
f 2388/3/3 2384/3/3 2387/3/3
f 2391/4/3 2390/4/3 2389/4/3
f 2392/4/3 2390/4/3 2391/4/3
f 2395/3/3 2392/3/3 2391/3/3
f 2396/3/3 2392/3/3 2395/3/3
f 2398/6/3 2394/6/3 2393/6/3
f 2399/6/3 2394/6/3 2398/6/3
f 2400/6/3 2394/6/3 2399/6/3
f 2403/9/3 2398/9/3 2397/9/3
f 2403/6/3 2399/6/3 2398/6/3
f 2404/6/3 2399/6/3 2403/6/3
f 2407/6/3 2402/6/3 2401/6/3
f 2408/6/3 2402/6/3 2407/6/3
f 2409/9/3 2403/9/3 2397/9/3
f 2410/9/3 2403/9/3 2409/9/3
f 2412/6/3 2406/6/3 2405/6/3
f 2413/6/3 2406/6/3 2412/6/3
f 2414/3/3 2408/3/3 2407/3/3
f 2416/6/3 2413/6/3 2412/6/3
f 2416/6/3 2412/6/3 2411/6/3
f 2417/6/3 2413/6/3 2416/6/3
f 2418/3/3 2408/3/3 2414/3/3
f 2419/3/3 2408/3/3 2418/3/3
f 2420/6/3 2416/6/3 2415/6/3
f 2421/6/3 2416/6/3 2420/6/3
f 2424/3/3 2423/3/3 2422/3/3
f 2425/3/3 2423/3/3 2424/3/3
f 2428/6/3 2427/6/3 2426/6/3
f 2429/6/3 2427/6/3 2428/6/3
f 2432/4/3 2431/4/3 2430/4/3
f 2433/4/3 2431/4/3 2432/4/3
f 2436/3/3 2435/3/3 2434/3/3
f 2437/3/3 2435/3/3 2436/3/3
f 2438/4/3 2437/4/3 2436/4/3
f 2439/4/3 2437/4/3 2438/4/3
f 2441/3/3 2439/3/3 2438/3/3
f 2442/6/3 2440/6/3 2439/6/3
f 2442/3/3 2439/3/3 2441/3/3
f 2443/6/3 2442/6/3 2441/6/3
f 2444/6/3 2442/6/3 2443/6/3
f 2445/6/3 2440/6/3 2442/6/3
f 2445/6/3 2442/6/3 2444/6/3
f 2446/3/3 2445/3/3 2444/3/3
f 2447/6/3 2440/6/3 2445/6/3
f 2447/3/3 2445/3/3 2446/3/3
f 2448/6/3 2440/6/3 2447/6/3
f 2451/3/3 2450/3/3 2449/3/3
f 2452/3/3 2450/3/3 2451/3/3
f 2457/6/3 2452/6/3 2451/6/3
f 2458/9/3 2454/9/3 2453/9/3
f 2459/9/3 2454/9/3 2458/9/3
f 2461/6/3 2456/6/3 2455/6/3
f 2461/6/3 2457/6/3 2456/6/3
f 2462/6/3 2452/6/3 2457/6/3
f 2462/6/3 2457/6/3 2461/6/3
f 2463/6/3 2452/6/3 2462/6/3
f 2465/6/3 2461/6/3 2460/6/3
f 2465/6/3 2462/6/3 2461/6/3
f 2466/6/3 2462/6/3 2465/6/3
f 2467/4/3 2463/4/3 2462/4/3
f 2467/6/3 2462/6/3 2466/6/3
f 2468/6/3 2466/6/3 2465/6/3
f 2469/4/3 2467/4/3 2466/4/3
f 2469/6/3 2466/6/3 2468/6/3
f 2470/4/3 2463/4/3 2467/4/3
f 2470/4/3 2467/4/3 2469/4/3
f 2472/9/3 2465/9/3 2464/9/3
f 2473/6/3 2468/6/3 2465/6/3
f 2473/9/3 2465/9/3 2472/9/3
f 2474/6/3 2468/6/3 2473/6/3
f 2475/3/3 2471/3/3 2470/3/3
f 2476/3/3 2471/3/3 2475/3/3
f 2481/6/3 2480/6/3 2479/6/3
f 2482/6/3 2480/6/3 2481/6/3
f 2484/6/3 2480/6/3 2482/6/3
f 2485/6/3 2484/6/3 2483/6/3
f 2486/6/3 2480/6/3 2484/6/3
f 2486/6/3 2484/6/3 2485/6/3
f 2487/6/3 2480/6/3 2486/6/3
f 2488/10/3 2478/10/3 2477/10/3
f 2489/10/3 2478/10/3 2488/10/3
f 2493/4/3 2486/4/3 2485/4/3
f 2494/4/3 2486/4/3 2493/4/3
f 2495/4/3 2486/4/3 2494/4/3
f 2500/3/3 2499/3/3 2498/3/3
f 2501/3/3 2499/3/3 2500/3/3
f 2503/4/3 2501/4/3 2500/4/3
f 2504/3/3 2502/3/3 2501/3/3
f 2504/4/3 2501/4/3 2503/4/3
f 2505/3/3 2502/3/3 2504/3/3
f 2508/5/3 2507/5/3 2506/5/3
f 2509/5/3 2507/5/3 2508/5/3
f 2512/5/3 2492/5/3 2491/5/3
f 2513/5/3 2492/5/3 2512/5/3
f 2514/5/3 2497/5/3 2496/5/3
f 2515/5/3 2497/5/3 2514/5/3
f 2516/3/3 2511/3/3 2510/3/3
f 2517/3/3 2511/3/3 2516/3/3
f 2521/3/3 2511/3/3 2517/3/3
f 2522/3/3 2511/3/3 2521/3/3
f 2523/6/3 2520/6/3 2519/6/3
f 2523/9/3 2519/9/3 2518/9/3
f 2524/6/3 2520/6/3 2523/6/3
f 2525/4/3 2522/4/3 2521/4/3
f 2526/9/3 2523/9/3 2518/9/3
f 2527/9/3 2523/9/3 2526/9/3
f 2528/4/3 2522/4/3 2525/4/3
f 2529/4/3 2522/4/3 2528/4/3
f 2532/6/3 2529/6/3 2528/6/3
f 2533/6/3 2529/6/3 2532/6/3
f 2535/9/3 2531/9/3 2530/9/3
f 2536/9/3 2531/9/3 2535/9/3
f 2538/3/3 2534/3/3 2533/3/3
f 2539/3/3 2534/3/3 2538/3/3
f 2540/3/3 2538/3/3 2537/3/3
f 2543/3/3 2538/3/3 2540/3/3
f 2544/3/3 2538/3/3 2543/3/3
f 2546/10/3 2490/10/3 2489/10/3
f 2547/10/3 2490/10/3 2546/10/3
f 2548/10/3 2542/10/3 2541/10/3
f 2549/10/3 2542/10/3 2548/10/3
f 2552/5/3 2551/5/3 2550/5/3
f 2553/5/3 2551/5/3 2552/5/3
f 2556/3/3 2555/3/3 2554/3/3
f 2557/3/3 2555/3/3 2556/3/3
f 2558/10/3 2546/10/3 2545/10/3
f 2559/10/3 2546/10/3 2558/10/3
f 2562/4/3 2561/4/3 2560/4/3
f 2563/4/3 2561/4/3 2562/4/3
f 2565/4/3 2564/4/3 2563/4/3
f 2566/4/3 2564/4/3 2565/4/3
f 2569/3/3 2568/3/3 2567/3/3
f 2570/3/3 2568/3/3 2569/3/3
f 2573/3/3 2572/3/3 2571/3/3
f 2574/3/3 2572/3/3 2573/3/3
f 2577/4/3 2576/4/3 2575/4/3
f 2578/4/3 2576/4/3 2577/4/3
f 2581/7/3 2580/7/3 2579/7/3
f 2582/7/3 2581/7/3 2579/7/3
f 2583/7/3 2581/7/3 2582/7/3
f 2584/2/3 2583/2/3 2582/2/3
f 2585/2/3 2583/2/3 2584/2/3
f 2588/7/3 2585/7/3 2584/7/3
f 2589/7/3 2585/7/3 2588/7/3
f 2591/3/3 2587/3/3 2586/3/3
f 2592/3/3 2587/3/3 2591/3/3
f 2593/4/3 2591/4/3 2590/4/3
f 2594/4/3 2591/4/3 2593/4/3
f 2597/7/3 2596/7/3 2595/7/3
f 2598/7/3 2596/7/3 2597/7/3
f 2601/3/3 2600/3/3 2599/3/3
f 2602/3/3 2600/3/3 2601/3/3
f 2605/6/3 2604/6/3 2603/6/3
f 2606/6/3 2604/6/3 2605/6/3
f 2609/4/3 2608/4/3 2607/4/3
f 2610/4/3 2608/4/3 2609/4/3
f 2613/3/3 2612/3/3 2611/3/3
f 2614/3/3 2612/3/3 2613/3/3
f 2617/6/3 2616/6/3 2615/6/3
f 2618/6/3 2616/6/3 2617/6/3
f 2621/3/3 2620/3/3 2619/3/3
f 2622/3/3 2620/3/3 2621/3/3
f 2625/3/3 2624/3/3 2623/3/3
f 2626/3/3 2624/3/3 2625/3/3
f 2629/6/3 2628/6/3 2627/6/3
f 2630/6/3 2628/6/3 2629/6/3
f 2633/4/3 2632/4/3 2631/4/3
f 2634/4/3 2632/4/3 2633/4/3
f 2637/4/3 2636/4/3 2635/4/3
f 2638/4/3 2636/4/3 2637/4/3
f 2642/3/3 2640/3/3 2639/3/3
f 2643/3/3 2640/3/3 2642/3/3
f 2644/3/3 2642/3/3 2641/3/3
f 2645/3/3 2642/3/3 2644/3/3
f 2648/4/3 2647/4/3 2646/4/3
f 2649/4/3 2647/4/3 2648/4/3
f 2652/4/3 2651/4/3 2650/4/3
f 2653/4/3 2651/4/3 2652/4/3
f 2656/4/3 2655/4/3 2654/4/3
f 2657/4/3 2655/4/3 2656/4/3
f 2660/6/3 2659/6/3 2658/6/3
f 2661/6/3 2659/6/3 2660/6/3
f 2662/4/3 2661/4/3 2660/4/3
f 2663/4/3 2661/4/3 2662/4/3
f 2666/4/3 2665/4/3 2664/4/3
f 2667/4/3 2665/4/3 2666/4/3
f 2670/4/3 2669/4/3 2668/4/3
f 2671/4/3 2669/4/3 2670/4/3
f 2676/7/3 2673/7/3 2672/7/3
f 2677/7/3 2673/7/3 2676/7/3
f 2678/4/3 2675/4/3 2674/4/3
f 2679/4/3 2675/4/3 2678/4/3
f 2680/2/3 2677/2/3 2676/2/3
f 2681/2/3 2677/2/3 2680/2/3
f 2682/7/3 2681/7/3 2680/7/3
f 2683/7/3 2682/7/3 2680/7/3
f 2685/7/3 2683/7/3 2680/7/3
f 2686/5/3 2684/5/3 2683/5/3
f 2686/7/3 2683/7/3 2685/7/3
f 2687/5/3 2684/5/3 2686/5/3
f 2688/5/3 2684/5/3 2687/5/3
f 2691/10/3 2690/10/3 2689/10/3
f 2692/10/3 2690/10/3 2691/10/3
f 2693/1/3 2692/1/3 2691/1/3
f 2694/1/3 2692/1/3 2693/1/3
f 2695/10/3 2694/10/3 2693/10/3
f 2696/10/3 2694/10/3 2695/10/3
f 2699/10/3 2698/10/3 2697/10/3
f 2700/10/3 2698/10/3 2699/10/3
f 2703/6/3 2702/6/3 2701/6/3
f 2704/6/3 2702/6/3 2703/6/3
f 2710/7/3 2709/7/3 2708/7/3
f 2711/7/3 2709/7/3 2710/7/3
f 2712/9/3 2706/9/3 2705/9/3
f 2713/9/3 2712/9/3 2711/9/3
f 2714/9/3 2706/9/3 2712/9/3
f 2714/9/3 2712/9/3 2713/9/3
f 2715/2/3 2714/2/3 2713/2/3
f 2716/9/3 2706/9/3 2714/9/3
f 2716/2/3 2714/2/3 2715/2/3
f 2717/9/3 2706/9/3 2716/9/3
f 2718/9/3 2716/9/3 2715/9/3
f 2718/2/3 2717/2/3 2716/2/3
f 2719/9/3 2706/9/3 2717/9/3
f 2719/2/3 2717/2/3 2718/2/3
f 2720/10/3 2707/10/3 2706/10/3
f 2720/9/3 2706/9/3 2719/9/3
f 2721/9/3 2719/9/3 2718/9/3
f 2721/2/3 2720/2/3 2719/2/3
f 2722/10/3 2707/10/3 2720/10/3
f 2722/2/3 2720/2/3 2721/2/3
f 2723/10/3 2707/10/3 2722/10/3
f 2724/9/3 2721/9/3 2718/9/3
f 2724/9/3 2718/9/3 2715/9/3
f 2724/9/3 2722/9/3 2721/9/3
f 2725/9/3 2722/9/3 2724/9/3
f 2726/2/3 2725/2/3 2724/2/3
f 2727/9/3 2722/9/3 2725/9/3
f 2727/2/3 2725/2/3 2726/2/3
f 2728/2/3 2723/2/3 2722/2/3
f 2728/9/3 2722/9/3 2727/9/3
f 2729/9/3 2727/9/3 2726/9/3
f 2729/2/3 2728/2/3 2727/2/3
f 2730/2/3 2723/2/3 2728/2/3
f 2730/2/3 2728/2/3 2729/2/3
f 2731/9/3 2730/9/3 2729/9/3
f 2731/2/3 2723/2/3 2730/2/3
f 2732/2/3 2723/2/3 2731/2/3
f 2733/9/3 2729/9/3 2726/9/3
f 2733/9/3 2731/9/3 2729/9/3
f 2734/10/3 2732/10/3 2731/10/3
f 2734/9/3 2731/9/3 2733/9/3
f 2735/10/3 2732/10/3 2734/10/3
f 2738/10/3 2737/10/3 2736/10/3
f 2739/10/3 2737/10/3 2738/10/3
f 2742/9/3 2741/9/3 2740/9/3
f 2743/9/3 2741/9/3 2742/9/3
f 2744/9/3 2741/9/3 2743/9/3
f 2745/9/3 2741/9/3 2744/9/3
f 2748/9/3 2747/9/3 2746/9/3
f 2749/9/3 2747/9/3 2748/9/3
f 2752/9/3 2751/9/3 2750/9/3
f 2753/9/3 2751/9/3 2752/9/3
f 2754/9/4 2755/9/4 2756/9/4
f 2756/9/4 2755/9/4 2757/9/4
f 2758/9/4 2759/9/4 2760/9/4
f 2760/9/4 2759/9/4 2761/9/4
f 2762/9/4 2763/9/4 2764/9/4
f 2764/9/4 2763/9/4 2765/9/4
f 2766/10/4 2767/10/4 2768/10/4
f 2768/10/4 2767/10/4 2769/10/4
f 2768/1/4 2769/1/4 2770/1/4
f 2770/1/4 2769/1/4 2771/1/4
f 2770/10/4 2771/10/4 2772/10/4
f 2772/10/4 2771/10/4 2773/10/4
f 2772/1/4 2773/1/4 2774/1/4
f 2774/1/4 2773/1/4 2775/1/4
f 2774/10/4 2775/10/4 2776/10/4
f 2776/10/4 2775/10/4 2777/10/4
f 2777/10/4 2775/10/4 2778/10/4
f 2779/6/4 2780/6/4 2783/6/4
f 2780/9/4 2781/9/4 2784/9/4
f 2783/6/4 2780/6/4 2784/6/4
f 2781/10/4 2782/10/4 2785/10/4
f 2784/9/4 2781/9/4 2785/9/4
f 2783/9/4 2784/9/4 2785/9/4
f 2785/10/4 2782/10/4 2786/10/4
f 2783/9/4 2785/9/4 2787/9/4
f 2785/1/4 2786/1/4 2787/1/4
f 2787/1/4 2786/1/4 2788/1/4
f 2783/9/4 2787/9/4 2789/9/4
f 2789/9/4 2787/9/4 2790/9/4
f 2787/10/4 2788/10/4 2791/10/4
f 2790/9/4 2787/9/4 2791/9/4
f 2791/10/4 2788/10/4 2792/10/4
f 2793/9/4 2794/9/4 2798/9/4
f 2794/2/4 2795/2/4 2798/2/4
f 2795/9/4 2796/9/4 2799/9/4
f 2798/2/4 2795/2/4 2799/2/4
f 2796/10/4 2797/10/4 2800/10/4
f 2799/9/4 2796/9/4 2800/9/4
f 2800/10/4 2797/10/4 2801/10/4
f 2798/9/4 2799/9/4 2802/9/4
f 2799/2/4 2800/2/4 2802/2/4
f 2800/1/4 2801/1/4 2803/1/4
f 2802/2/4 2800/2/4 2803/2/4
f 2803/1/4 2801/1/4 2804/1/4
f 2802/9/4 2803/9/4 2805/9/4
f 2803/2/4 2804/2/4 2805/2/4
f 2805/2/4 2804/2/4 2806/2/4
f 2793/9/4 2798/9/4 2807/9/4
f 2798/9/4 2802/9/4 2807/9/4
f 2802/9/4 2805/9/4 2807/9/4
f 2807/9/4 2805/9/4 2808/9/4
f 2807/2/4 2808/2/4 2809/2/4
f 2808/9/4 2805/9/4 2810/9/4
f 2809/2/4 2808/2/4 2810/2/4
f 2805/10/4 2806/10/4 2811/10/4
f 2810/9/4 2805/9/4 2811/9/4
f 2809/9/4 2810/9/4 2812/9/4
f 2810/2/4 2811/2/4 2812/2/4
f 2811/10/4 2806/10/4 2813/10/4
f 2812/2/4 2811/2/4 2813/2/4
f 2813/10/4 2806/10/4 2814/10/4
f 2812/9/4 2813/9/4 2815/9/4
f 2813/2/4 2814/2/4 2815/2/4
f 2815/2/4 2814/2/4 2816/2/4
f 2809/9/4 2812/9/4 2817/9/4
f 2812/9/4 2815/9/4 2817/9/4
f 2817/9/4 2815/9/4 2818/9/4
f 2815/10/4 2816/10/4 2819/10/4
f 2818/9/4 2815/9/4 2819/9/4
f 2819/10/4 2816/10/4 2820/10/4
f 2821/3/4 2822/3/4 2823/3/4
f 2823/3/4 2822/3/4 2824/3/4
f 2825/6/4 2826/6/4 2827/6/4
f 2827/6/4 2826/6/4 2828/6/4
f 2829/10/4 2830/10/4 2831/10/4
f 2831/10/4 2830/10/4 2832/10/4
f 2833/5/4 2834/5/4 2835/5/4
f 2835/5/4 2834/5/4 2836/5/4
f 2836/5/4 2834/5/4 2837/5/4
f 2838/3/4 2839/3/4 2840/3/4
f 2840/3/4 2839/3/4 2841/3/4
f 2842/6/4 2843/6/4 2844/6/4
f 2844/6/4 2843/6/4 2845/6/4
f 2846/6/4 2847/6/4 2848/6/4
f 2848/6/4 2847/6/4 2849/6/4
f 2849/6/4 2847/6/4 2850/6/4
f 2851/3/4 2852/3/4 2853/3/4
f 2853/3/4 2852/3/4 2854/3/4
f 2854/3/4 2852/3/4 2855/3/4
f 2856/4/4 2857/4/4 2858/4/4
f 2858/4/4 2857/4/4 2859/4/4
f 2860/7/4 2861/7/4 2862/7/4
f 2862/7/4 2861/7/4 2863/7/4
f 2862/2/4 2863/2/4 2864/2/4
f 2864/2/4 2863/2/4 2865/2/4
f 2866/6/4 2867/6/4 2868/6/4
f 2868/6/4 2867/6/4 2869/6/4
f 2869/6/4 2867/6/4 2870/6/4
f 2871/3/4 2872/3/4 2873/3/4
f 2873/3/4 2872/3/4 2874/3/4
f 2874/3/4 2872/3/4 2875/3/4
f 2876/6/4 2877/6/4 2878/6/4
f 2878/6/4 2877/6/4 2879/6/4
f 2880/4/4 2881/4/4 2882/4/4
f 2882/4/4 2881/4/4 2883/4/4
f 2882/3/4 2883/3/4 2884/3/4
f 2884/3/4 2883/3/4 2885/3/4
f 2864/7/4 2865/7/4 2886/7/4
f 2886/7/4 2865/7/4 2887/7/4
f 2886/2/4 2887/2/4 2888/2/4
f 2888/2/4 2887/2/4 2889/2/4
f 2889/2/4 2887/2/4 2890/2/4
f 2889/7/4 2890/7/4 2891/7/4
f 2891/7/4 2890/7/4 2892/7/4
f 2893/6/4 2894/6/4 2895/6/4
f 2895/6/4 2894/6/4 2896/6/4
f 2896/6/4 2894/6/4 2897/6/4
f 2898/3/4 2899/3/4 2900/3/4
f 2900/3/4 2899/3/4 2901/3/4
f 2902/6/4 2903/6/4 2905/6/4
f 2905/6/4 2903/6/4 2906/6/4
f 2904/4/4 2905/4/4 2907/4/4
f 2907/4/4 2905/4/4 2908/4/4
f 2909/10/4 2910/10/4 2913/10/4
f 2913/10/4 2910/10/4 2914/10/4
f 2911/6/4 2912/6/4 2919/6/4
f 2919/6/4 2912/6/4 2920/6/4
f 2920/6/4 2912/6/4 2921/6/4
f 2922/3/4 2923/3/4 2924/3/4
f 2924/3/4 2923/3/4 2925/3/4
f 2917/7/4 2918/7/4 2926/7/4
f 2916/7/4 2917/7/4 2926/7/4
f 2926/7/4 2918/7/4 2927/7/4
f 2928/4/4 2929/4/4 2931/4/4
f 2929/3/4 2930/3/4 2932/3/4
f 2931/4/4 2929/4/4 2932/4/4
f 2932/3/4 2930/3/4 2933/3/4
f 2931/3/4 2932/3/4 2934/3/4
f 2934/3/4 2932/3/4 2935/3/4
f 2936/7/4 2937/7/4 2938/7/4
f 2914/10/4 2915/10/4 2940/10/4
f 2940/10/4 2915/10/4 2941/10/4
f 2938/7/4 2937/7/4 2942/7/4
f 2942/7/4 2937/7/4 2943/7/4
f 2939/10/4 2940/10/4 2944/10/4
f 2944/10/4 2940/10/4 2945/10/4
f 2946/6/4 2947/6/4 2948/6/4
f 2948/6/4 2947/6/4 2949/6/4
f 2950/3/4 2951/3/4 2952/3/4
f 2952/3/4 2951/3/4 2953/3/4
f 2954/6/4 2955/6/4 2956/6/4
f 2956/6/4 2955/6/4 2957/6/4
f 2956/3/4 2957/3/4 2958/3/4
f 2958/3/4 2957/3/4 2959/3/4
f 2959/3/4 2957/3/4 2960/3/4
f 2960/3/4 2957/3/4 2961/3/4
f 2962/6/4 2963/6/4 2964/6/4
f 2964/6/4 2963/6/4 2965/6/4
f 2966/6/4 2967/6/4 2968/6/4
f 2968/6/4 2967/6/4 2969/6/4
f 2969/6/4 2967/6/4 2970/6/4
f 2971/3/4 2972/3/4 2973/3/4
f 2973/3/4 2972/3/4 2974/3/4
f 2975/6/4 2976/6/4 2977/6/4
f 2977/6/4 2976/6/4 2978/6/4
f 2979/3/4 2980/3/4 2981/3/4
f 2981/3/4 2980/3/4 2982/3/4
f 2983/3/4 2984/3/4 2985/3/4
f 2985/3/4 2984/3/4 2986/3/4
f 2987/3/4 2988/3/4 2989/3/4
f 2989/3/4 2988/3/4 2990/3/4
f 2991/6/4 2992/6/4 2993/6/4
f 2993/6/4 2992/6/4 2994/6/4
f 2995/3/4 2996/3/4 2997/3/4
f 2997/3/4 2996/3/4 2998/3/4
f 2998/3/4 2996/3/4 2999/3/4
f 3000/6/4 3001/6/4 3002/6/4
f 3002/6/4 3001/6/4 3003/6/4
f 3004/3/4 3005/3/4 3006/3/4
f 3006/3/4 3005/3/4 3007/3/4
f 3008/6/4 3009/6/4 3010/6/4
f 3010/6/4 3009/6/4 3011/6/4
f 3010/4/4 3011/4/4 3012/4/4
f 3012/4/4 3011/4/4 3013/4/4
f 3013/3/4 3014/3/4 3015/3/4
f 3015/3/4 3014/3/4 3016/3/4
f 3017/6/4 3018/6/4 3019/6/4
f 3019/6/4 3018/6/4 3020/6/4
f 3021/6/4 3022/6/4 3023/6/4
f 3023/6/4 3022/6/4 3024/6/4
f 3025/4/4 3026/4/4 3027/4/4
f 3027/4/4 3026/4/4 3028/4/4
f 3028/3/4 3029/3/4 3030/3/4
f 3030/3/4 3029/3/4 3031/3/4
f 3030/4/4 3031/4/4 3032/4/4
f 3032/4/4 3031/4/4 3033/4/4
f 3034/6/4 3035/6/4 3037/6/4
f 3035/3/4 3036/3/4 3038/3/4
f 3037/6/4 3035/6/4 3038/6/4
f 3037/4/4 3038/4/4 3040/4/4
f 3038/3/4 3036/3/4 3041/3/4
f 3040/4/4 3038/4/4 3041/4/4
f 3041/3/4 3036/3/4 3042/3/4
f 3039/4/4 3040/4/4 3043/4/4
f 3040/3/4 3041/3/4 3044/3/4
f 3043/4/4 3040/4/4 3044/4/4
f 3044/3/4 3041/3/4 3045/3/4
f 3045/3/4 3041/3/4 3046/3/4
f 3047/3/4 3048/3/4 3049/3/4
f 3049/3/4 3048/3/4 3050/3/4
f 3051/4/4 3052/4/4 3053/4/4
f 3053/4/4 3052/4/4 3054/4/4
f 3055/4/4 3056/4/4 3057/4/4
f 3057/4/4 3056/4/4 3058/4/4
f 3058/3/4 3059/3/4 3060/3/4
f 3060/3/4 3059/3/4 3061/3/4
f 3062/6/4 3063/6/4 3064/6/4
f 3064/6/4 3063/6/4 3065/6/4
f 3064/3/4 3065/3/4 3066/3/4
f 3066/3/4 3065/3/4 3067/3/4
f 3068/6/4 3069/6/4 3070/6/4
f 3070/6/4 3069/6/4 3071/6/4
f 3072/6/4 3073/6/4 3074/6/4
f 3074/6/4 3073/6/4 3075/6/4
f 3076/6/4 3077/6/4 3079/6/4
f 3079/6/4 3077/6/4 3080/6/4
f 3077/4/4 3078/4/4 3081/4/4
f 3080/6/4 3077/6/4 3081/6/4
f 3081/4/4 3078/4/4 3082/4/4
f 3080/6/4 3081/6/4 3083/6/4
f 3081/6/4 3082/6/4 3083/6/4
f 3083/6/4 3082/6/4 3084/6/4
f 3084/6/4 3082/6/4 3085/6/4
f 3086/6/4 3087/6/4 3088/6/4
f 3088/6/4 3087/6/4 3089/6/4
f 3090/4/4 3091/4/4 3092/4/4
f 3092/4/4 3091/4/4 3093/4/4
f 3094/5/4 3095/5/4 3096/5/4
f 3096/5/4 3095/5/4 3097/5/4
f 3098/6/4 3099/6/4 3101/6/4
f 3101/6/4 3099/6/4 3102/6/4
f 3100/3/4 3101/3/4 3103/3/4
f 3103/3/4 3101/3/4 3104/3/4
f 3105/6/4 3106/6/4 3107/6/4
f 3107/6/4 3106/6/4 3108/6/4
f 3107/4/4 3108/4/4 3109/4/4
f 3109/4/4 3108/4/4 3110/4/4
f 3111/3/4 3112/3/4 3113/3/4
f 3113/3/4 3112/3/4 3114/3/4
f 3115/4/4 3116/4/4 3117/4/4
f 3117/4/4 3116/4/4 3118/4/4
f 3119/6/4 3120/6/4 3121/6/4
f 3121/6/4 3120/6/4 3122/6/4
f 3123/6/4 3124/6/4 3125/6/4
f 3125/6/4 3124/6/4 3126/6/4
f 3129/6/4 3130/6/4 3132/6/4
f 3132/6/4 3130/6/4 3133/6/4
f 3127/5/4 3128/5/4 3134/5/4
f 3134/5/4 3128/5/4 3135/5/4
f 3131/3/4 3132/3/4 3136/3/4
f 3136/3/4 3132/3/4 3137/3/4
f 3138/6/4 3139/6/4 3140/6/4
f 3140/6/4 3139/6/4 3141/6/4
f 3141/6/4 3139/6/4 3142/6/4
f 3143/6/4 3144/6/4 3146/6/4
f 3146/6/4 3144/6/4 3147/6/4
f 3145/3/4 3146/3/4 3148/3/4
f 3148/3/4 3146/3/4 3149/3/4
f 3150/6/4 3151/6/4 3152/6/4
f 3152/6/4 3151/6/4 3153/6/4
f 3154/3/4 3155/3/4 3156/3/4
f 3156/3/4 3155/3/4 3157/3/4
f 3158/3/4 3159/3/4 3160/3/4
f 3160/3/4 3159/3/4 3161/3/4
f 3162/6/4 3163/6/4 3164/6/4
f 3164/6/4 3163/6/4 3165/6/4
f 3166/6/4 3167/6/4 3168/6/4
f 3168/6/4 3167/6/4 3169/6/4
f 3170/4/4 3171/4/4 3172/4/4
f 3172/4/4 3171/4/4 3173/4/4
f 3174/3/4 3175/3/4 3176/3/4
f 3176/3/4 3175/3/4 3177/3/4
f 3179/6/4 3180/6/4 3181/6/4
f 3181/6/4 3180/6/4 3182/6/4
f 3179/6/4 3181/6/4 3183/6/4
f 3181/4/4 3182/4/4 3183/4/4
f 3183/4/4 3182/4/4 3184/4/4
f 3178/9/4 3179/9/4 3186/9/4
f 3186/9/4 3179/9/4 3187/9/4
f 3187/9/4 3179/9/4 3189/9/4
f 3184/6/4 3185/6/4 3190/6/4
f 3183/6/4 3184/6/4 3190/6/4
f 3179/6/4 3183/6/4 3190/6/4
f 3190/6/4 3185/6/4 3191/6/4
f 3191/6/4 3185/6/4 3192/6/4
f 3188/9/4 3189/9/4 3193/9/4
f 3189/9/4 3179/9/4 3194/9/4
f 3193/9/4 3189/9/4 3194/9/4
f 3179/6/4 3190/6/4 3194/6/4
f 3190/3/4 3191/3/4 3195/3/4
f 3194/6/4 3190/6/4 3195/6/4
f 3195/3/4 3191/3/4 3196/3/4
f 3199/3/4 3200/3/4 3201/3/4
f 3201/3/4 3200/3/4 3202/3/4
f 3201/4/4 3202/4/4 3204/4/4
f 3202/3/4 3203/3/4 3205/3/4
f 3204/4/4 3202/4/4 3205/4/4
f 3205/3/4 3203/3/4 3206/3/4
f 3197/5/4 3198/5/4 3207/5/4
f 3207/5/4 3198/5/4 3208/5/4
f 3209/6/4 3210/6/4 3211/6/4
f 3211/6/4 3210/6/4 3212/6/4
f 3213/3/4 3214/3/4 3215/3/4
f 3215/3/4 3214/3/4 3216/3/4
f 3217/9/4 3218/9/4 3219/9/4
f 3219/9/4 3218/9/4 3220/9/4
f 3221/4/4 3222/4/4 3223/4/4
f 3223/4/4 3222/4/4 3224/4/4
f 3225/6/4 3226/6/4 3227/6/4
f 3227/6/4 3226/6/4 3228/6/4
f 3232/3/4 3233/3/4 3234/3/4
f 3234/3/4 3233/3/4 3235/3/4
f 3229/5/4 3230/5/4 3236/5/4
f 3230/5/4 3231/5/4 3236/5/4
f 3236/5/4 3231/5/4 3237/5/4
f 3238/9/4 3239/9/4 3241/9/4
f 3239/6/4 3240/6/4 3242/6/4
f 3241/9/4 3239/9/4 3242/9/4
f 3242/6/4 3240/6/4 3243/6/4
f 3244/5/4 3245/5/4 3247/5/4
f 3248/4/4 3249/4/4 3250/4/4
f 3250/4/4 3249/4/4 3251/4/4
f 3247/5/4 3245/5/4 3252/5/4
f 3246/5/4 3247/5/4 3252/5/4
f 3246/5/4 3252/5/4 3253/5/4
f 3253/5/4 3252/5/4 3254/5/4
f 3255/4/4 3256/4/4 3257/4/4
f 3257/4/4 3256/4/4 3258/4/4
f 3259/9/4 3260/9/4 3262/9/4
f 3260/6/4 3261/6/4 3263/6/4
f 3262/9/4 3260/9/4 3263/9/4
f 3263/6/4 3261/6/4 3264/6/4
f 3265/6/4 3266/6/4 3268/6/4
f 3268/6/4 3266/6/4 3269/6/4
f 3269/6/4 3266/6/4 3270/6/4
f 3267/9/4 3268/9/4 3271/9/4
f 3268/6/4 3269/6/4 3271/6/4
f 3271/6/4 3269/6/4 3272/6/4
f 3267/9/4 3271/9/4 3275/9/4
f 3275/9/4 3271/9/4 3276/9/4
f 3273/6/4 3274/6/4 3277/6/4
f 3277/6/4 3274/6/4 3278/6/4
f 3279/6/4 3280/6/4 3281/6/4
f 3281/6/4 3280/6/4 3282/6/4
f 3283/4/4 3284/4/4 3285/4/4
f 3285/4/4 3284/4/4 3286/4/4
f 3287/6/4 3288/6/4 3289/6/4
f 3289/6/4 3288/6/4 3290/6/4
f 3291/9/4 3292/9/4 3295/9/4
f 3295/9/4 3292/9/4 3296/9/4
f 3293/6/4 3294/6/4 3297/6/4
f 3292/6/4 3293/6/4 3297/6/4
f 3297/6/4 3294/6/4 3298/6/4
f 3298/6/4 3294/6/4 3299/6/4
f 3296/9/4 3292/9/4 3300/9/4
f 3292/6/4 3297/6/4 3301/6/4
f 3300/9/4 3292/9/4 3301/9/4
f 3301/6/4 3297/6/4 3302/6/4
f 3303/4/4 3304/4/4 3305/4/4
f 3305/4/4 3304/4/4 3306/4/4
f 3307/6/4 3308/6/4 3309/6/4
f 3309/6/4 3308/6/4 3310/6/4
f 3313/6/4 3314/6/4 3315/6/4
f 3315/6/4 3314/6/4 3316/6/4
f 3311/5/4 3312/5/4 3318/5/4
f 3319/3/4 3320/3/4 3321/3/4
f 3321/3/4 3320/3/4 3322/3/4
f 3317/5/4 3318/5/4 3323/5/4
f 3318/5/4 3312/5/4 3323/5/4
f 3325/3/4 3326/3/4 3327/3/4
f 3327/3/4 3326/3/4 3328/3/4
f 3317/5/4 3323/5/4 3329/5/4
f 3323/5/4 3324/5/4 3329/5/4
f 3329/5/4 3324/5/4 3330/5/4
f 3331/9/4 3332/9/4 3333/9/4
f 3333/9/4 3332/9/4 3334/9/4
f 3335/3/4 3336/3/4 3337/3/4
f 3337/3/4 3336/3/4 3338/3/4
f 3339/3/4 3340/3/4 3341/3/4
f 3341/3/4 3340/3/4 3342/3/4
f 3343/6/4 3344/6/4 3345/6/4
f 3345/6/4 3344/6/4 3346/6/4
f 3347/4/4 3348/4/4 3349/4/4
f 3349/4/4 3348/4/4 3350/4/4
f 3347/4/4 3349/4/4 3351/4/4
f 3351/4/4 3349/4/4 3352/4/4
f 3355/3/4 3356/3/4 3357/3/4
f 3357/3/4 3356/3/4 3358/3/4
f 3353/5/4 3354/5/4 3359/5/4
f 3359/5/4 3354/5/4 3360/5/4
f 3361/3/4 3362/3/4 3363/3/4
f 3363/3/4 3362/3/4 3364/3/4
f 3365/3/4 3366/3/4 3368/3/4
f 3368/3/4 3366/3/4 3369/3/4
f 3370/5/4 3371/5/4 3373/5/4
f 3367/3/4 3368/3/4 3374/3/4
f 3374/3/4 3368/3/4 3375/3/4
f 3372/5/4 3373/5/4 3376/5/4
f 3376/5/4 3373/5/4 3377/5/4
f 3373/5/4 3371/5/4 3378/5/4
f 3377/5/4 3373/5/4 3378/5/4
f 3379/4/4 3380/4/4 3381/4/4
f 3379/4/4 3381/4/4 3382/4/4
f 3382/4/4 3381/4/4 3383/4/4
f 3384/4/4 3385/4/4 3387/4/4
f 3385/3/4 3386/3/4 3388/3/4
f 3387/4/4 3385/4/4 3388/4/4
f 3388/3/4 3386/3/4 3389/3/4
f 3390/4/4 3391/4/4 3392/4/4
f 3392/4/4 3391/4/4 3393/4/4
f 3394/3/4 3395/3/4 3396/3/4
f 3396/3/4 3395/3/4 3397/3/4
f 3398/4/4 3399/4/4 3400/4/4
f 3400/4/4 3399/4/4 3401/4/4
f 3402/6/4 3403/6/4 3404/6/4
f 3404/6/4 3403/6/4 3405/6/4
f 3406/4/4 3407/4/4 3408/4/4
f 3408/4/4 3407/4/4 3409/4/4
f 3410/3/4 3411/3/4 3412/3/4
f 3412/3/4 3411/3/4 3413/3/4
f 3414/3/4 3415/3/4 3416/3/4
f 3416/3/4 3415/3/4 3417/3/4
f 3418/3/4 3419/3/4 3422/3/4
f 3422/3/4 3419/3/4 3423/3/4
f 3420/5/4 3421/5/4 3424/5/4
f 3420/5/4 3424/5/4 3425/5/4
f 3425/5/4 3424/5/4 3426/5/4
f 3427/3/4 3428/3/4 3429/3/4
f 3429/3/4 3428/3/4 3430/3/4
f 3431/6/4 3432/6/4 3433/6/4
f 3433/6/4 3432/6/4 3434/6/4
f 3435/3/4 3436/3/4 3437/3/4
f 3437/3/4 3436/3/4 3438/3/4
f 3439/3/4 3440/3/4 3441/3/4
f 3441/3/4 3440/3/4 3442/3/4
f 3443/4/4 3444/4/4 3445/4/4
f 3445/4/4 3444/4/4 3446/4/4
f 3447/4/4 3448/4/4 3450/4/4
f 3448/3/4 3449/3/4 3451/3/4
f 3450/4/4 3448/4/4 3451/4/4
f 3451/3/4 3449/3/4 3452/3/4
f 3450/6/4 3451/6/4 3453/6/4
f 3453/6/4 3451/6/4 3454/6/4
f 3454/3/4 3455/3/4 3456/3/4
f 3456/3/4 3455/3/4 3457/3/4
f 3458/3/4 3459/3/4 3460/3/4
f 3460/3/4 3459/3/4 3461/3/4
f 3462/6/4 3463/6/4 3464/6/4
f 3464/6/4 3463/6/4 3465/6/4
f 3466/3/4 3467/3/4 3468/3/4
f 3468/3/4 3467/3/4 3469/3/4
f 3470/4/4 3471/4/4 3472/4/4
f 3472/4/4 3471/4/4 3473/4/4
f 3474/3/4 3475/3/4 3477/3/4
f 3477/3/4 3475/3/4 3478/3/4
f 3476/3/4 3477/3/4 3479/3/4
f 3479/3/4 3477/3/4 3480/3/4
f 3481/6/4 3482/6/4 3483/6/4
f 3483/6/4 3482/6/4 3484/6/4
f 3485/5/4 3486/5/4 3487/5/4
f 3487/5/4 3486/5/4 3488/5/4
f 3487/5/4 3488/5/4 3491/5/4
f 3488/4/4 3489/4/4 3492/4/4
f 3490/5/4 3491/5/4 3492/5/4
f 3491/5/4 3488/5/4 3492/5/4
f 3492/4/4 3489/4/4 3493/4/4
f 3490/5/4 3492/5/4 3494/5/4
f 3490/5/4 3494/5/4 3496/5/4
f 3496/5/4 3494/5/4 3497/5/4
f 3497/5/4 3494/5/4 3498/5/4
f 3494/4/4 3495/4/4 3499/4/4
f 3498/5/4 3494/5/4 3499/5/4
f 3499/4/4 3495/4/4 3500/4/4
f 3498/5/4 3499/5/4 3501/5/4
f 3498/5/4 3501/5/4 3503/5/4
f 3501/4/4 3502/4/4 3503/4/4
f 3503/4/4 3502/4/4 3504/4/4
f 3498/5/4 3503/5/4 3505/5/4
f 3505/5/4 3503/5/4 3506/5/4
f 3507/6/4 3508/6/4 3509/6/4
f 3509/6/4 3508/6/4 3510/6/4
f 3511/4/4 3512/4/4 3513/4/4
f 3513/4/4 3512/4/4 3514/4/4
f 3515/6/4 3516/6/4 3517/6/4
f 3517/6/4 3516/6/4 3518/6/4
f 3519/4/4 3520/4/4 3521/4/4
f 3521/4/4 3520/4/4 3522/4/4
f 3525/5/4 3526/5/4 3527/5/4
f 3523/6/4 3524/6/4 3528/6/4
f 3528/6/4 3524/6/4 3529/6/4
f 3527/5/4 3526/5/4 3530/5/4
f 3530/5/4 3526/5/4 3531/5/4
f 3532/6/4 3533/6/4 3536/6/4
f 3536/6/4 3533/6/4 3537/6/4
f 3534/10/4 3535/10/4 3538/10/4
f 3538/10/4 3535/10/4 3539/10/4
f 3540/10/4 3541/10/4 3542/10/4
f 3542/10/4 3541/10/4 3543/10/4
f 3544/6/4 3545/6/4 3546/6/4
f 3546/6/4 3545/6/4 3547/6/4
f 3548/8/4 3549/8/4 3550/8/4
f 3550/8/4 3549/8/4 3551/8/4
f 3552/8/4 3553/8/4 3555/8/4
f 3553/9/4 3554/9/4 3556/9/4
f 3555/8/4 3553/8/4 3556/8/4
f 3556/9/4 3554/9/4 3557/9/4
f 3558/9/4 3559/9/4 3560/9/4
f 3560/9/4 3559/9/4 3561/9/4
f 3560/10/4 3561/10/4 3562/10/4
f 3562/10/4 3561/10/4 3563/10/4
f 3564/9/4 3565/9/4 3566/9/4
f 3566/9/4 3565/9/4 3567/9/4
f 3568/10/4 3569/10/4 3570/10/4
f 3570/10/4 3569/10/4 3571/10/4
f 3572/9/4 3573/9/4 3574/9/4
f 3574/9/4 3573/9/4 3575/9/4
f 3576/9/4 3577/9/4 3578/9/4
f 3578/9/4 3577/9/4 3579/9/4
f 3580/9/4 3581/9/4 3582/9/4
f 3582/9/4 3581/9/4 3583/9/4
f 3583/9/4 3581/9/4 3584/9/4
f 3584/9/4 3581/9/4 3585/9/4
f 3586/9/4 3587/9/4 3588/9/4
f 3588/9/4 3587/9/4 3589/9/4
f 3590/9/4 3591/9/4 3594/9/4
f 3592/9/4 3593/9/4 3595/9/4
f 3593/9/4 3594/9/4 3595/9/4
f 3594/9/4 3591/9/4 3596/9/4
f 3595/9/4 3594/9/4 3596/9/4
f 3597/9/4 3598/9/4 3599/9/4
f 3599/9/4 3598/9/4 3600/9/4
f 3601/10/4 3602/10/4 3603/10/4
f 3603/10/4 3602/10/4 3604/10/4
f 3605/9/4 3606/9/4 3607/9/4
f 3607/9/4 3606/9/4 3608/9/4
f 3609/9/4 3610/9/4 3611/9/4
f 3611/9/4 3610/9/4 3612/9/4
f 3613/9/4 3614/9/4 3615/9/4
f 3615/9/4 3614/9/4 3616/9/4
f 3617/9/4 3618/9/4 3619/9/4
f 3619/9/4 3618/9/4 3620/9/4
f 3617/9/4 3619/9/4 3621/9/4
f 3617/9/4 3621/9/4 3624/9/4
f 3621/9/4 3622/9/4 3624/9/4
f 3622/10/4 3623/10/4 3625/10/4
f 3624/9/4 3622/9/4 3625/9/4
f 3625/10/4 3623/10/4 3626/10/4
f 3627/9/4 3628/9/4 3629/9/4
f 3629/9/4 3628/9/4 3630/9/4
f 3635/10/5 3632/10/5 3631/10/5
f 3636/10/5 3632/10/5 3635/10/5
f 3637/10/5 3634/10/5 3633/10/5
f 3638/10/5 3634/10/5 3637/10/5
f 3643/10/5 3640/10/5 3639/10/5
f 3644/10/5 3640/10/5 3643/10/5
f 3645/10/5 3642/10/5 3641/10/5
f 3646/10/5 3642/10/5 3645/10/5
f 3649/10/5 3648/10/5 3647/10/5
f 3650/10/5 3648/10/5 3649/10/5
f 3651/10/5 3648/10/5 3650/10/5
f 3652/10/5 3648/10/5 3651/10/5
f 3653/10/5 3649/10/5 3647/10/5
f 3654/10/5 3651/10/5 3650/10/5
f 3655/10/5 3651/10/5 3654/10/5
f 3656/10/5 3648/10/5 3652/10/5
f 3657/10/5 3653/10/5 3647/10/5
f 3657/10/5 3654/10/5 3653/10/5
f 3658/10/5 3654/10/5 3657/10/5
f 3659/10/5 3656/10/5 3655/10/5
f 3660/10/5 3648/10/5 3656/10/5
f 3660/10/5 3656/10/5 3659/10/5
f 3661/10/5 3657/10/5 3647/10/5
f 3662/10/5 3659/10/5 3658/10/5
f 3663/10/5 3659/10/5 3662/10/5
f 3664/10/5 3648/10/5 3660/10/5
f 3665/10/5 3663/10/5 3662/10/5
f 3665/10/5 3664/10/5 3663/10/5
f 3665/10/5 3661/10/5 3647/10/5
f 3665/10/5 3662/10/5 3661/10/5
f 3666/10/5 3648/10/5 3664/10/5
f 3666/10/5 3664/10/5 3665/10/5
f 3667/8/5 3666/8/5 3665/8/5
f 3668/8/5 3666/8/5 3667/8/5
f 3673/8/5 3671/8/5 3670/8/5
f 3673/10/5 3672/10/5 3671/10/5
f 3674/10/5 3672/10/5 3673/10/5
f 3675/8/5 3673/8/5 3670/8/5
f 3676/8/5 3673/8/5 3675/8/5
f 3677/2/5 3674/2/5 3673/2/5
f 3677/8/5 3673/8/5 3676/8/5
f 3678/2/5 3674/2/5 3677/2/5
f 3681/10/5 3680/10/5 3679/10/5
f 3682/10/5 3680/10/5 3681/10/5
f 3683/8/5 3677/8/5 3676/8/5
f 3683/10/5 3678/10/5 3677/10/5
f 3684/10/5 3678/10/5 3683/10/5
f 3685/8/5 3683/8/5 3676/8/5
f 3685/1/5 3684/1/5 3683/1/5
f 3686/1/5 3684/1/5 3685/1/5
f 3687/10/5 3670/10/5 3669/10/5
f 3687/8/5 3675/8/5 3670/8/5
f 3688/8/5 3675/8/5 3687/8/5
f 3689/10/5 3688/10/5 3687/10/5
f 3690/8/5 3686/8/5 3685/8/5
f 3690/8/5 3685/8/5 3676/8/5
f 3691/10/5 3689/10/5 3687/10/5
f 3691/10/5 3687/10/5 3669/10/5
f 3692/10/5 3689/10/5 3691/10/5
f 3693/8/5 3686/8/5 3690/8/5
f 3694/8/5 3692/8/5 3691/8/5
f 3694/8/5 3693/8/5 3692/8/5
f 3695/8/5 3686/8/5 3693/8/5
f 3695/8/5 3693/8/5 3694/8/5
f 3699/9/5 3697/9/5 3696/9/5
f 3699/10/5 3698/10/5 3697/10/5
f 3700/10/5 3698/10/5 3699/10/5
f 3701/10/5 3698/10/5 3700/10/5
f 3702/10/5 3698/10/5 3701/10/5
f 3703/10/5 3698/10/5 3702/10/5
f 3704/10/5 3698/10/5 3703/10/5
f 3705/10/5 3698/10/5 3704/10/5
f 3706/2/5 3705/2/5 3704/2/5
f 3707/2/5 3705/2/5 3706/2/5
f 3708/10/5 3707/10/5 3706/10/5
f 3709/10/5 3707/10/5 3708/10/5
f 3710/1/5 3709/1/5 3708/1/5
f 3711/1/5 3709/1/5 3710/1/5
f 3712/10/5 3711/10/5 3710/10/5
f 3713/9/5 3699/9/5 3696/9/5
f 3714/10/5 3711/10/5 3712/10/5
f 3715/9/5 3713/9/5 3696/9/5
f 3716/10/5 3711/10/5 3714/10/5
f 3717/9/5 3715/9/5 3696/9/5
f 3718/10/5 3716/10/5 3715/10/5
f 3718/9/5 3715/9/5 3717/9/5
f 3719/10/5 3711/10/5 3716/10/5
f 3719/10/5 3716/10/5 3718/10/5
f 3724/9/5 3721/9/5 3720/9/5
f 3724/10/5 3722/10/5 3721/10/5
f 3725/10/5 3722/10/5 3724/10/5
f 3726/9/5 3723/9/5 3722/9/5
f 3726/10/5 3722/10/5 3725/10/5
f 3727/9/5 3723/9/5 3726/9/5
f 3728/9/5 3723/9/5 3727/9/5
f 3729/2/5 3728/2/5 3727/2/5
f 3730/2/5 3728/2/5 3729/2/5
f 3731/9/5 3730/9/5 3729/9/5
f 3732/9/5 3730/9/5 3731/9/5
f 3733/1/5 3732/1/5 3731/1/5
f 3734/1/5 3732/1/5 3733/1/5
f 3735/9/5 3734/9/5 3733/9/5
f 3736/9/5 3724/9/5 3720/9/5
f 3737/9/5 3724/9/5 3736/9/5
f 3738/9/5 3734/9/5 3735/9/5
f 3739/9/5 3734/9/5 3738/9/5
f 3740/10/5 3737/10/5 3736/10/5
f 3741/10/5 3737/10/5 3740/10/5
f 3742/10/5 3739/10/5 3738/10/5
f 3743/10/5 3739/10/5 3742/10/5
f 3744/9/5 3741/9/5 3740/9/5
f 3746/9/5 3743/9/5 3742/9/5
f 3747/9/5 3745/9/5 3744/9/5
f 3747/9/5 3746/9/5 3745/9/5
f 3747/9/5 3744/9/5 3740/9/5
f 3748/9/5 3743/9/5 3746/9/5
f 3748/9/5 3746/9/5 3747/9/5
f 3751/9/5 3750/9/5 3749/9/5
f 3752/9/5 3750/9/5 3751/9/5
f 3753/9/5 3750/9/5 3752/9/5
f 3754/9/5 3750/9/5 3753/9/5
f 3755/9/5 3750/9/5 3754/9/5
f 3756/9/5 3750/9/5 3755/9/5
f 3757/9/5 3750/9/5 3756/9/5
f 3758/2/5 3757/2/5 3756/2/5
f 3759/2/5 3757/2/5 3758/2/5
f 3760/9/5 3759/9/5 3758/9/5
f 3761/9/5 3759/9/5 3760/9/5
f 3762/1/5 3761/1/5 3760/1/5
f 3763/1/5 3761/1/5 3762/1/5
f 3764/9/5 3763/9/5 3762/9/5
f 3765/9/5 3751/9/5 3749/9/5
f 3766/9/5 3763/9/5 3764/9/5
f 3767/9/5 3765/9/5 3749/9/5
f 3768/9/5 3765/9/5 3767/9/5
f 3769/9/5 3763/9/5 3766/9/5
f 3770/9/5 3763/9/5 3769/9/5
f 3771/10/5 3768/10/5 3767/10/5
f 3772/10/5 3770/10/5 3769/10/5
f 3773/10/5 3771/10/5 3767/10/5
f 3774/10/5 3770/10/5 3772/10/5
f 3775/10/5 3773/10/5 3767/10/5
f 3775/10/5 3774/10/5 3773/10/5
f 3776/10/5 3770/10/5 3774/10/5
f 3776/10/5 3774/10/5 3775/10/5
f 3779/9/5 3778/9/5 3777/9/5
f 3780/9/5 3778/9/5 3779/9/5
f 3781/9/5 3778/9/5 3780/9/5
f 3782/9/5 3778/9/5 3781/9/5
f 3783/2/5 3782/2/5 3781/2/5
f 3784/2/5 3782/2/5 3783/2/5
f 3787/5/5 3786/5/5 3785/5/5
f 3788/5/5 3786/5/5 3787/5/5
f 3789/5/5 3786/5/5 3788/5/5
f 3790/5/5 3786/5/5 3789/5/5
f 3791/9/5 3784/9/5 3783/9/5
f 3792/9/5 3784/9/5 3791/9/5
f 3793/1/5 3792/1/5 3791/1/5
f 3794/1/5 3792/1/5 3793/1/5
f 3795/9/5 3794/9/5 3793/9/5
f 3796/9/5 3779/9/5 3777/9/5
f 3797/9/5 3794/9/5 3795/9/5
f 3798/9/5 3796/9/5 3777/9/5
f 3799/9/5 3796/9/5 3798/9/5
f 3800/9/5 3794/9/5 3797/9/5
f 3801/9/5 3794/9/5 3800/9/5
f 3802/10/5 3799/10/5 3798/10/5
f 3803/10/5 3799/10/5 3802/10/5
f 3804/10/5 3801/10/5 3800/10/5
f 3805/10/5 3801/10/5 3804/10/5
f 3806/9/5 3803/9/5 3802/9/5
f 3806/9/5 3804/9/5 3803/9/5
f 3806/9/5 3805/9/5 3804/9/5
f 3807/9/5 3805/9/5 3806/9/5
f 3814/5/5 3809/5/5 3808/5/5
f 3814/5/5 3813/5/5 3812/5/5
f 3814/5/5 3812/5/5 3811/5/5
f 3814/5/5 3811/5/5 3810/5/5
f 3814/5/5 3810/5/5 3809/5/5
f 3815/5/5 3813/5/5 3814/5/5
f 3816/5/5 3814/5/5 3808/5/5
f 3817/5/5 3814/5/5 3816/5/5
f 3818/5/5 3814/5/5 3817/5/5
f 3821/5/5 3820/5/5 3819/5/5
f 3822/5/5 3820/5/5 3821/5/5
f 3825/5/5 3824/5/5 3823/5/5
f 3827/5/5 3825/5/5 3823/5/5
f 3827/5/5 3826/5/5 3825/5/5
f 3828/5/5 3826/5/5 3827/5/5
f 3829/5/5 3827/5/5 3823/5/5
f 3830/5/5 3827/5/5 3829/5/5
f 3833/9/5 3832/9/5 3831/9/5
f 3834/9/5 3832/9/5 3833/9/5
f 3835/9/5 3832/9/5 3834/9/5
f 3836/9/5 3832/9/5 3835/9/5
f 3837/9/5 3832/9/5 3836/9/5
f 3838/2/5 3837/2/5 3836/2/5
f 3839/2/5 3837/2/5 3838/2/5
f 3842/5/5 3841/5/5 3840/5/5
f 3844/9/5 3839/9/5 3838/9/5
f 3845/9/5 3839/9/5 3844/9/5
f 3846/5/5 3843/5/5 3842/5/5
f 3846/5/5 3842/5/5 3840/5/5
f 3847/5/5 3843/5/5 3846/5/5
f 3850/1/5 3845/1/5 3844/1/5
f 3851/1/5 3845/1/5 3850/1/5
f 3852/5/5 3849/5/5 3848/5/5
f 3853/5/5 3849/5/5 3852/5/5
f 3856/9/5 3851/9/5 3850/9/5
f 3857/5/5 3855/5/5 3854/5/5
f 3859/5/5 3857/5/5 3854/5/5
f 3859/5/5 3858/5/5 3857/5/5
f 3860/5/5 3858/5/5 3859/5/5
f 3861/5/5 3858/5/5 3860/5/5
f 3862/5/5 3858/5/5 3861/5/5
f 3863/9/5 3833/9/5 3831/9/5
f 3864/9/5 3851/9/5 3856/9/5
f 3865/9/5 3863/9/5 3831/9/5
f 3866/9/5 3863/9/5 3865/9/5
f 3867/9/5 3851/9/5 3864/9/5
f 3868/9/5 3851/9/5 3867/9/5
f 3869/10/5 3866/10/5 3865/10/5
f 3870/10/5 3868/10/5 3867/10/5
f 3871/10/5 3869/10/5 3865/10/5
f 3872/10/5 3869/10/5 3871/10/5
f 3873/10/5 3868/10/5 3870/10/5
f 3874/10/5 3868/10/5 3873/10/5
f 3875/9/5 3872/9/5 3871/9/5
f 3875/9/5 3873/9/5 3872/9/5
f 3875/9/5 3874/9/5 3873/9/5
f 3876/9/5 3874/9/5 3875/9/5
f 3882/5/5 3880/5/5 3879/5/5
f 3883/5/5 3882/5/5 3881/5/5
f 3884/5/5 3882/5/5 3883/5/5
f 3885/6/5 3878/6/5 3877/6/5
f 3886/6/5 3885/6/5 3877/6/5
f 3887/6/5 3885/6/5 3886/6/5
f 3888/5/5 3887/5/5 3886/5/5
f 3889/5/5 3882/5/5 3884/5/5
f 3890/5/5 3882/5/5 3889/5/5
f 3893/5/5 3892/5/5 3891/5/5
f 3894/5/5 3892/5/5 3893/5/5
f 3895/5/5 3882/5/5 3890/5/5
f 3896/5/5 3880/5/5 3882/5/5
f 3896/5/5 3882/5/5 3895/5/5
f 3897/5/5 3895/5/5 3890/5/5
f 3897/6/5 3896/6/5 3895/6/5
f 3898/6/5 3896/6/5 3897/6/5
f 3899/5/5 3887/5/5 3888/5/5
f 3900/6/5 3896/6/5 3898/6/5
f 3900/5/5 3898/5/5 3897/5/5
f 3901/6/5 3896/6/5 3900/6/5
f 3902/5/5 3887/5/5 3899/5/5
f 3904/5/5 3897/5/5 3890/5/5
f 3904/5/5 3900/5/5 3897/5/5
f 3904/5/5 3901/5/5 3900/5/5
f 3905/5/5 3887/5/5 3902/5/5
f 3906/5/5 3887/5/5 3905/5/5
f 3908/5/5 3904/5/5 3903/5/5
f 3908/5/5 3901/5/5 3904/5/5
f 3909/5/5 3901/5/5 3908/5/5
f 3910/5/5 3907/5/5 3906/5/5
f 3910/5/5 3906/5/5 3905/5/5
f 3911/5/5 3907/5/5 3910/5/5
f 3912/5/5 3907/5/5 3911/5/5
f 3913/5/5 3907/5/5 3912/5/5
f 3914/5/5 3908/5/5 3903/5/5
f 3915/5/5 3908/5/5 3914/5/5
f 3918/9/5 3917/9/5 3916/9/5
f 3919/9/5 3917/9/5 3918/9/5
f 3920/9/5 3917/9/5 3919/9/5
f 3921/9/5 3917/9/5 3920/9/5
f 3922/2/5 3921/2/5 3920/2/5
f 3923/2/5 3921/2/5 3922/2/5
f 3924/9/5 3923/9/5 3922/9/5
f 3925/9/5 3923/9/5 3924/9/5
f 3926/1/5 3925/1/5 3924/1/5
f 3927/1/5 3925/1/5 3926/1/5
f 3928/9/5 3927/9/5 3926/9/5
f 3929/9/5 3918/9/5 3916/9/5
f 3930/9/5 3927/9/5 3928/9/5
f 3931/9/5 3929/9/5 3916/9/5
f 3932/9/5 3929/9/5 3931/9/5
f 3933/9/5 3927/9/5 3930/9/5
f 3934/9/5 3927/9/5 3933/9/5
f 3935/10/5 3932/10/5 3931/10/5
f 3936/10/5 3934/10/5 3933/10/5
f 3937/10/5 3935/10/5 3931/10/5
f 3938/10/5 3935/10/5 3937/10/5
f 3939/10/5 3934/10/5 3936/10/5
f 3940/10/5 3934/10/5 3939/10/5
f 3941/9/5 3938/9/5 3937/9/5
f 3941/9/5 3939/9/5 3938/9/5
f 3941/9/5 3940/9/5 3939/9/5
f 3942/9/5 3940/9/5 3941/9/5
f 3947/9/5 3944/9/5 3943/9/5
f 3948/1/5 3945/1/5 3944/1/5
f 3948/9/5 3944/9/5 3947/9/5
f 3949/9/5 3946/9/5 3945/9/5
f 3949/1/5 3945/1/5 3948/1/5
f 3950/9/5 3946/9/5 3949/9/5
f 3951/9/5 3946/9/5 3950/9/5
f 3952/9/5 3946/9/5 3951/9/5
f 3953/9/5 3946/9/5 3952/9/5
f 3954/2/5 3953/2/5 3952/2/5
f 3955/2/5 3953/2/5 3954/2/5
f 3956/9/5 3955/9/5 3954/9/5
f 3957/9/5 3955/9/5 3956/9/5
f 3958/1/5 3957/1/5 3956/1/5
f 3959/1/5 3957/1/5 3958/1/5
f 3960/9/5 3959/9/5 3958/9/5
f 3961/9/5 3947/9/5 3943/9/5
f 3962/9/5 3947/9/5 3961/9/5
f 3963/9/5 3959/9/5 3960/9/5
f 3964/9/5 3959/9/5 3963/9/5
f 3965/10/5 3962/10/5 3961/10/5
f 3966/10/5 3964/10/5 3963/10/5
f 3967/10/5 3965/10/5 3961/10/5
f 3968/10/5 3965/10/5 3967/10/5
f 3969/10/5 3964/10/5 3966/10/5
f 3970/10/5 3964/10/5 3969/10/5
f 3971/9/5 3968/9/5 3967/9/5
f 3971/9/5 3969/9/5 3968/9/5
f 3971/9/5 3970/9/5 3969/9/5
f 3972/9/5 3970/9/5 3971/9/5
f 3978/6/5 3974/6/5 3973/6/5
f 3979/6/5 3974/6/5 3978/6/5
f 3981/9/5 3976/9/5 3975/9/5
f 3982/9/5 3976/9/5 3981/9/5
f 3983/9/5 3978/9/5 3977/9/5
f 3984/9/5 3978/9/5 3983/9/5
f 3985/6/5 3980/6/5 3979/6/5
f 3986/6/5 3980/6/5 3985/6/5
f 3989/9/5 3988/9/5 3987/9/5
f 3990/9/5 3988/9/5 3989/9/5
f 3995/9/5 3992/9/5 3991/9/5
f 3996/1/5 3993/1/5 3992/1/5
f 3996/9/5 3992/9/5 3995/9/5
f 3997/9/5 3994/9/5 3993/9/5
f 3997/1/5 3993/1/5 3996/1/5
f 3998/9/5 3994/9/5 3997/9/5
f 3999/9/5 3994/9/5 3998/9/5
f 4000/9/5 3994/9/5 3999/9/5
f 4001/9/5 3994/9/5 4000/9/5
f 4002/9/5 3994/9/5 4001/9/5
f 4003/9/5 3994/9/5 4002/9/5
f 4004/2/5 4003/2/5 4002/2/5
f 4005/2/5 4003/2/5 4004/2/5
f 4006/9/5 4005/9/5 4004/9/5
f 4007/9/5 4005/9/5 4006/9/5
f 4008/1/5 4007/1/5 4006/1/5
f 4009/1/5 4007/1/5 4008/1/5
f 4010/9/5 4009/9/5 4008/9/5
f 4013/6/5 4012/6/5 4011/6/5
f 4014/6/5 4012/6/5 4013/6/5
f 4017/6/5 4016/6/5 4015/6/5
f 4018/6/5 4016/6/5 4017/6/5
f 4019/9/5 3995/9/5 3991/9/5
f 4020/9/5 4009/9/5 4010/9/5
f 4021/9/5 4019/9/5 3991/9/5
f 4022/9/5 4019/9/5 4021/9/5
f 4023/9/5 4009/9/5 4020/9/5
f 4024/9/5 4009/9/5 4023/9/5
f 4025/10/5 4022/10/5 4021/10/5
f 4026/10/5 4024/10/5 4023/10/5
f 4027/10/5 4025/10/5 4021/10/5
f 4028/10/5 4024/10/5 4026/10/5
f 4029/10/5 4027/10/5 4021/10/5
f 4029/10/5 4028/10/5 4027/10/5
f 4030/10/5 4024/10/5 4028/10/5
f 4030/10/5 4028/10/5 4029/10/5
f 4035/6/5 4032/6/5 4031/6/5
f 4036/6/5 4032/6/5 4035/6/5
f 4037/6/5 4034/6/5 4033/6/5
f 4038/6/5 4034/6/5 4037/6/5
f 4041/9/5 4040/9/5 4039/9/5
f 4042/9/5 4040/9/5 4041/9/5
f 4043/9/5 4040/9/5 4042/9/5
f 4044/9/5 4040/9/5 4043/9/5
f 4045/2/5 4044/2/5 4043/2/5
f 4046/2/5 4044/2/5 4045/2/5
f 4047/2/5 4044/2/5 4046/2/5
f 4048/9/5 4047/9/5 4046/9/5
f 4049/9/5 4047/9/5 4048/9/5
f 4050/1/5 4049/1/5 4048/1/5
f 4051/1/5 4049/1/5 4050/1/5
f 4052/9/5 4051/9/5 4050/9/5
f 4055/6/5 4054/6/5 4053/6/5
f 4056/6/5 4054/6/5 4055/6/5
f 4059/6/5 4058/6/5 4057/6/5
f 4060/6/5 4058/6/5 4059/6/5
f 4061/9/5 4041/9/5 4039/9/5
f 4062/9/5 4051/9/5 4052/9/5
f 4063/9/5 4061/9/5 4039/9/5
f 4064/9/5 4061/9/5 4063/9/5
f 4065/9/5 4051/9/5 4062/9/5
f 4066/9/5 4051/9/5 4065/9/5
f 4067/10/5 4064/10/5 4063/10/5
f 4068/10/5 4064/10/5 4067/10/5
f 4069/10/5 4066/10/5 4065/10/5
f 4070/10/5 4066/10/5 4069/10/5
f 4071/9/5 4068/9/5 4067/9/5
f 4071/9/5 4069/9/5 4068/9/5
f 4071/9/5 4070/9/5 4069/9/5
f 4072/9/5 4070/9/5 4071/9/5
f 4075/6/5 4074/6/5 4073/6/5
f 4076/6/5 4074/6/5 4075/6/5
f 4079/9/5 4078/9/5 4077/9/5
f 4080/9/5 4078/9/5 4079/9/5
f 4086/4/5 4082/4/5 4081/4/5
f 4087/4/5 4082/4/5 4086/4/5
f 4088/6/5 4084/6/5 4083/6/5
f 4089/3/5 4085/3/5 4084/3/5
f 4089/6/5 4084/6/5 4088/6/5
f 4090/3/5 4085/3/5 4089/3/5
f 4091/9/5 4079/9/5 4077/9/5
f 4092/9/5 4079/9/5 4091/9/5
f 4093/9/5 4078/9/5 4080/9/5
f 4094/9/5 4078/9/5 4093/9/5
f 4095/10/5 4092/10/5 4091/10/5
f 4096/10/5 4094/10/5 4093/10/5
f 4097/10/5 4095/10/5 4091/10/5
f 4098/10/5 4095/10/5 4097/10/5
f 4099/10/5 4094/10/5 4096/10/5
f 4100/10/5 4094/10/5 4099/10/5
f 4101/9/5 4098/9/5 4097/9/5
f 4101/9/5 4099/9/5 4098/9/5
f 4101/9/5 4100/9/5 4099/9/5
f 4102/9/5 4100/9/5 4101/9/5
f 4105/3/5 4104/3/5 4103/3/5
f 4106/3/5 4104/3/5 4105/3/5
f 4109/4/5 4108/4/5 4107/4/5
f 4110/4/5 4108/4/5 4109/4/5
f 4113/6/5 4112/6/5 4111/6/5
f 4114/6/5 4112/6/5 4113/6/5
f 4117/9/5 4116/9/5 4115/9/5
f 4118/9/5 4116/9/5 4117/9/5
f 4119/9/5 4117/9/5 4115/9/5
f 4120/9/5 4116/9/5 4118/9/5
f 4121/9/5 4119/9/5 4115/9/5
f 4122/9/5 4119/9/5 4121/9/5
f 4123/9/5 4116/9/5 4120/9/5
f 4124/9/5 4116/9/5 4123/9/5
f 4125/10/5 4122/10/5 4121/10/5
f 4126/10/5 4124/10/5 4123/10/5
f 4127/10/5 4125/10/5 4121/10/5
f 4128/10/5 4125/10/5 4127/10/5
f 4129/10/5 4124/10/5 4126/10/5
f 4130/10/5 4124/10/5 4129/10/5
f 4131/9/5 4128/9/5 4127/9/5
f 4131/9/5 4129/9/5 4128/9/5
f 4131/9/5 4130/9/5 4129/9/5
f 4132/9/5 4130/9/5 4131/9/5
f 4137/9/5 4134/9/5 4133/9/5
f 4138/1/5 4135/1/5 4134/1/5
f 4138/9/5 4134/9/5 4137/9/5
f 4139/9/5 4136/9/5 4135/9/5
f 4139/1/5 4135/1/5 4138/1/5
f 4140/9/5 4136/9/5 4139/9/5
f 4141/9/5 4137/9/5 4133/9/5
f 4142/9/5 4136/9/5 4140/9/5
f 4143/9/5 4141/9/5 4133/9/5
f 4144/9/5 4136/9/5 4142/9/5
f 4145/9/5 4136/9/5 4144/9/5
f 4146/9/5 4143/9/5 4133/9/5
f 4147/10/5 4145/10/5 4144/10/5
f 4148/10/5 4145/10/5 4147/10/5
f 4149/9/5 4146/9/5 4133/9/5
f 4149/9/5 4147/9/5 4146/9/5
f 4149/9/5 4148/9/5 4147/9/5
f 4150/9/5 4148/9/5 4149/9/5
f 4153/9/5 4152/9/5 4151/9/5
f 4154/9/5 4152/9/5 4153/9/5
f 4159/9/5 4158/9/5 4157/9/5
f 4160/9/5 4158/9/5 4159/9/5
f 4161/1/5 4160/1/5 4159/1/5
f 4162/1/5 4160/1/5 4161/1/5
f 4163/9/5 4156/9/5 4155/9/5
f 4164/9/5 4156/9/5 4163/9/5
f 4165/9/5 4162/9/5 4161/9/5
f 4166/9/5 4162/9/5 4165/9/5
f 4169/9/5 4168/9/5 4167/9/5
f 4170/9/5 4168/9/5 4169/9/5
f 4171/5/6 4172/5/6 4176/5/6
f 4176/5/6 4172/5/6 4177/5/6
f 4177/5/6 4172/5/6 4178/5/6
f 4173/5/6 4174/5/6 4181/5/6
f 4174/10/6 4175/10/6 4182/10/6
f 4181/5/6 4174/5/6 4182/5/6
f 4179/5/6 4180/5/6 4184/5/6
f 4183/5/6 4184/5/6 4185/5/6
f 4184/5/6 4180/5/6 4186/5/6
f 4185/5/6 4184/5/6 4186/5/6
f 4187/5/6 4188/5/6 4189/5/6
f 4189/5/6 4188/5/6 4190/5/6
f 4182/10/6 4175/10/6 4191/10/6
f 4191/10/6 4175/10/6 4192/10/6
f 4193/7/6 4194/7/6 4200/7/6
f 4194/2/6 4195/2/6 4201/2/6
f 4200/7/6 4194/7/6 4201/7/6
f 4195/7/6 4196/7/6 4202/7/6
f 4201/2/6 4195/2/6 4202/2/6
f 4202/7/6 4196/7/6 4203/7/6
f 4196/2/6 4197/2/6 4204/2/6
f 4203/7/6 4196/7/6 4204/7/6
f 4200/2/6 4201/2/6 4205/2/6
f 4202/7/6 4203/7/6 4205/7/6
f 4201/7/6 4202/7/6 4205/7/6
f 4205/7/6 4203/7/6 4206/7/6
f 4203/2/6 4204/2/6 4207/2/6
f 4206/7/6 4203/7/6 4207/7/6
f 4198/7/6 4199/7/6 4208/7/6
f 4207/2/6 4204/2/6 4208/2/6
f 4204/2/6 4197/2/6 4208/2/6
f 4197/7/6 4198/7/6 4208/7/6
f 4208/7/6 4199/7/6 4209/7/6
f 4193/7/6 4200/7/6 4210/7/6
f 4200/2/6 4205/2/6 4211/2/6
f 4210/7/6 4200/7/6 4211/7/6
f 4211/2/6 4205/2/6 4212/2/6
f 4210/2/6 4211/2/6 4213/2/6
f 4213/2/6 4211/2/6 4214/2/6
f 4211/7/6 4212/7/6 4215/7/6
f 4214/2/6 4211/2/6 4215/2/6
f 4214/7/6 4215/7/6 4216/7/6
f 4215/7/6 4212/7/6 4217/7/6
f 4216/7/6 4215/7/6 4217/7/6
f 4216/2/6 4217/2/6 4218/2/6
f 4218/2/6 4217/2/6 4219/2/6
f 4220/7/6 4221/7/6 4222/7/6
f 4222/7/6 4221/7/6 4223/7/6
f 4224/7/6 4225/7/6 4226/7/6
f 4224/7/6 4226/7/6 4228/7/6
f 4226/5/6 4227/5/6 4228/5/6
f 4228/5/6 4227/5/6 4229/5/6
f 4229/5/6 4227/5/6 4230/5/6
f 4230/5/6 4227/5/6 4231/5/6
f 4224/7/6 4228/7/6 4234/7/6
f 4228/7/6 4229/7/6 4234/7/6
f 4229/2/6 4230/2/6 4235/2/6
f 4234/7/6 4229/7/6 4235/7/6
f 4230/7/6 4231/7/6 4236/7/6
f 4235/2/6 4230/2/6 4236/2/6
f 4236/7/6 4231/7/6 4237/7/6
f 4232/7/6 4233/7/6 4238/7/6
f 4238/7/6 4233/7/6 4239/7/6
f 4240/7/6 4241/7/6 4242/7/6
f 4242/7/6 4241/7/6 4243/7/6
f 4243/7/6 4241/7/6 4244/7/6
f 4244/7/6 4241/7/6 4245/7/6
f 4245/7/6 4241/7/6 4248/7/6
f 4248/7/6 4241/7/6 4249/7/6
f 4245/7/6 4248/7/6 4250/7/6
f 4248/3/6 4249/3/6 4250/3/6
f 4250/3/6 4249/3/6 4251/3/6
f 4246/5/6 4247/5/6 4252/5/6
f 4251/3/6 4249/3/6 4253/3/6
f 4250/7/6 4251/7/6 4253/7/6
f 4253/3/6 4249/3/6 4254/3/6
f 4246/5/6 4252/5/6 4255/5/6
f 4255/5/6 4252/5/6 4256/5/6
f 4245/7/6 4250/7/6 4257/7/6
f 4250/7/6 4253/7/6 4257/7/6
f 4253/7/6 4254/7/6 4257/7/6
f 4257/7/6 4254/7/6 4263/7/6
f 4260/7/6 4261/7/6 4264/7/6
f 4262/7/6 4263/7/6 4265/7/6
f 4258/7/6 4259/7/6 4266/7/6
f 4259/2/6 4260/2/6 4267/2/6
f 4266/7/6 4259/7/6 4267/7/6
f 4260/7/6 4264/7/6 4268/7/6
f 4267/2/6 4260/2/6 4268/2/6
f 4264/7/6 4265/7/6 4268/7/6
f 4258/7/6 4266/7/6 4269/7/6
f 4266/2/6 4267/2/6 4270/2/6
f 4269/7/6 4266/7/6 4270/7/6
f 4267/7/6 4268/7/6 4271/7/6
f 4270/2/6 4267/2/6 4271/2/6
f 4258/7/6 4269/7/6 4272/7/6
f 4269/2/6 4270/2/6 4273/2/6
f 4272/7/6 4269/7/6 4273/7/6
f 4270/7/6 4271/7/6 4274/7/6
f 4273/2/6 4270/2/6 4274/2/6
f 4271/7/6 4268/7/6 4275/7/6
f 4274/7/6 4271/7/6 4275/7/6
f 4265/7/6 4263/7/6 4275/7/6
f 4268/7/6 4265/7/6 4275/7/6
f 4263/7/6 4254/7/6 4275/7/6
f 4278/7/6 4279/7/6 4280/7/6
f 4276/6/6 4277/6/6 4281/6/6
f 4276/6/6 4281/6/6 4282/6/6
f 4282/6/6 4281/6/6 4283/6/6
f 4282/7/6 4283/7/6 4284/7/6
f 4284/7/6 4283/7/6 4285/7/6
f 4285/7/6 4283/7/6 4286/7/6
f 4287/5/6 4288/5/6 4289/5/6
f 4289/5/6 4288/5/6 4290/5/6
f 4280/7/6 4279/7/6 4291/7/6
f 4291/7/6 4279/7/6 4292/7/6
f 4285/1/6 4286/1/6 4293/1/6
f 4291/3/6 4292/3/6 4294/3/6
f 4294/3/6 4292/3/6 4295/3/6
f 4293/1/6 4286/1/6 4296/1/6
f 4296/1/6 4286/1/6 4297/1/6
f 4296/7/6 4297/7/6 4298/7/6
f 4299/5/6 4300/5/6 4301/5/6
f 4301/5/6 4300/5/6 4302/5/6
f 4298/7/6 4297/7/6 4303/7/6
f 4303/7/6 4297/7/6 4304/7/6
f 4304/7/6 4297/7/6 4305/7/6
f 4304/1/6 4305/1/6 4306/1/6
f 4294/7/6 4295/7/6 4311/7/6
f 4311/7/6 4295/7/6 4312/7/6
f 4304/1/6 4306/1/6 4313/1/6
f 4306/1/6 4307/1/6 4313/1/6
f 4307/7/6 4308/7/6 4314/7/6
f 4313/1/6 4307/1/6 4314/1/6
f 4314/7/6 4308/7/6 4315/7/6
f 4315/7/6 4308/7/6 4316/7/6
f 4309/7/6 4310/7/6 4317/7/6
f 4317/7/6 4310/7/6 4318/7/6
f 4321/5/6 4322/5/6 4325/5/6
f 4325/5/6 4322/5/6 4326/5/6
f 4323/5/6 4324/5/6 4328/5/6
f 4328/5/6 4324/5/6 4329/5/6
f 4319/5/6 4320/5/6 4331/5/6
f 4331/5/6 4320/5/6 4332/5/6
f 4327/5/6 4328/5/6 4333/5/6
f 4333/5/6 4328/5/6 4334/5/6
f 4329/5/6 4330/5/6 4335/5/6
f 4335/5/6 4330/5/6 4336/5/6
f 4337/5/6 4338/5/6 4339/5/6
f 4339/5/6 4338/5/6 4340/5/6
f 4341/5/6 4342/5/6 4343/5/6
f 4343/5/6 4342/5/6 4344/5/6
f 4345/9/6 4346/9/6 4347/9/6
f 4347/9/6 4346/9/6 4348/9/6
f 4349/9/6 4350/9/6 4351/9/6
f 4351/9/6 4350/9/6 4352/9/6
f 4353/9/6 4354/9/6 4357/9/6
f 4357/9/6 4354/9/6 4358/9/6
f 4355/9/6 4356/9/6 4361/9/6
f 4361/9/6 4356/9/6 4362/9/6
f 4359/9/6 4360/9/6 4364/9/6
f 4364/9/6 4360/9/6 4365/9/6
f 4365/9/6 4360/9/6 4366/9/6
f 4363/9/6 4364/9/6 4367/9/6
f 4364/9/6 4365/9/6 4367/9/6
f 4367/9/6 4365/9/6 4368/9/6
f 4369/9/6 4370/9/6 4373/9/6
f 4373/9/6 4370/9/6 4374/9/6
f 4371/6/6 4372/6/6 4375/6/6
f 4375/6/6 4372/6/6 4376/6/6
f 4377/6/6 4378/6/6 4379/6/6
f 4379/6/6 4378/6/6 4380/6/6
f 4381/6/6 4382/6/6 4383/6/6
f 4383/6/6 4382/6/6 4384/6/6
f 4385/6/6 4386/6/6 4387/6/6
f 4387/6/6 4386/6/6 4388/6/6
f 4389/6/6 4390/6/6 4391/6/6
f 4391/6/6 4390/6/6 4392/6/6
f 4393/6/6 4394/6/6 4395/6/6
f 4395/6/6 4394/6/6 4396/6/6
f 4397/6/6 4398/6/6 4403/6/6
f 4403/6/6 4398/6/6 4404/6/6
f 4399/6/6 4400/6/6 4409/6/6
f 4409/6/6 4400/6/6 4410/6/6
f 4401/6/6 4402/6/6 4411/6/6
f 4411/6/6 4402/6/6 4412/6/6
f 4405/6/6 4406/6/6 4413/6/6
f 4413/6/6 4406/6/6 4414/6/6
f 4414/6/6 4415/6/6 4418/6/6
f 4418/6/6 4415/6/6 4419/6/6
f 4407/6/6 4408/6/6 4420/6/6
f 4420/6/6 4408/6/6 4421/6/6
f 4416/6/6 4417/6/6 4422/6/6
f 4422/6/6 4417/6/6 4423/6/6
f 4423/6/6 4417/6/6 4424/6/6
f 4407/6/6 4420/6/6 4425/6/6
f 4425/6/6 4420/6/6 4426/6/6
f 4422/6/6 4423/6/6 4427/6/6
f 4421/6/6 4422/6/6 4427/6/6
f 4427/6/6 4423/6/6 4428/6/6
f 4429/6/6 4430/6/6 4435/6/6
f 4435/6/6 4430/6/6 4436/6/6
f 4431/6/6 4432/6/6 4437/6/6
f 4437/6/6 4432/6/6 4438/6/6
f 4433/6/6 4434/6/6 4442/6/6
f 4442/6/6 4434/6/6 4443/6/6
f 4440/6/6 4441/6/6 4445/6/6
f 4445/6/6 4441/6/6 4446/6/6
f 4443/6/6 4444/6/6 4451/6/6
f 4451/6/6 4444/6/6 4452/6/6
f 4438/6/6 4439/6/6 4454/6/6
f 4449/6/6 4450/6/6 4455/6/6
f 4455/6/6 4450/6/6 4456/6/6
f 4443/6/6 4451/6/6 4457/6/6
f 4447/5/6 4448/5/6 4460/5/6
f 4460/5/6 4448/5/6 4461/5/6
f 4443/6/6 4457/6/6 4462/6/6
f 4462/6/6 4457/6/6 4463/6/6
f 4458/6/6 4459/6/6 4466/6/6
f 4466/6/6 4459/6/6 4467/6/6
f 4453/6/6 4454/6/6 4469/6/6
f 4454/6/6 4439/6/6 4470/6/6
f 4469/6/6 4454/6/6 4470/6/6
f 4470/6/6 4439/6/6 4471/6/6
f 4464/6/6 4465/6/6 4475/6/6
f 4468/6/6 4469/6/6 4476/6/6
f 4476/6/6 4469/6/6 4477/6/6
f 4472/6/6 4473/6/6 4478/6/6
f 4478/6/6 4473/6/6 4479/6/6
f 4474/6/6 4475/6/6 4480/6/6
f 4475/6/6 4465/6/6 4481/6/6
f 4480/6/6 4475/6/6 4481/6/6
f 4481/6/6 4465/6/6 4482/6/6
f 4483/6/6 4484/6/6 4485/6/6
f 4485/6/6 4484/6/6 4486/6/6
f 4487/6/6 4488/6/6 4490/6/6
f 4490/6/6 4488/6/6 4491/6/6
f 4489/6/6 4490/6/6 4491/6/6
f 4489/6/6 4491/6/6 4495/6/6
f 4495/6/6 4491/6/6 4496/6/6
f 4496/6/6 4491/6/6 4497/6/6
f 4492/6/6 4493/6/6 4500/6/6
f 4500/6/6 4493/6/6 4501/6/6
f 4495/6/6 4496/6/6 4502/6/6
f 4494/6/6 4495/6/6 4502/6/6
f 4502/6/6 4496/6/6 4503/6/6
f 4503/6/6 4496/6/6 4504/6/6
f 4498/6/6 4499/6/6 4507/6/6
f 4507/6/6 4499/6/6 4508/6/6
f 4505/6/6 4506/6/6 4510/6/6
f 4510/6/6 4506/6/6 4511/6/6
f 4509/6/6 4510/6/6 4512/6/6
f 4509/6/6 4512/6/6 4515/6/6
f 4512/6/6 4513/6/6 4515/6/6
f 4515/6/6 4513/6/6 4516/6/6
f 4516/6/6 4513/6/6 4517/6/6
f 4514/6/6 4515/6/6 4519/6/6
f 4515/6/6 4516/6/6 4519/6/6
f 4519/6/6 4516/6/6 4520/6/6
f 4520/6/6 4516/6/6 4521/6/6
f 4518/6/6 4519/6/6 4523/6/6
f 4519/6/6 4520/6/6 4523/6/6
f 4523/6/6 4520/6/6 4524/6/6
f 4524/6/6 4520/6/6 4525/6/6
f 4522/6/6 4523/6/6 4526/6/6
f 4523/6/6 4524/6/6 4526/6/6
f 4526/6/6 4524/6/6 4527/6/6
f 4527/6/6 4524/6/6 4528/6/6
f 4529/6/6 4530/6/6 4532/6/6
f 4532/6/6 4530/6/6 4533/6/6
f 4533/6/6 4530/6/6 4534/6/6
f 4531/6/6 4532/6/6 4536/6/6
f 4532/6/6 4533/6/6 4536/6/6
f 4536/6/6 4533/6/6 4537/6/6
f 4537/6/6 4533/6/6 4538/6/6
f 4535/6/6 4536/6/6 4539/6/6
f 4536/6/6 4537/6/6 4539/6/6
f 4539/6/6 4537/6/6 4540/6/6
f 4541/5/6 4542/5/6 4543/5/6
f 4543/5/6 4542/5/6 4544/5/6
f 4545/6/6 4546/6/6 4554/6/6
f 4546/6/6 4547/6/6 4554/6/6
f 4547/3/6 4548/3/6 4555/3/6
f 4554/6/6 4547/6/6 4555/6/6
f 4555/3/6 4548/3/6 4556/3/6
f 4556/3/6 4548/3/6 4557/3/6
f 4551/3/6 4552/3/6 4558/3/6
f 4549/3/6 4550/3/6 4558/3/6
f 4550/3/6 4551/3/6 4558/3/6
f 4558/3/6 4552/3/6 4559/3/6
f 4545/6/6 4554/6/6 4560/6/6
f 4554/3/6 4555/3/6 4561/3/6
f 4560/6/6 4554/6/6 4561/6/6
f 4555/6/6 4556/6/6 4562/6/6
f 4561/3/6 4555/3/6 4562/3/6
f 4559/3/6 4552/3/6 4563/3/6
f 4552/6/6 4553/6/6 4564/6/6
f 4563/3/6 4552/3/6 4564/3/6
f 4545/6/6 4560/6/6 4565/6/6
f 4565/6/6 4560/6/6 4566/6/6
f 4566/6/6 4560/6/6 4567/6/6
f 4560/3/6 4561/3/6 4568/3/6
f 4567/6/6 4560/6/6 4568/6/6
f 4561/6/6 4562/6/6 4569/6/6
f 4568/3/6 4561/3/6 4569/3/6
f 4562/6/6 4556/6/6 4570/6/6
f 4569/6/6 4562/6/6 4570/6/6
f 4556/3/6 4557/3/6 4571/3/6
f 4570/6/6 4556/6/6 4571/6/6
f 4557/6/6 4558/6/6 4572/6/6
f 4571/3/6 4557/3/6 4572/3/6
f 4558/6/6 4559/6/6 4572/6/6
f 4572/6/6 4559/6/6 4573/6/6
f 4559/3/6 4563/3/6 4574/3/6
f 4573/6/6 4559/6/6 4574/6/6
f 4563/6/6 4564/6/6 4575/6/6
f 4574/3/6 4563/3/6 4575/3/6
f 4545/6/6 4565/6/6 4576/6/6
f 4576/6/6 4565/6/6 4577/6/6
f 4565/3/6 4566/3/6 4578/3/6
f 4577/6/6 4565/6/6 4578/6/6
f 4566/6/6 4567/6/6 4579/6/6
f 4567/3/6 4568/3/6 4579/3/6
f 4569/6/6 4570/6/6 4580/6/6
f 4579/3/6 4568/3/6 4580/3/6
f 4568/6/6 4569/6/6 4580/6/6
f 4580/6/6 4570/6/6 4581/6/6
f 4570/3/6 4571/3/6 4582/3/6
f 4581/6/6 4570/6/6 4582/6/6
f 4572/6/6 4573/6/6 4583/6/6
f 4582/3/6 4571/3/6 4583/3/6
f 4571/6/6 4572/6/6 4583/6/6
f 4583/6/6 4573/6/6 4584/6/6
f 4573/3/6 4574/3/6 4585/3/6
f 4584/6/6 4573/6/6 4585/6/6
f 4574/6/6 4575/6/6 4586/6/6
f 4585/3/6 4574/3/6 4586/3/6
f 4545/6/6 4576/6/6 4587/6/6
f 4587/6/6 4576/6/6 4588/6/6
f 4577/3/6 4578/3/6 4589/3/6
f 4589/3/6 4578/3/6 4590/3/6
f 4581/3/6 4582/3/6 4591/3/6
f 4580/6/6 4581/6/6 4591/6/6
f 4579/6/6 4580/6/6 4591/6/6
f 4583/6/6 4584/6/6 4592/6/6
f 4591/3/6 4582/3/6 4592/3/6
f 4582/6/6 4583/6/6 4592/6/6
f 4592/6/6 4584/6/6 4593/6/6
f 4584/3/6 4585/3/6 4594/3/6
f 4593/6/6 4584/6/6 4594/6/6
f 4545/6/6 4587/6/6 4595/6/6
f 4595/6/6 4587/6/6 4596/6/6
f 4590/3/6 4578/3/6 4599/3/6
f 4578/3/6 4566/3/6 4600/3/6
f 4599/3/6 4578/3/6 4600/3/6
f 4566/6/6 4579/6/6 4601/6/6
f 4600/3/6 4566/3/6 4601/3/6
f 4579/6/6 4591/6/6 4601/6/6
f 4592/6/6 4593/6/6 4601/6/6
f 4591/6/6 4592/6/6 4601/6/6
f 4601/6/6 4593/6/6 4602/6/6
f 4602/6/6 4593/6/6 4603/6/6
f 4603/6/6 4593/6/6 4604/6/6
f 4604/6/6 4593/6/6 4605/6/6
f 4593/3/6 4594/3/6 4606/3/6
f 4605/6/6 4593/6/6 4606/6/6
f 4594/3/6 4585/3/6 4607/3/6
f 4606/3/6 4594/3/6 4607/3/6
f 4585/6/6 4586/6/6 4608/6/6
f 4607/3/6 4585/3/6 4608/3/6
f 4545/6/6 4595/6/6 4609/6/6
f 4609/6/6 4595/6/6 4610/6/6
f 4597/4/6 4598/4/6 4611/4/6
f 4611/4/6 4598/4/6 4612/4/6
f 4599/3/6 4600/3/6 4613/3/6
f 4600/6/6 4601/6/6 4614/6/6
f 4613/3/6 4600/3/6 4614/3/6
f 4601/6/6 4602/6/6 4614/6/6
f 4614/6/6 4602/6/6 4615/6/6
f 4602/3/6 4603/3/6 4616/3/6
f 4615/6/6 4602/6/6 4616/6/6
f 4616/3/6 4603/3/6 4617/3/6
f 4604/6/6 4605/6/6 4618/6/6
f 4618/6/6 4605/6/6 4619/6/6
f 4605/3/6 4606/3/6 4620/3/6
f 4619/6/6 4605/6/6 4620/6/6
f 4606/3/6 4607/3/6 4620/3/6
f 4620/3/6 4607/3/6 4621/3/6
f 4607/6/6 4608/6/6 4622/6/6
f 4621/3/6 4607/3/6 4622/3/6
f 4608/6/6 4586/6/6 4623/6/6
f 4622/6/6 4608/6/6 4623/6/6
f 4611/3/6 4612/3/6 4624/3/6
f 4624/3/6 4612/3/6 4625/3/6
f 4614/4/6 4615/4/6 4626/4/6
f 4613/4/6 4614/4/6 4626/4/6
f 4626/4/6 4615/4/6 4627/4/6
f 4618/6/6 4619/6/6 4628/6/6
f 4617/6/6 4618/6/6 4628/6/6
f 4628/6/6 4619/6/6 4629/6/6
f 4629/6/6 4619/6/6 4630/6/6
f 4630/6/6 4619/6/6 4631/6/6
f 4631/6/6 4619/6/6 4632/6/6
f 4632/6/6 4619/6/6 4633/6/6
f 4619/3/6 4620/3/6 4634/3/6
f 4633/6/6 4619/6/6 4634/6/6
f 4620/3/6 4621/3/6 4634/3/6
f 4634/3/6 4621/3/6 4635/3/6
f 4635/3/6 4621/3/6 4636/3/6
f 4621/6/6 4622/6/6 4637/6/6
f 4636/3/6 4621/3/6 4637/3/6
f 4622/3/6 4623/3/6 4638/3/6
f 4637/6/6 4622/6/6 4638/6/6
f 4545/6/6 4609/6/6 4639/6/6
f 4639/6/6 4609/6/6 4640/6/6
f 4631/3/6 4632/3/6 4645/3/6
f 4645/3/6 4632/3/6 4646/3/6
f 4632/6/6 4633/6/6 4647/6/6
f 4646/3/6 4632/3/6 4647/3/6
f 4647/6/6 4633/6/6 4648/6/6
f 4634/3/6 4635/3/6 4649/3/6
f 4648/6/6 4633/6/6 4649/6/6
f 4633/3/6 4634/3/6 4649/3/6
f 4649/3/6 4635/3/6 4650/3/6
f 4635/6/6 4636/6/6 4651/6/6
f 4650/3/6 4635/3/6 4651/3/6
f 4636/3/6 4637/3/6 4652/3/6
f 4651/6/6 4636/6/6 4652/6/6
f 4637/3/6 4638/3/6 4652/3/6
f 4652/3/6 4638/3/6 4653/3/6
f 4623/6/6 4586/6/6 4654/6/6
f 4653/3/6 4638/3/6 4654/3/6
f 4638/3/6 4623/3/6 4654/3/6
f 4641/4/6 4642/4/6 4656/4/6
f 4656/4/6 4642/4/6 4657/4/6
f 4643/4/6 4644/4/6 4661/4/6
f 4661/4/6 4644/4/6 4662/4/6
f 4645/4/6 4646/4/6 4664/4/6
f 4647/6/6 4648/6/6 4665/6/6
f 4646/6/6 4647/6/6 4665/6/6
f 4664/4/6 4646/4/6 4665/4/6
f 4665/6/6 4648/6/6 4666/6/6
f 4649/3/6 4650/3/6 4667/3/6
f 4666/6/6 4648/6/6 4667/6/6
f 4648/3/6 4649/3/6 4667/3/6
f 4667/3/6 4650/3/6 4668/3/6
f 4650/6/6 4651/6/6 4669/6/6
f 4668/3/6 4650/3/6 4669/3/6
f 4652/3/6 4653/3/6 4670/3/6
f 4669/6/6 4651/6/6 4670/6/6
f 4651/3/6 4652/3/6 4670/3/6
f 4670/3/6 4653/3/6 4671/3/6
f 4653/6/6 4654/6/6 4672/6/6
f 4671/3/6 4653/3/6 4672/3/6
f 4545/6/6 4639/6/6 4673/6/6
f 4673/6/6 4639/6/6 4674/6/6
f 4655/4/6 4656/4/6 4676/4/6
f 4676/4/6 4656/4/6 4677/4/6
f 4657/3/6 4658/3/6 4678/3/6
f 4658/4/6 4659/4/6 4679/4/6
f 4678/3/6 4658/3/6 4679/3/6
f 4679/4/6 4659/4/6 4680/4/6
f 4660/4/6 4661/4/6 4681/4/6
f 4662/6/6 4663/6/6 4682/6/6
f 4664/6/6 4665/6/6 4682/6/6
f 4681/4/6 4661/4/6 4682/4/6
f 4663/6/6 4664/6/6 4682/6/6
f 4661/6/6 4662/6/6 4682/6/6
f 4668/3/6 4669/3/6 4683/3/6
f 4669/3/6 4670/3/6 4683/3/6
f 4670/3/6 4671/3/6 4683/3/6
f 4683/3/6 4671/3/6 4684/3/6
f 4684/3/6 4671/3/6 4685/3/6
f 4685/3/6 4671/3/6 4686/3/6
f 4671/6/6 4672/6/6 4687/6/6
f 4686/3/6 4671/3/6 4687/3/6
f 4672/6/6 4654/6/6 4688/6/6
f 4687/6/6 4672/6/6 4688/6/6
f 4675/3/6 4676/3/6 4690/3/6
f 4690/3/6 4676/3/6 4691/3/6
f 4677/3/6 4678/3/6 4692/3/6
f 4680/4/6 4681/4/6 4693/4/6
f 4678/4/6 4679/4/6 4693/4/6
f 4692/3/6 4678/3/6 4693/3/6
f 4679/4/6 4680/4/6 4693/4/6
f 4693/4/6 4681/4/6 4694/4/6
f 4694/4/6 4681/4/6 4695/4/6
f 4695/4/6 4681/4/6 4696/4/6
f 4682/6/6 4665/6/6 4697/6/6
f 4684/3/6 4685/3/6 4701/3/6
f 4685/6/6 4686/6/6 4702/6/6
f 4701/3/6 4685/3/6 4702/3/6
f 4702/6/6 4686/6/6 4703/6/6
f 4686/3/6 4687/3/6 4704/3/6
f 4703/6/6 4686/6/6 4704/6/6
f 4687/3/6 4688/3/6 4704/3/6
f 4688/6/6 4654/6/6 4705/6/6
f 4704/3/6 4688/3/6 4705/3/6
f 4705/6/6 4654/6/6 4706/6/6
f 4691/3/6 4692/3/6 4707/3/6
f 4707/3/6 4692/3/6 4708/3/6
f 4693/3/6 4694/3/6 4709/3/6
f 4694/4/6 4695/4/6 4710/4/6
f 4709/3/6 4694/3/6 4710/3/6
f 4695/6/6 4696/6/6 4711/6/6
f 4710/4/6 4695/4/6 4711/4/6
f 4696/6/6 4697/6/6 4711/6/6
f 4711/6/6 4697/6/6 4712/6/6
f 4697/6/6 4665/6/6 4713/6/6
f 4712/6/6 4697/6/6 4713/6/6
f 4713/6/6 4665/6/6 4714/6/6
f 4698/3/6 4699/3/6 4715/3/6
f 4699/3/6 4700/3/6 4715/3/6
f 4715/3/6 4700/3/6 4716/3/6
f 4705/3/6 4706/3/6 4720/3/6
f 4703/3/6 4704/3/6 4720/3/6
f 4704/3/6 4705/3/6 4720/3/6
f 4720/3/6 4706/3/6 4721/3/6
f 4721/3/6 4706/3/6 4722/3/6
f 4706/6/6 4654/6/6 4723/6/6
f 4722/3/6 4706/3/6 4723/3/6
f 4654/6/6 4586/6/6 4724/6/6
f 4723/6/6 4654/6/6 4724/6/6
f 4689/3/6 4690/3/6 4725/3/6
f 4725/3/6 4690/3/6 4726/3/6
f 4710/3/6 4711/3/6 4727/3/6
f 4712/6/6 4713/6/6 4728/6/6
f 4714/6/6 4715/6/6 4729/6/6
f 4717/3/6 4718/3/6 4730/3/6
f 4729/6/6 4715/6/6 4730/6/6
f 4716/3/6 4717/3/6 4730/3/6
f 4715/3/6 4716/3/6 4730/3/6
f 4730/3/6 4718/3/6 4731/3/6
f 4718/6/6 4719/6/6 4732/6/6
f 4731/3/6 4718/3/6 4732/3/6
f 4720/4/6 4721/4/6 4733/4/6
f 4732/6/6 4719/6/6 4733/6/6
f 4719/4/6 4720/4/6 4733/4/6
f 4733/4/6 4721/4/6 4734/4/6
f 4723/3/6 4724/3/6 4735/3/6
f 4722/3/6 4723/3/6 4735/3/6
f 4735/3/6 4724/3/6 4736/3/6
f 4736/3/6 4724/3/6 4737/3/6
f 4724/6/6 4586/6/6 4738/6/6
f 4737/3/6 4724/3/6 4738/3/6
f 4738/6/6 4586/6/6 4739/6/6
f 4725/4/6 4726/4/6 4740/4/6
f 4740/4/6 4726/4/6 4741/4/6
f 4710/3/6 4727/3/6 4743/3/6
f 4727/3/6 4728/3/6 4743/3/6
f 4728/6/6 4713/6/6 4744/6/6
f 4743/3/6 4728/3/6 4744/3/6
f 4744/6/6 4713/6/6 4745/6/6
f 4730/3/6 4731/3/6 4746/3/6
f 4729/3/6 4730/3/6 4746/3/6
f 4746/3/6 4731/3/6 4747/3/6
f 4732/6/6 4733/6/6 4748/6/6
f 4731/6/6 4732/6/6 4748/6/6
f 4748/6/6 4733/6/6 4749/6/6
f 4749/6/6 4733/6/6 4750/6/6
f 4735/4/6 4736/4/6 4751/4/6
f 4751/4/6 4736/4/6 4752/4/6
f 4738/3/6 4739/3/6 4753/3/6
f 4737/3/6 4738/3/6 4753/3/6
f 4753/3/6 4739/3/6 4754/3/6
f 4744/6/6 4745/6/6 4757/6/6
f 4742/6/6 4743/6/6 4757/6/6
f 4746/6/6 4747/6/6 4757/6/6
f 4745/6/6 4746/6/6 4757/6/6
f 4743/6/6 4744/6/6 4757/6/6
f 4757/6/6 4747/6/6 4758/6/6
f 4758/6/6 4747/6/6 4759/6/6
f 4747/3/6 4731/3/6 4760/3/6
f 4759/6/6 4747/6/6 4760/6/6
f 4731/6/6 4748/6/6 4761/6/6
f 4760/3/6 4731/3/6 4761/3/6
f 4748/3/6 4749/3/6 4762/3/6
f 4761/6/6 4748/6/6 4762/6/6
f 4762/3/6 4749/3/6 4763/3/6
f 4754/3/6 4739/3/6 4764/3/6
f 4739/6/6 4586/6/6 4765/6/6
f 4764/3/6 4739/3/6 4765/3/6
f 4755/4/6 4756/4/6 4767/4/6
f 4767/4/6 4756/4/6 4768/4/6
f 4756/6/6 4757/6/6 4769/6/6
f 4768/4/6 4756/4/6 4769/4/6
f 4757/6/6 4758/6/6 4769/6/6
f 4759/3/6 4760/3/6 4770/3/6
f 4760/3/6 4761/3/6 4770/3/6
f 4761/3/6 4762/3/6 4770/3/6
f 4762/4/6 4763/4/6 4771/4/6
f 4770/3/6 4762/3/6 4771/3/6
f 4771/4/6 4763/4/6 4772/4/6
f 4764/4/6 4765/4/6 4776/4/6
f 4765/6/6 4586/6/6 4777/6/6
f 4776/4/6 4765/4/6 4777/4/6
f 4586/6/6 4575/6/6 4778/6/6
f 4777/6/6 4586/6/6 4778/6/6
f 4767/4/6 4768/4/6 4779/4/6
f 4766/4/6 4767/4/6 4779/4/6
f 4779/4/6 4768/4/6 4780/4/6
f 4768/6/6 4769/6/6 4781/6/6
f 4780/4/6 4768/4/6 4781/4/6
f 4769/6/6 4758/6/6 4782/6/6
f 4781/6/6 4769/6/6 4782/6/6
f 4782/6/6 4758/6/6 4783/6/6
f 4783/6/6 4758/6/6 4784/6/6
f 4759/3/6 4770/3/6 4785/3/6
f 4785/3/6 4770/3/6 4786/3/6
f 4774/4/6 4775/4/6 4788/4/6
f 4773/4/6 4774/4/6 4788/4/6
f 4788/4/6 4775/4/6 4789/4/6
f 4789/4/6 4775/4/6 4790/4/6
f 4777/4/6 4778/4/6 4792/4/6
f 4778/6/6 4575/6/6 4793/6/6
f 4792/4/6 4778/4/6 4793/4/6
f 4575/6/6 4564/6/6 4794/6/6
f 4793/6/6 4575/6/6 4794/6/6
f 4782/6/6 4783/6/6 4799/6/6
f 4799/6/6 4783/6/6 4800/6/6
f 4800/6/6 4783/6/6 4801/6/6
f 4788/4/6 4789/4/6 4802/4/6
f 4787/4/6 4788/4/6 4802/4/6
f 4802/4/6 4789/4/6 4803/4/6
f 4790/3/6 4791/3/6 4804/3/6
f 4791/4/6 4792/4/6 4805/4/6
f 4793/4/6 4794/4/6 4805/4/6
f 4804/3/6 4791/3/6 4805/3/6
f 4792/4/6 4793/4/6 4805/4/6
f 4805/4/6 4794/4/6 4806/4/6
f 4806/4/6 4794/4/6 4807/4/6
f 4796/4/6 4797/4/6 4808/4/6
f 4798/4/6 4799/4/6 4809/4/6
f 4809/4/6 4799/4/6 4810/4/6
f 4805/4/6 4806/4/6 4817/4/6
f 4807/4/6 4794/4/6 4818/4/6
f 4795/6/6 4796/6/6 4820/6/6
f 4796/4/6 4808/4/6 4821/4/6
f 4808/4/6 4809/4/6 4821/4/6
f 4820/6/6 4796/6/6 4821/6/6
f 4821/4/6 4809/4/6 4822/4/6
f 4810/3/6 4811/3/6 4824/3/6
f 4812/3/6 4813/3/6 4826/3/6
f 4813/4/6 4814/4/6 4827/4/6
f 4815/4/6 4816/4/6 4828/4/6
f 4828/4/6 4816/4/6 4829/4/6
f 4803/3/6 4804/3/6 4831/3/6
f 4831/3/6 4804/3/6 4832/3/6
f 4818/4/6 4794/4/6 4833/4/6
f 4817/4/6 4818/4/6 4833/4/6
f 4794/6/6 4564/6/6 4834/6/6
f 4833/4/6 4794/4/6 4834/4/6
f 4819/6/6 4820/6/6 4836/6/6
f 4836/6/6 4820/6/6 4837/6/6
f 4822/4/6 4809/4/6 4839/4/6
f 4823/3/6 4824/3/6 4840/3/6
f 4824/3/6 4811/3/6 4841/3/6
f 4840/3/6 4824/3/6 4841/3/6
f 4813/4/6 4827/4/6 4843/4/6
f 4825/3/6 4826/3/6 4843/3/6
f 4826/3/6 4813/3/6 4843/3/6
f 4828/6/6 4829/6/6 4844/6/6
f 4843/4/6 4827/4/6 4844/4/6
f 4827/6/6 4828/6/6 4844/6/6
f 4844/6/6 4829/6/6 4845/6/6
f 4845/6/6 4829/6/6 4846/6/6
f 4817/4/6 4833/4/6 4848/4/6
f 4805/4/6 4817/4/6 4848/4/6
f 4848/4/6 4833/4/6 4849/4/6
f 4837/6/6 4838/6/6 4851/6/6
f 4838/6/6 4839/6/6 4851/6/6
f 4835/6/6 4836/6/6 4851/6/6
f 4836/6/6 4837/6/6 4851/6/6
f 4839/4/6 4809/4/6 4852/4/6
f 4851/6/6 4839/6/6 4852/6/6
f 4852/4/6 4809/4/6 4853/4/6
f 4841/3/6 4842/3/6 4855/3/6
f 4855/3/6 4842/3/6 4856/3/6
f 4825/3/6 4843/3/6 4857/3/6
f 4857/3/6 4843/3/6 4858/3/6
f 4858/3/6 4843/3/6 4859/3/6
f 4844/4/6 4845/4/6 4860/4/6
f 4846/6/6 4847/6/6 4861/6/6
f 4845/6/6 4846/6/6 4861/6/6
f 4860/4/6 4845/4/6 4861/4/6
f 4861/6/6 4847/6/6 4862/6/6
f 4830/3/6 4831/3/6 4866/3/6
f 4866/3/6 4831/3/6 4867/3/6
f 4849/4/6 4833/4/6 4870/4/6
f 4833/6/6 4834/6/6 4871/6/6
f 4870/4/6 4833/4/6 4871/4/6
f 4853/6/6 4854/6/6 4872/6/6
f 4850/6/6 4851/6/6 4872/6/6
f 4851/6/6 4852/6/6 4872/6/6
f 4852/6/6 4853/6/6 4872/6/6
f 4872/6/6 4854/6/6 4873/6/6
f 4873/6/6 4854/6/6 4874/6/6
f 4855/6/6 4856/6/6 4876/6/6
f 4856/3/6 4857/3/6 4877/3/6
f 4876/6/6 4856/6/6 4877/6/6
f 4877/3/6 4857/3/6 4878/3/6
f 4878/3/6 4857/3/6 4879/3/6
f 4863/4/6 4864/4/6 4880/4/6
f 4865/3/6 4866/3/6 4883/3/6
f 4883/3/6 4866/3/6 4884/3/6
f 4867/3/6 4868/3/6 4885/3/6
f 4868/4/6 4869/4/6 4886/4/6
f 4885/3/6 4868/3/6 4886/3/6
f 4886/4/6 4869/4/6 4887/4/6
f 4870/6/6 4871/6/6 4888/6/6
f 4873/6/6 4874/6/6 4890/6/6
f 4890/6/6 4874/6/6 4891/6/6
f 4875/3/6 4876/3/6 4892/3/6
f 4876/4/6 4877/4/6 4893/4/6
f 4892/3/6 4876/3/6 4893/3/6
f 4877/3/6 4878/3/6 4894/3/6
f 4893/4/6 4877/4/6 4894/4/6
f 4894/3/6 4878/3/6 4895/3/6
f 4858/3/6 4859/3/6 4897/3/6
f 4859/4/6 4860/4/6 4898/4/6
f 4897/3/6 4859/3/6 4898/3/6
f 4860/6/6 4861/6/6 4899/6/6
f 4898/4/6 4860/4/6 4899/4/6
f 4861/6/6 4862/6/6 4899/6/6
f 4862/6/6 4863/6/6 4899/6/6
f 4899/6/6 4863/6/6 4900/6/6
f 4880/4/6 4881/4/6 4901/4/6
f 4900/6/6 4863/6/6 4901/6/6
f 4863/4/6 4880/4/6 4901/4/6
f 4901/4/6 4881/4/6 4902/4/6
f 4884/3/6 4885/3/6 4903/3/6
f 4883/3/6 4884/3/6 4903/3/6
f 4882/3/6 4883/3/6 4903/3/6
f 4903/3/6 4885/3/6 4904/3/6
f 4904/3/6 4885/3/6 4905/3/6
f 4887/4/6 4888/4/6 4907/4/6
f 4888/6/6 4871/6/6 4908/6/6
f 4907/4/6 4888/4/6 4908/4/6
f 4890/6/6 4891/6/6 4909/6/6
f 4889/6/6 4890/6/6 4909/6/6
f 4909/6/6 4891/6/6 4910/6/6
f 4891/3/6 4892/3/6 4911/3/6
f 4910/6/6 4891/6/6 4911/6/6
f 4892/3/6 4893/3/6 4911/3/6
f 4911/3/6 4893/3/6 4912/3/6
f 4893/6/6 4894/6/6 4913/6/6
f 4912/3/6 4893/3/6 4913/3/6
f 4913/6/6 4894/6/6 4914/6/6
f 4896/4/6 4897/4/6 4915/4/6
f 4897/4/6 4898/4/6 4915/4/6
f 4915/4/6 4898/4/6 4916/4/6
f 4899/6/6 4900/6/6 4917/6/6
f 4916/4/6 4898/4/6 4917/4/6
f 4898/6/6 4899/6/6 4917/6/6
f 4917/6/6 4900/6/6 4918/6/6
f 4918/6/6 4900/6/6 4919/6/6
f 4905/6/6 4906/6/6 4920/6/6
f 4907/6/6 4908/6/6 4920/6/6
f 4906/6/6 4907/6/6 4920/6/6
f 4904/6/6 4905/6/6 4920/6/6
f 4889/6/6 4909/6/6 4922/6/6
f 4909/4/6 4910/4/6 4923/4/6
f 4911/3/6 4912/3/6 4924/3/6
f 4912/6/6 4913/6/6 4925/6/6
f 4924/3/6 4912/3/6 4925/3/6
f 4913/4/6 4914/4/6 4926/4/6
f 4925/6/6 4913/6/6 4926/6/6
f 4915/4/6 4916/4/6 4926/4/6
f 4914/4/6 4915/4/6 4926/4/6
f 4926/4/6 4916/4/6 4927/4/6
f 4917/4/6 4918/4/6 4928/4/6
f 4918/6/6 4919/6/6 4929/6/6
f 4919/6/6 4920/6/6 4929/6/6
f 4928/4/6 4918/4/6 4929/4/6
f 4920/6/6 4908/6/6 4930/6/6
f 4929/6/6 4920/6/6 4930/6/6
f 4930/6/6 4908/6/6 4931/6/6
f 4921/6/6 4922/6/6 4932/6/6
f 4922/6/6 4909/6/6 4933/6/6
f 4932/6/6 4922/6/6 4933/6/6
f 4909/4/6 4923/4/6 4934/4/6
f 4923/3/6 4924/3/6 4935/3/6
f 4934/4/6 4923/4/6 4935/4/6
f 4924/6/6 4925/6/6 4936/6/6
f 4927/6/6 4928/6/6 4936/6/6
f 4926/6/6 4927/6/6 4936/6/6
f 4928/6/6 4929/6/6 4936/6/6
f 4929/6/6 4930/6/6 4936/6/6
f 4925/6/6 4926/6/6 4936/6/6
f 4936/6/6 4930/6/6 4937/6/6
f 4937/6/6 4930/6/6 4938/6/6
f 4909/4/6 4934/4/6 4940/4/6
f 4933/6/6 4909/6/6 4940/6/6
f 4940/4/6 4934/4/6 4941/4/6
f 4936/3/6 4937/3/6 4942/3/6
f 4924/6/6 4936/6/6 4942/6/6
f 4938/6/6 4939/6/6 4943/6/6
f 4942/3/6 4937/3/6 4943/3/6
f 4937/6/6 4938/6/6 4943/6/6
f 4943/6/6 4939/6/6 4944/6/6
f 4944/6/6 4939/6/6 4945/6/6
f 4931/6/6 4908/6/6 4946/6/6
f 4908/6/6 4871/6/6 4947/6/6
f 4946/6/6 4908/6/6 4947/6/6
f 4871/6/6 4834/6/6 4948/6/6
f 4947/6/6 4871/6/6 4948/6/6
f 4933/6/6 4940/6/6 4950/6/6
f 4935/3/6 4924/3/6 4951/3/6
f 4924/6/6 4942/6/6 4952/6/6
f 4951/3/6 4924/3/6 4952/3/6
f 4952/6/6 4942/6/6 4953/6/6
f 4953/6/6 4942/6/6 4954/6/6
f 4954/6/6 4942/6/6 4955/6/6
f 4955/6/6 4942/6/6 4956/6/6
f 4956/6/6 4942/6/6 4957/6/6
f 4957/6/6 4942/6/6 4958/6/6
f 4958/6/6 4942/6/6 4959/6/6
f 4959/6/6 4942/6/6 4960/6/6
f 4960/6/6 4942/6/6 4961/6/6
f 4961/6/6 4942/6/6 4962/6/6
f 4943/3/6 4944/3/6 4963/3/6
f 4944/6/6 4945/6/6 4964/6/6
f 4963/3/6 4944/3/6 4964/3/6
f 4945/3/6 4946/3/6 4965/3/6
f 4964/6/6 4945/6/6 4965/6/6
f 4946/6/6 4947/6/6 4966/6/6
f 4965/3/6 4946/3/6 4966/3/6
f 4947/3/6 4948/3/6 4967/3/6
f 4966/6/6 4947/6/6 4967/6/6
f 4948/6/6 4834/6/6 4968/6/6
f 4967/3/6 4948/3/6 4968/3/6
f 4834/6/6 4564/6/6 4969/6/6
f 4968/6/6 4834/6/6 4969/6/6
f 4564/6/6 4553/6/6 4970/6/6
f 4969/6/6 4564/6/6 4970/6/6
f 4949/6/6 4950/6/6 4971/6/6
f 4950/6/6 4940/6/6 4972/6/6
f 4971/6/6 4950/6/6 4972/6/6
f 4972/6/6 4940/6/6 4973/6/6
f 4973/6/6 4940/6/6 4974/6/6
f 4974/6/6 4940/6/6 4975/6/6
f 4952/4/6 4953/4/6 4978/4/6
f 4953/6/6 4954/6/6 4979/6/6
f 4978/4/6 4953/4/6 4979/4/6
f 4979/6/6 4954/6/6 4980/6/6
f 4980/6/6 4954/6/6 4981/6/6
f 4954/4/6 4955/4/6 4982/4/6
f 4981/6/6 4954/6/6 4982/6/6
f 4955/6/6 4956/6/6 4983/6/6
f 4982/4/6 4955/4/6 4983/4/6
f 4956/3/6 4957/3/6 4984/3/6
f 4983/6/6 4956/6/6 4984/6/6
f 4984/3/6 4957/3/6 4985/3/6
f 4958/3/6 4959/3/6 4986/3/6
f 4986/3/6 4959/3/6 4987/3/6
f 4987/3/6 4959/3/6 4988/3/6
f 4967/3/6 4968/3/6 4990/3/6
f 4966/3/6 4967/3/6 4990/3/6
f 4973/6/6 4974/6/6 4991/6/6
f 4991/6/6 4974/6/6 4992/6/6
f 4976/4/6 4977/4/6 4993/4/6
f 4978/3/6 4979/3/6 4994/3/6
f 4993/4/6 4977/4/6 4994/4/6
f 4977/3/6 4978/3/6 4994/3/6
f 4994/3/6 4979/3/6 4995/3/6
f 4995/3/6 4979/3/6 4996/3/6
f 4989/3/6 4990/3/6 4997/3/6
f 4997/3/6 4990/3/6 4998/3/6
f 4969/5/6 4970/5/6 4999/5/6
f 4999/5/6 4970/5/6 5000/5/6
f 4993/4/6 4994/4/6 5001/4/6
f 5001/4/6 4994/4/6 5002/4/6
f 4995/3/6 4996/3/6 5003/3/6
f 5003/3/6 4996/3/6 5004/3/6
f 5002/4/6 5003/4/6 5005/4/6
f 5005/4/6 5003/4/6 5006/4/6
f 4998/3/6 4990/3/6 5007/3/6
f 4990/3/6 4968/3/6 5007/3/6
f 5007/3/6 4968/3/6 5008/3/6
f 5000/5/6 4970/5/6 5010/5/6
f 4998/3/6 5007/3/6 5013/3/6
f 5013/3/6 5007/3/6 5014/3/6
f 5009/5/6 5010/5/6 5016/5/6
f 5011/4/6 5012/4/6 5018/4/6
f 5018/4/6 5012/4/6 5019/4/6
f 4998/3/6 5013/3/6 5020/3/6
f 5020/3/6 5013/3/6 5021/3/6
f 5015/5/6 5016/5/6 5023/5/6
f 5017/4/6 5018/4/6 5025/4/6
f 5018/6/6 5019/6/6 5026/6/6
f 5025/4/6 5018/4/6 5026/4/6
f 5022/5/6 5023/5/6 5028/5/6
f 5024/4/6 5025/4/6 5032/4/6
f 5025/6/6 5026/6/6 5033/6/6
f 5032/4/6 5025/4/6 5033/4/6
f 5026/6/6 5019/6/6 5034/6/6
f 5033/6/6 5026/6/6 5034/6/6
f 5027/5/6 5028/5/6 5039/5/6
f 5010/5/6 4970/5/6 5040/5/6
f 5016/5/6 5010/5/6 5040/5/6
f 5039/5/6 5028/5/6 5040/5/6
f 5023/5/6 5016/5/6 5040/5/6
f 5028/5/6 5023/5/6 5040/5/6
f 5030/6/6 5031/6/6 5042/6/6
f 5029/6/6 5030/6/6 5042/6/6
f 5031/4/6 5032/4/6 5043/4/6
f 5042/6/6 5031/6/6 5043/6/6
f 5032/6/6 5033/6/6 5044/6/6
f 5043/4/6 5032/4/6 5044/4/6
f 5034/6/6 5035/6/6 5044/6/6
f 5033/6/6 5034/6/6 5044/6/6
f 5044/6/6 5035/6/6 5045/6/6
f 5035/4/6 5036/4/6 5046/4/6
f 5045/6/6 5035/6/6 5046/6/6
f 5046/4/6 5036/4/6 5047/4/6
f 5037/4/6 5038/4/6 5049/4/6
f 5042/6/6 5043/6/6 5051/6/6
f 5044/6/6 5045/6/6 5051/6/6
f 5041/6/6 5042/6/6 5051/6/6
f 5043/6/6 5044/6/6 5051/6/6
f 5051/6/6 5045/6/6 5052/6/6
f 5045/4/6 5046/4/6 5053/4/6
f 5052/6/6 5045/6/6 5053/6/6
f 5053/4/6 5046/4/6 5054/4/6
f 5048/4/6 5049/4/6 5056/4/6
f 5049/4/6 5038/4/6 5057/4/6
f 5056/4/6 5049/4/6 5057/4/6
f 5038/6/6 5039/6/6 5058/6/6
f 5057/4/6 5038/4/6 5058/4/6
f 5039/6/6 5040/6/6 5058/6/6
f 5051/6/6 5052/6/6 5060/6/6
f 5050/6/6 5051/6/6 5060/6/6
f 5060/6/6 5052/6/6 5061/6/6
f 5052/4/6 5053/4/6 5062/4/6
f 5061/6/6 5052/6/6 5062/6/6
f 5062/4/6 5053/4/6 5063/4/6
f 5055/4/6 5056/4/6 5064/4/6
f 5056/4/6 5057/4/6 5064/4/6
f 5057/6/6 5058/6/6 5065/6/6
f 5064/4/6 5057/4/6 5065/4/6
f 5060/6/6 5061/6/6 5067/6/6
f 5059/6/6 5060/6/6 5067/6/6
f 5061/3/6 5062/3/6 5068/3/6
f 5067/6/6 5061/6/6 5068/6/6
f 5068/3/6 5062/3/6 5069/3/6
f 5062/4/6 5063/4/6 5070/4/6
f 5069/3/6 5062/3/6 5070/3/6
f 5063/4/6 5064/4/6 5070/4/6
f 5064/6/6 5065/6/6 5071/6/6
f 5070/4/6 5064/4/6 5071/4/6
f 5066/6/6 5067/6/6 5072/6/6
f 5067/6/6 5068/6/6 5072/6/6
f 5072/6/6 5068/6/6 5073/6/6
f 5068/4/6 5069/4/6 5074/4/6
f 5073/6/6 5068/6/6 5074/6/6
f 5070/6/6 5071/6/6 5075/6/6
f 5074/4/6 5069/4/6 5075/4/6
f 5069/6/6 5070/6/6 5075/6/6
f 5073/6/6 5074/6/6 5076/6/6
f 5074/6/6 5075/6/6 5076/6/6
f 5075/6/6 5071/6/6 5077/6/6
f 5076/6/6 5075/6/6 5077/6/6
f 5071/6/6 5065/6/6 5077/6/6
f 5077/6/6 5065/6/6 5078/6/6
f 5058/6/6 5040/6/6 5079/6/6
f 5078/6/6 5065/6/6 5079/6/6
f 5065/6/6 5058/6/6 5079/6/6
f 5079/6/6 5040/6/6 5080/6/6
f 5080/6/6 5040/6/6 5081/6/6
f 5082/3/6 5083/3/6 5086/3/6
f 5086/3/6 5083/3/6 5087/3/6
f 5084/3/6 5085/3/6 5088/3/6
f 5088/3/6 5085/3/6 5089/3/6
f 5089/3/6 5085/3/6 5090/3/6
f 5088/3/6 5089/3/6 5095/3/6
f 5095/3/6 5089/3/6 5096/3/6
f 5091/4/6 5092/4/6 5098/4/6
f 5098/4/6 5092/4/6 5099/4/6
f 5092/6/6 5093/6/6 5100/6/6
f 5099/4/6 5092/4/6 5100/4/6
f 5093/3/6 5094/3/6 5101/3/6
f 5100/6/6 5093/6/6 5101/6/6
f 5096/3/6 5097/3/6 5103/3/6
f 5095/3/6 5096/3/6 5103/3/6
f 5098/6/6 5099/6/6 5104/6/6
f 5097/6/6 5098/6/6 5104/6/6
f 5103/3/6 5097/3/6 5104/3/6
f 5104/6/6 5099/6/6 5105/6/6
f 5105/6/6 5099/6/6 5106/6/6
f 5100/4/6 5101/4/6 5107/4/6
f 5101/3/6 5094/3/6 5108/3/6
f 5107/4/6 5101/4/6 5108/4/6
f 5108/3/6 5094/3/6 5109/3/6
f 5102/3/6 5103/3/6 5115/3/6
f 5115/3/6 5103/3/6 5116/3/6
f 5104/6/6 5105/6/6 5117/6/6
f 5117/6/6 5105/6/6 5118/6/6
f 5112/3/6 5113/3/6 5119/3/6
f 5114/3/6 5115/3/6 5122/3/6
f 5122/3/6 5115/3/6 5123/3/6
f 5110/3/6 5111/3/6 5125/3/6
f 5119/3/6 5120/3/6 5126/3/6
f 5112/3/6 5119/3/6 5126/3/6
f 5126/3/6 5120/3/6 5127/3/6
f 5127/3/6 5120/3/6 5128/3/6
f 5121/3/6 5122/3/6 5130/3/6
f 5123/3/6 5124/3/6 5131/3/6
f 5131/3/6 5124/3/6 5132/3/6
f 5110/3/6 5125/3/6 5135/3/6
f 5135/3/6 5125/3/6 5136/3/6
f 5127/6/6 5128/6/6 5137/6/6
f 5128/3/6 5129/3/6 5138/3/6
f 5137/6/6 5128/6/6 5138/6/6
f 5138/3/6 5129/3/6 5139/3/6
f 5140/3/6 5141/3/6 5143/3/6
f 5143/3/6 5141/3/6 5144/3/6
f 5132/3/6 5133/3/6 5146/3/6
f 5121/3/6 5130/3/6 5146/3/6
f 5130/3/6 5131/3/6 5146/3/6
f 5131/3/6 5132/3/6 5146/3/6
f 5146/3/6 5133/3/6 5147/3/6
f 5147/3/6 5133/3/6 5148/3/6
f 5134/3/6 5135/3/6 5149/3/6
f 5149/3/6 5135/3/6 5150/3/6
f 5142/3/6 5143/3/6 5152/3/6
f 5143/4/6 5144/4/6 5153/4/6
f 5152/3/6 5143/3/6 5153/3/6
f 5153/4/6 5144/4/6 5154/4/6
f 5145/3/6 5146/3/6 5156/3/6
f 5146/3/6 5147/3/6 5156/3/6
f 5156/3/6 5147/3/6 5157/3/6
f 5151/3/6 5152/3/6 5160/3/6
f 5153/6/6 5154/6/6 5161/6/6
f 5160/3/6 5152/3/6 5161/3/6
f 5152/6/6 5153/6/6 5161/6/6
f 5154/4/6 5155/4/6 5162/4/6
f 5161/6/6 5154/6/6 5162/6/6
f 5162/4/6 5155/4/6 5163/4/6
f 5163/4/6 5155/4/6 5164/4/6
f 5145/3/6 5156/3/6 5165/3/6
f 5165/3/6 5156/3/6 5166/3/6
f 5160/6/6 5161/6/6 5168/6/6
f 5161/6/6 5162/6/6 5168/6/6
f 5162/6/6 5163/6/6 5168/6/6
f 5168/6/6 5163/6/6 5169/6/6
f 5163/4/6 5164/4/6 5170/4/6
f 5169/6/6 5163/6/6 5170/6/6
f 5170/4/6 5164/4/6 5171/4/6
f 5158/3/6 5159/3/6 5176/3/6
f 5168/6/6 5169/6/6 5177/6/6
f 5167/6/6 5168/6/6 5177/6/6
f 5177/6/6 5169/6/6 5178/6/6
f 5178/6/6 5169/6/6 5179/6/6
f 5171/3/6 5172/3/6 5180/3/6
f 5172/4/6 5173/4/6 5181/4/6
f 5180/3/6 5172/3/6 5181/3/6
f 5181/4/6 5173/4/6 5182/4/6
f 5174/3/6 5175/3/6 5183/3/6
f 5183/3/6 5175/3/6 5184/3/6
f 5158/3/6 5176/3/6 5187/3/6
f 5177/6/6 5178/6/6 5188/6/6
f 5176/6/6 5177/6/6 5188/6/6
f 5187/3/6 5176/3/6 5188/3/6
f 5188/6/6 5178/6/6 5189/6/6
f 5184/3/6 5185/3/6 5191/3/6
f 5191/3/6 5185/3/6 5192/3/6
f 5192/3/6 5185/3/6 5193/3/6
f 5185/6/6 5186/6/6 5194/6/6
f 5193/3/6 5185/3/6 5194/3/6
f 5194/6/6 5186/6/6 5195/6/6
f 5186/3/6 5187/3/6 5196/3/6
f 5195/6/6 5186/6/6 5196/6/6
f 5187/4/6 5188/4/6 5197/4/6
f 5196/3/6 5187/3/6 5197/3/6
f 5189/6/6 5190/6/6 5198/6/6
f 5197/4/6 5188/4/6 5198/4/6
f 5188/6/6 5189/6/6 5198/6/6
f 5198/6/6 5190/6/6 5199/6/6
f 5199/6/6 5190/6/6 5200/6/6
f 5194/6/6 5195/6/6 5204/6/6
f 5193/6/6 5194/6/6 5204/6/6
f 5204/6/6 5195/6/6 5205/6/6
f 5197/4/6 5198/4/6 5206/4/6
f 5206/4/6 5198/4/6 5207/4/6
f 5199/4/6 5200/4/6 5208/4/6
f 5200/6/6 5190/6/6 5209/6/6
f 5208/4/6 5200/4/6 5209/4/6
f 5209/6/6 5190/6/6 5210/6/6
f 5210/6/6 5190/6/6 5211/6/6
f 5201/6/6 5202/6/6 5212/6/6
f 5202/4/6 5203/4/6 5213/4/6
f 5212/6/6 5202/6/6 5213/6/6
f 5213/4/6 5203/4/6 5214/4/6
f 5192/3/6 5193/3/6 5216/3/6
f 5193/6/6 5204/6/6 5217/6/6
f 5216/3/6 5193/3/6 5217/3/6
f 5209/6/6 5210/6/6 5218/6/6
f 5208/6/6 5209/6/6 5218/6/6
f 5218/6/6 5210/6/6 5219/6/6
f 5215/3/6 5216/3/6 5222/3/6
f 5222/3/6 5216/3/6 5223/3/6
f 5217/6/6 5204/6/6 5224/6/6
f 5224/6/6 5204/6/6 5225/6/6
f 5219/6/6 5210/6/6 5226/6/6
f 5226/6/6 5210/6/6 5227/6/6
f 5227/6/6 5210/6/6 5228/6/6
f 5228/6/6 5210/6/6 5229/6/6
f 5222/4/6 5223/4/6 5230/4/6
f 5223/3/6 5216/3/6 5231/3/6
f 5230/4/6 5223/4/6 5231/4/6
f 5231/3/6 5216/3/6 5232/3/6
f 5227/6/6 5228/6/6 5233/6/6
f 5233/6/6 5228/6/6 5234/6/6
f 5234/6/6 5228/6/6 5235/6/6
f 5235/6/6 5228/6/6 5236/6/6
f 5220/4/6 5221/4/6 5239/4/6
f 5239/4/6 5221/4/6 5240/4/6
f 5230/3/6 5231/3/6 5241/3/6
f 5241/3/6 5231/3/6 5242/3/6
f 5234/6/6 5235/6/6 5245/6/6
f 5245/6/6 5235/6/6 5246/6/6
f 5237/3/6 5238/3/6 5247/3/6
f 5247/3/6 5238/3/6 5248/3/6
f 5243/3/6 5244/3/6 5249/3/6
f 5249/3/6 5244/3/6 5250/3/6
f 5251/3/6 5252/3/6 5253/3/6
f 5253/3/6 5252/3/6 5254/3/6
f 5255/3/6 5256/3/6 5263/3/6
f 5263/3/6 5256/3/6 5264/3/6
f 5257/3/6 5258/3/6 5269/3/6
f 5269/3/6 5258/3/6 5270/3/6
f 5259/3/6 5260/3/6 5274/3/6
f 5274/3/6 5260/3/6 5275/3/6
f 5261/4/6 5262/4/6 5278/4/6
f 5262/3/6 5263/3/6 5279/3/6
f 5278/4/6 5262/4/6 5279/4/6
f 5263/4/6 5264/4/6 5280/4/6
f 5279/3/6 5263/3/6 5280/3/6
f 5264/6/6 5265/6/6 5281/6/6
f 5280/4/6 5264/4/6 5281/4/6
f 5265/3/6 5266/3/6 5282/3/6
f 5281/6/6 5265/6/6 5282/6/6
f 5282/3/6 5266/3/6 5283/3/6
f 5271/3/6 5272/3/6 5286/3/6
f 5272/4/6 5273/4/6 5287/4/6
f 5286/3/6 5272/3/6 5287/3/6
f 5287/4/6 5273/4/6 5288/4/6
f 5274/4/6 5275/4/6 5289/4/6
f 5275/3/6 5276/3/6 5290/3/6
f 5289/4/6 5275/4/6 5290/4/6
f 5276/6/6 5277/6/6 5291/6/6
f 5290/3/6 5276/3/6 5291/3/6
f 5291/6/6 5277/6/6 5292/6/6
f 5277/4/6 5278/4/6 5293/4/6
f 5292/6/6 5277/6/6 5293/6/6
f 5293/4/6 5278/4/6 5294/4/6
f 5294/4/6 5278/4/6 5295/4/6
f 5279/3/6 5280/3/6 5296/3/6
f 5280/6/6 5281/6/6 5297/6/6
f 5296/3/6 5280/3/6 5297/3/6
f 5281/3/6 5282/3/6 5298/3/6
f 5297/6/6 5281/6/6 5298/6/6
f 5298/3/6 5282/3/6 5299/3/6
f 5267/3/6 5268/3/6 5301/3/6
f 5284/4/6 5285/4/6 5305/4/6
f 5305/4/6 5285/4/6 5306/4/6
f 5299/5/6 5300/5/6 5312/5/6
f 5298/5/6 5299/5/6 5312/5/6
f 5309/5/6 5310/5/6 5313/5/6
f 5313/5/6 5310/5/6 5314/5/6
f 5311/5/6 5312/5/6 5318/5/6
f 5301/3/6 5302/3/6 5320/3/6
f 5267/3/6 5301/3/6 5320/3/6
f 5320/3/6 5302/3/6 5321/3/6
f 5321/3/6 5302/3/6 5322/3/6
f 5303/6/6 5304/6/6 5323/6/6
f 5323/6/6 5304/6/6 5324/6/6
f 5307/4/6 5308/4/6 5325/4/6
f 5325/4/6 5308/4/6 5326/4/6
f 5315/5/6 5316/5/6 5329/5/6
f 5329/5/6 5316/5/6 5330/5/6
f 5320/3/6 5321/3/6 5332/3/6
f 5319/3/6 5320/3/6 5332/3/6
f 5332/3/6 5321/3/6 5333/3/6
f 5333/3/6 5321/3/6 5334/3/6
f 5303/6/6 5323/6/6 5335/6/6
f 5335/6/6 5323/6/6 5336/6/6
f 5327/5/6 5328/5/6 5340/5/6
f 5340/5/6 5328/5/6 5341/5/6
f 5317/5/6 5318/5/6 5346/5/6
f 5318/5/6 5312/5/6 5347/5/6
f 5346/5/6 5318/5/6 5347/5/6
f 5312/5/6 5300/5/6 5347/5/6
f 5332/3/6 5333/3/6 5348/3/6
f 5331/3/6 5332/3/6 5348/3/6
f 5348/3/6 5333/3/6 5349/3/6
f 5349/3/6 5333/3/6 5350/3/6
f 5337/5/6 5338/5/6 5351/5/6
f 5339/5/6 5340/5/6 5352/5/6
f 5352/5/6 5340/5/6 5353/5/6
f 5341/5/6 5342/5/6 5354/5/6
f 5354/5/6 5342/5/6 5355/5/6
f 5348/3/6 5349/3/6 5357/3/6
f 5347/3/6 5348/3/6 5357/3/6
f 5357/3/6 5349/3/6 5358/3/6
f 5337/5/6 5351/5/6 5359/5/6
f 5351/5/6 5352/5/6 5359/5/6
f 5359/5/6 5352/5/6 5360/5/6
f 5353/5/6 5354/5/6 5361/5/6
f 5361/5/6 5354/5/6 5362/5/6
f 5344/5/6 5345/5/6 5363/5/6
f 5343/5/6 5344/5/6 5363/5/6
f 5363/5/6 5345/5/6 5364/5/6
f 5356/5/6 5357/5/6 5365/5/6
f 5365/5/6 5357/5/6 5366/5/6
f 5367/6/6 5368/6/6 5369/6/6
f 5369/6/6 5368/6/6 5370/6/6
f 5371/6/6 5372/6/6 5374/6/6
f 5373/6/6 5374/6/6 5376/6/6
f 5375/6/6 5376/6/6 5378/6/6
f 5374/6/6 5372/6/6 5379/6/6
f 5377/6/6 5378/6/6 5379/6/6
f 5378/6/6 5376/6/6 5379/6/6
f 5376/6/6 5374/6/6 5379/6/6
f 5377/6/6 5379/6/6 5384/6/6
f 5379/6/6 5380/6/6 5384/6/6
f 5384/6/6 5380/6/6 5385/6/6
f 5385/6/6 5380/6/6 5386/6/6
f 5381/3/6 5382/3/6 5387/3/6
f 5387/3/6 5382/3/6 5388/3/6
f 5383/6/6 5384/6/6 5389/6/6
f 5384/6/6 5385/6/6 5389/6/6
f 5389/6/6 5385/6/6 5390/6/6
f 5383/6/6 5389/6/6 5394/6/6
f 5394/6/6 5389/6/6 5395/6/6
f 5395/6/6 5389/6/6 5396/6/6
f 5393/6/6 5394/6/6 5397/6/6
f 5394/6/6 5395/6/6 5397/6/6
f 5397/6/6 5395/6/6 5398/6/6
f 5391/3/6 5392/3/6 5399/3/6
f 5399/3/6 5392/3/6 5400/3/6
f 5393/6/6 5397/6/6 5401/6/6
f 5401/6/6 5397/6/6 5402/6/6
f 5402/6/6 5397/6/6 5403/6/6
f 5403/6/6 5397/6/6 5404/6/6
f 5393/6/6 5401/6/6 5405/6/6
f 5405/6/6 5401/6/6 5406/6/6
f 5406/6/6 5401/6/6 5407/6/6
f 5402/6/6 5403/6/6 5408/6/6
f 5408/6/6 5403/6/6 5409/6/6
f 5406/6/6 5407/6/6 5411/6/6
f 5409/6/6 5410/6/6 5411/6/6
f 5408/6/6 5409/6/6 5411/6/6
f 5407/6/6 5408/6/6 5411/6/6
f 5411/6/6 5410/6/6 5412/6/6
f 5406/6/6 5411/6/6 5416/6/6
f 5416/6/6 5411/6/6 5417/6/6
f 5412/6/6 5410/6/6 5419/6/6
f 5413/3/6 5414/3/6 5420/3/6
f 5420/3/6 5414/3/6 5421/3/6
f 5393/6/6 5405/6/6 5422/6/6
f 5415/6/6 5416/6/6 5423/6/6
f 5423/6/6 5416/6/6 5424/6/6
f 5418/6/6 5419/6/6 5426/6/6
f 5419/6/6 5410/6/6 5427/6/6
f 5426/6/6 5419/6/6 5427/6/6
f 5427/6/6 5410/6/6 5428/6/6
f 5424/6/6 5425/6/6 5430/6/6
f 5425/3/6 5426/3/6 5430/3/6
f 5422/6/6 5423/6/6 5430/6/6
f 5423/6/6 5424/6/6 5430/6/6
f 5426/6/6 5427/6/6 5431/6/6
f 5430/3/6 5426/3/6 5431/3/6
f 5428/3/6 5429/3/6 5432/3/6
f 5431/6/6 5427/6/6 5432/6/6
f 5427/3/6 5428/3/6 5432/3/6
f 5432/3/6 5429/3/6 5433/3/6
f 5393/6/6 5422/6/6 5434/6/6
f 5422/6/6 5430/6/6 5434/6/6
f 5434/6/6 5430/6/6 5435/6/6
f 5430/4/6 5431/4/6 5436/4/6
f 5435/6/6 5430/6/6 5436/6/6
f 5431/6/6 5432/6/6 5437/6/6
f 5436/4/6 5431/4/6 5437/4/6
f 5437/6/6 5432/6/6 5438/6/6
f 5435/6/6 5436/6/6 5440/6/6
f 5440/6/6 5436/6/6 5441/6/6
f 5441/6/6 5436/6/6 5442/6/6
f 5443/3/6 5444/3/6 5445/3/6
f 5445/3/6 5444/3/6 5446/3/6
f 5440/6/6 5441/6/6 5447/6/6
f 5439/6/6 5440/6/6 5447/6/6
f 5447/6/6 5441/6/6 5448/6/6
f 5439/6/6 5447/6/6 5449/6/6
f 5439/6/6 5449/6/6 5451/6/6
f 5449/6/6 5450/6/6 5451/6/6
f 5451/6/6 5450/6/6 5452/6/6
f 5452/6/6 5450/6/6 5453/6/6
f 5453/6/6 5450/6/6 5454/6/6
f 5452/6/6 5453/6/6 5456/6/6
f 5456/6/6 5453/6/6 5457/6/6
f 5456/6/6 5457/6/6 5463/6/6
f 5455/6/6 5456/6/6 5463/6/6
f 5457/6/6 5458/6/6 5463/6/6
f 5459/6/6 5460/6/6 5467/6/6
f 5467/6/6 5460/6/6 5468/6/6
f 5461/3/6 5462/3/6 5471/3/6
f 5471/3/6 5462/3/6 5472/3/6
f 5455/6/6 5463/6/6 5474/6/6
f 5463/6/6 5464/6/6 5474/6/6
f 5474/6/6 5464/6/6 5475/6/6
f 5465/3/6 5466/3/6 5476/3/6
f 5476/3/6 5466/3/6 5477/3/6
f 5467/6/6 5468/6/6 5478/6/6
f 5478/6/6 5468/6/6 5479/6/6
f 5479/6/6 5468/6/6 5480/6/6
f 5468/3/6 5469/3/6 5481/3/6
f 5480/6/6 5468/6/6 5481/6/6
f 5481/3/6 5469/3/6 5482/3/6
f 5482/3/6 5469/3/6 5483/3/6
f 5469/4/6 5470/4/6 5484/4/6
f 5483/3/6 5469/3/6 5484/3/6
f 5484/4/6 5470/4/6 5485/4/6
f 5470/6/6 5471/6/6 5486/6/6
f 5485/4/6 5470/4/6 5486/4/6
f 5486/6/6 5471/6/6 5487/6/6
f 5472/3/6 5473/3/6 5488/3/6
f 5488/3/6 5473/3/6 5489/3/6
f 5455/6/6 5474/6/6 5490/6/6
f 5490/6/6 5474/6/6 5491/6/6
f 5477/3/6 5478/3/6 5492/3/6
f 5478/3/6 5479/3/6 5492/3/6
f 5479/6/6 5480/6/6 5493/6/6
f 5492/3/6 5479/3/6 5493/3/6
f 5480/3/6 5481/3/6 5494/3/6
f 5493/6/6 5480/6/6 5494/6/6
f 5481/4/6 5482/4/6 5495/4/6
f 5494/3/6 5481/3/6 5495/3/6
f 5495/4/6 5482/4/6 5496/4/6
f 5483/4/6 5484/4/6 5497/4/6
f 5497/4/6 5484/4/6 5498/4/6
f 5486/6/6 5487/6/6 5499/6/6
f 5485/6/6 5486/6/6 5499/6/6
f 5499/6/6 5487/6/6 5500/6/6
f 5487/4/6 5488/4/6 5501/4/6
f 5500/6/6 5487/6/6 5501/6/6
f 5501/4/6 5488/4/6 5502/4/6
f 5491/6/6 5474/6/6 5504/6/6
f 5475/6/6 5464/6/6 5506/6/6
f 5506/6/6 5464/6/6 5507/6/6
f 5507/6/6 5464/6/6 5508/6/6
f 5477/3/6 5492/3/6 5510/3/6
f 5492/6/6 5493/6/6 5511/6/6
f 5510/3/6 5492/3/6 5511/3/6
f 5511/6/6 5493/6/6 5512/6/6
f 5493/3/6 5494/3/6 5513/3/6
f 5512/6/6 5493/6/6 5513/6/6
f 5494/3/6 5495/3/6 5513/3/6
f 5513/3/6 5495/3/6 5514/3/6
f 5514/3/6 5495/3/6 5515/3/6
f 5515/3/6 5495/3/6 5516/3/6
f 5497/4/6 5498/4/6 5517/4/6
f 5496/4/6 5497/4/6 5517/4/6
f 5517/4/6 5498/4/6 5518/4/6
f 5518/4/6 5498/4/6 5519/4/6
f 5499/6/6 5500/6/6 5520/6/6
f 5500/4/6 5501/4/6 5521/4/6
f 5520/6/6 5500/6/6 5521/6/6
f 5521/4/6 5501/4/6 5522/4/6
f 5503/6/6 5504/6/6 5523/6/6
f 5504/6/6 5474/6/6 5523/6/6
f 5505/6/6 5506/6/6 5524/6/6
f 5506/6/6 5507/6/6 5524/6/6
f 5524/6/6 5507/6/6 5525/6/6
f 5525/6/6 5507/6/6 5526/6/6
f 5509/3/6 5510/3/6 5527/3/6
f 5511/6/6 5512/6/6 5528/6/6
f 5527/3/6 5510/3/6 5528/3/6
f 5510/6/6 5511/6/6 5528/6/6
f 5512/3/6 5513/3/6 5529/3/6
f 5528/6/6 5512/6/6 5529/6/6
f 5513/3/6 5514/3/6 5529/3/6
f 5529/3/6 5514/3/6 5530/3/6
f 5515/4/6 5516/4/6 5531/4/6
f 5516/4/6 5517/4/6 5531/4/6
f 5531/4/6 5517/4/6 5532/4/6
f 5532/4/6 5517/4/6 5533/4/6
f 5518/6/6 5519/6/6 5534/6/6
f 5520/6/6 5521/6/6 5534/6/6
f 5519/6/6 5520/6/6 5534/6/6
f 5534/6/6 5521/6/6 5535/6/6
f 5523/6/6 5524/6/6 5538/6/6
f 5524/6/6 5525/6/6 5538/6/6
f 5538/6/6 5525/6/6 5539/6/6
f 5528/3/6 5529/3/6 5540/3/6
f 5540/3/6 5529/3/6 5541/3/6
f 5530/4/6 5531/4/6 5542/4/6
f 5542/4/6 5531/4/6 5543/4/6
f 5532/4/6 5533/4/6 5544/4/6
f 5535/4/6 5536/4/6 5545/4/6
f 5536/3/6 5537/3/6 5545/3/6
f 5545/3/6 5537/3/6 5546/3/6
f 5503/6/6 5523/6/6 5547/6/6
f 5523/6/6 5538/6/6 5547/6/6
f 5547/6/6 5538/6/6 5548/6/6
f 5541/4/6 5542/4/6 5549/4/6
f 5549/4/6 5542/4/6 5550/4/6
f 5543/4/6 5544/4/6 5551/4/6
f 5544/4/6 5533/4/6 5552/4/6
f 5551/4/6 5544/4/6 5552/4/6
f 5535/4/6 5545/4/6 5553/4/6
f 5553/4/6 5545/4/6 5554/4/6
f 5503/6/6 5547/6/6 5555/6/6
f 5555/6/6 5547/6/6 5556/6/6
f 5503/6/6 5555/6/6 5557/6/6
f 5557/6/6 5555/6/6 5558/6/6
f 5503/6/6 5557/6/6 5559/6/6
f 5559/6/6 5557/6/6 5560/6/6
f 5503/6/6 5559/6/6 5561/6/6
f 5561/6/6 5559/6/6 5562/6/6
f 5563/4/6 5564/4/6 5565/4/6
f 5565/4/6 5564/4/6 5566/4/6
f 5567/3/6 5568/3/6 5572/3/6
f 5572/3/6 5568/3/6 5573/3/6
f 5569/3/6 5570/3/6 5576/3/6
f 5576/3/6 5570/3/6 5577/3/6
f 5574/3/6 5575/3/6 5582/3/6
f 5582/3/6 5575/3/6 5583/3/6
f 5578/4/6 5579/4/6 5584/4/6
f 5584/4/6 5579/4/6 5585/4/6
f 5571/3/6 5572/3/6 5586/3/6
f 5586/3/6 5572/3/6 5587/3/6
f 5580/3/6 5581/3/6 5588/3/6
f 5588/3/6 5581/3/6 5589/3/6
f 5589/3/6 5590/3/6 5593/3/6
f 5593/3/6 5590/3/6 5594/3/6
f 5591/3/6 5592/3/6 5595/3/6
f 5595/3/6 5592/3/6 5596/3/6
f 5597/10/6 5598/10/6 5604/10/6
f 5598/10/6 5599/10/6 5604/10/6
f 5599/10/6 5600/10/6 5604/10/6
f 5604/10/6 5600/10/6 5605/10/6
f 5605/10/6 5600/10/6 5606/10/6
f 5606/10/6 5600/10/6 5607/10/6
f 5601/2/6 5602/2/6 5608/2/6
f 5607/10/6 5600/10/6 5608/10/6
f 5600/2/6 5601/2/6 5608/2/6
f 5602/10/6 5603/10/6 5609/10/6
f 5608/2/6 5602/2/6 5609/2/6
f 5609/10/6 5603/10/6 5610/10/6
f 5597/10/6 5604/10/6 5611/10/6
f 5604/1/6 5605/1/6 5612/1/6
f 5611/10/6 5604/10/6 5612/10/6
f 5605/10/6 5606/10/6 5613/10/6
f 5612/1/6 5605/1/6 5613/1/6
f 5613/10/6 5606/10/6 5614/10/6
f 5614/10/6 5606/10/6 5615/10/6
f 5606/1/6 5607/1/6 5616/1/6
f 5615/10/6 5606/10/6 5616/10/6
f 5607/2/6 5608/2/6 5617/2/6
f 5616/1/6 5607/1/6 5617/1/6
f 5608/10/6 5609/10/6 5618/10/6
f 5617/2/6 5608/2/6 5618/2/6
f 5609/2/6 5610/2/6 5619/2/6
f 5618/10/6 5609/10/6 5619/10/6
f 5610/10/6 5603/10/6 5620/10/6
f 5619/2/6 5610/2/6 5620/2/6
f 5620/10/6 5603/10/6 5621/10/6
f 5614/3/6 5615/3/6 5622/3/6
f 5622/3/6 5615/3/6 5623/3/6
f 5597/10/6 5611/10/6 5624/10/6
f 5597/10/6 5624/10/6 5626/10/6
f 5624/4/6 5625/4/6 5626/4/6
f 5626/4/6 5625/4/6 5627/4/6
f 5597/10/6 5626/10/6 5628/10/6
f 5621/10/6 5603/10/6 5631/10/6
f 5629/2/6 5630/2/6 5632/2/6
f 5628/10/6 5629/10/6 5632/10/6
f 5630/10/6 5631/10/6 5633/10/6
f 5632/2/6 5630/2/6 5633/2/6
f 5628/10/6 5632/10/6 5634/10/6
f 5597/10/6 5628/10/6 5634/10/6
f 5632/10/6 5633/10/6 5634/10/6
f 5633/10/6 5631/10/6 5635/10/6
f 5634/10/6 5633/10/6 5635/10/6
f 5631/10/6 5603/10/6 5635/10/6
f 5636/10/6 5637/10/6 5638/10/6
f 5638/10/6 5637/10/6 5639/10/6
f 5639/10/6 5637/10/6 5640/10/6
f 5640/10/6 5637/10/6 5641/10/6
f 5636/10/6 5638/10/6 5642/10/6
f 5638/1/6 5639/1/6 5643/1/6
f 5642/10/6 5638/10/6 5643/10/6
f 5639/10/6 5640/10/6 5644/10/6
f 5643/1/6 5639/1/6 5644/1/6
f 5640/1/6 5641/1/6 5645/1/6
f 5644/10/6 5640/10/6 5645/10/6
f 5641/10/6 5637/10/6 5646/10/6
f 5645/1/6 5641/1/6 5646/1/6
f 5646/10/6 5637/10/6 5647/10/6
f 5636/10/6 5642/10/6 5648/10/6
f 5647/10/6 5637/10/6 5649/10/6
f 5649/10/6 5637/10/6 5650/10/6
f 5648/10/6 5649/10/6 5651/10/6
f 5649/1/6 5650/1/6 5652/1/6
f 5651/10/6 5649/10/6 5652/10/6
f 5650/10/6 5637/10/6 5653/10/6
f 5652/1/6 5650/1/6 5653/1/6
f 5636/10/6 5648/10/6 5654/10/6
f 5648/10/6 5651/10/6 5654/10/6
f 5651/1/6 5652/1/6 5655/1/6
f 5654/10/6 5651/10/6 5655/10/6
f 5652/10/6 5653/10/6 5656/10/6
f 5655/1/6 5652/1/6 5656/1/6
f 5653/10/6 5637/10/6 5657/10/6
f 5656/10/6 5653/10/6 5657/10/6
f 5658/9/6 5659/9/6 5660/9/6
f 5660/9/6 5659/9/6 5661/9/6
f 5658/9/6 5660/9/6 5662/9/6
f 5661/9/6 5659/9/6 5663/9/6
f 5658/9/6 5662/9/6 5664/9/6
f 5662/9/6 5663/9/6 5664/9/6
f 5663/9/6 5659/9/6 5665/9/6
f 5664/9/6 5663/9/6 5665/9/6
f 5668/9/6 5669/9/6 5671/9/6
f 5669/1/6 5670/1/6 5671/1/6
f 5671/1/6 5670/1/6 5672/1/6
f 5666/9/6 5667/9/6 5673/9/6
f 5673/9/6 5667/9/6 5674/9/6
f 5668/9/6 5671/9/6 5675/9/6
f 5671/9/6 5672/9/6 5675/9/6
f 5672/1/6 5670/1/6 5676/1/6
f 5675/9/6 5672/9/6 5676/9/6
f 5676/1/6 5670/1/6 5677/1/6
f 5678/9/6 5679/9/6 5680/9/6
f 5680/9/6 5679/9/6 5681/9/6
f 5678/9/6 5680/9/6 5682/9/6
f 5681/9/6 5679/9/6 5683/9/6
f 5678/9/6 5682/9/6 5684/9/6
f 5682/9/6 5683/9/6 5684/9/6
f 5683/9/6 5679/9/6 5685/9/6
f 5684/9/6 5683/9/6 5685/9/6
f 5686/9/6 5687/9/6 5690/9/6
f 5690/9/6 5687/9/6 5691/9/6
f 5688/10/6 5689/10/6 5692/10/6
f 5692/10/6 5689/10/6 5693/10/6
f 5694/9/6 5695/9/6 5697/9/6
f 5697/9/6 5695/9/6 5698/9/6
f 5696/9/6 5697/9/6 5700/9/6
f 5698/9/6 5699/9/6 5700/9/6
f 5697/9/6 5698/9/6 5700/9/6
f 5700/9/6 5699/9/6 5701/9/6
f 5701/9/6 5699/9/6 5702/9/6
f 5702/9/6 5699/9/6 5703/9/6
f 5701/9/6 5702/9/6 5704/9/6
f 5702/10/6 5703/10/6 5704/10/6
f 5704/10/6 5703/10/6 5705/10/6
f 5701/9/6 5704/9/6 5706/9/6
f 5704/9/6 5705/9/6 5706/9/6
f 5706/9/6 5705/9/6 5707/9/6
f 5701/9/6 5706/9/6 5708/9/6
f 5706/10/6 5707/10/6 5709/10/6
f 5708/9/6 5706/9/6 5709/9/6
f 5709/10/6 5707/10/6 5710/10/6
f 5701/9/6 5708/9/6 5711/9/6
f 5708/1/6 5709/1/6 5712/1/6
f 5711/9/6 5708/9/6 5712/9/6
f 5709/9/6 5710/9/6 5713/9/6
f 5712/1/6 5709/1/6 5713/1/6
f 5701/9/6 5711/9/6 5714/9/6
f 5711/1/6 5712/1/6 5715/1/6
f 5714/9/6 5711/9/6 5715/9/6
f 5712/9/6 5713/9/6 5716/9/6
f 5715/1/6 5712/1/6 5716/1/6
f 5701/9/6 5714/9/6 5717/9/6
f 5714/1/6 5715/1/6 5718/1/6
f 5717/9/6 5714/9/6 5718/9/6
f 5715/9/6 5716/9/6 5719/9/6
f 5718/1/6 5715/1/6 5719/1/6
f 5701/9/6 5717/9/6 5720/9/6
f 5717/1/6 5718/1/6 5721/1/6
f 5720/9/6 5717/9/6 5721/9/6
f 5718/9/6 5719/9/6 5722/9/6
f 5721/1/6 5718/1/6 5722/1/6
f 5701/9/6 5720/9/6 5723/9/6
f 5720/1/6 5721/1/6 5723/1/6
f 5721/9/6 5722/9/6 5724/9/6
f 5723/1/6 5721/1/6 5724/1/6
f 5696/9/6 5700/9/6 5725/9/6
f 5701/9/6 5723/9/6 5726/9/6
f 5723/9/6 5724/9/6 5726/9/6
f 5696/9/6 5725/9/6 5727/9/6
f 5725/9/6 5726/9/6 5727/9/6
f 5727/9/6 5726/9/6 5728/9/6
f 5726/9/6 5724/9/6 5729/9/6
f 5728/9/6 5726/9/6 5729/9/6
f 5724/9/6 5722/9/6 5730/9/6
f 5729/9/6 5724/9/6 5730/9/6
f 5713/9/6 5710/9/6 5730/9/6
f 5716/9/6 5713/9/6 5730/9/6
f 5719/9/6 5716/9/6 5730/9/6
f 5722/9/6 5719/9/6 5730/9/6
f 5728/9/6 5729/9/6 5731/9/6
f 5731/9/6 5729/9/6 5732/9/6
